#INTERVAL_START,INTERVAL_END,ANIMAL,BICYCLE,BUS,CAR,CAR_TRAILER,CARAVAN,E_CART,HEAD,HEAVY,LIGHT,MOTORCYCLE,OBSTACLE,PEDESTRIAN,PRAM,SCOOTER,SKATE,TRACTOR,TRAM,TRUCK_TRAILER,TUK_TUK,UNKNOWN,VAN,WHEELCHAIR
2026-04-25T01:00:00+02:00,2026-04-25T01:05:00+02:00,0,0,0,13,0,0,0,0,3,0,0,0,35,0,0,0,0,0,0,0,0,1,0
2026-04-25T01:05:00+02:00,2026-04-25T01:10:00+02:00,0,0,0,21,0,0,0,0,1,1,0,0,31,0,0,0,0,0,0,0,0,0,0
2026-04-25T01:10:00+02:00,2026-04-25T01:15:00+02:00,0,0,0,18,0,0,0,0,0,0,0,0,34,0,0,0,0,0,0,0,0,1,0
2026-04-25T01:15:00+02:00,2026-04-25T01:20:00+02:00,0,0,0,15,0,0,0,0,0,1,0,0,41,0,0,0,0,0,0,0,0,0,0
2026-04-25T01:20:00+02:00,2026-04-25T01:25:00+02:00,0,0,0,12,0,0,0,0,1,2,0,0,47,0,0,0,0,0,0,0,0,0,0
2026-04-25T01:25:00+02:00,2026-04-25T01:30:00+02:00,0,0,0,14,0,0,0,0,1,0,0,0,59,0,0,0,0,0,0,0,0,1,0
2026-04-25T01:30:00+02:00,2026-04-25T01:35:00+02:00,0,3,0,5,0,0,0,0,3,0,0,0,45,3,1,0,0,0,0,0,0,0,0
2026-04-25T01:35:00+02:00,2026-04-25T01:40:00+02:00,0,0,0,10,0,0,0,0,1,5,0,0,49,0,0,0,0,0,0,0,0,0,0
2026-04-25T01:40:00+02:00,2026-04-25T01:45:00+02:00,0,2,0,8,0,0,0,0,4,0,0,0,35,1,0,0,0,0,0,0,0,0,0
2026-04-25T01:45:00+02:00,2026-04-25T01:50:00+02:00,0,1,0,14,0,0,0,0,1,0,0,0,41,0,0,0,0,0,0,0,0,0,0
2026-04-25T01:50:00+02:00,2026-04-25T01:55:00+02:00,0,0,0,20,0,0,0,0,2,1,0,0,42,0,0,0,0,0,0,0,0,0,0
2026-04-25T01:55:00+02:00,2026-04-25T02:00:00+02:00,0,0,0,17,0,0,0,0,1,1,0,0,41,0,0,0,0,0,0,0,0,2,0
2026-04-25T02:00:00+02:00,2026-04-25T02:05:00+02:00,0,0,0,23,0,0,0,0,0,0,0,0,43,0,0,0,0,0,0,0,0,2,0
2026-04-25T02:05:00+02:00,2026-04-25T02:10:00+02:00,0,1,0,21,0,0,0,0,2,0,0,0,33,0,0,0,0,0,0,0,0,1,0
2026-04-25T02:10:00+02:00,2026-04-25T02:15:00+02:00,0,0,0,8,0,0,0,0,2,2,0,0,37,0,0,0,0,0,0,0,0,0,0
2026-04-25T02:15:00+02:00,2026-04-25T02:20:00+02:00,0,0,0,10,0,0,0,0,3,0,0,0,35,0,0,0,0,0,0,0,0,0,0
2026-04-25T02:20:00+02:00,2026-04-25T02:25:00+02:00,0,0,0,12,0,0,0,0,0,1,0,0,50,0,0,0,0,0,0,0,0,0,0
2026-04-25T02:25:00+02:00,2026-04-25T02:30:00+02:00,0,0,0,12,0,0,0,0,1,0,0,0,70,0,0,0,0,0,0,0,0,1,0
2026-04-25T02:30:00+02:00,2026-04-25T02:35:00+02:00,0,0,0,9,0,0,0,0,1,2,0,0,30,0,0,0,0,0,0,0,0,2,0
2026-04-25T02:35:00+02:00,2026-04-25T02:40:00+02:00,0,0,0,14,0,0,0,0,2,0,0,0,29,0,0,0,0,0,0,0,0,1,0
2026-04-25T02:40:00+02:00,2026-04-25T02:45:00+02:00,0,0,0,3,0,0,0,0,1,1,0,0,35,0,0,0,0,0,0,0,0,1,0
2026-04-25T02:45:00+02:00,2026-04-25T02:50:00+02:00,0,0,0,9,0,0,0,0,2,0,0,0,34,0,0,0,0,0,0,0,0,1,0
2026-04-25T02:50:00+02:00,2026-04-25T02:55:00+02:00,0,0,0,17,0,0,0,0,0,3,0,0,29,0,0,0,0,0,0,0,0,0,0
2026-04-25T02:55:00+02:00,2026-04-25T03:00:00+02:00,0,3,0,10,0,0,0,0,0,0,0,0,33,0,0,0,0,0,0,0,0,2,0
2026-04-25T03:00:00+02:00,2026-04-25T03:05:00+02:00,1,0,0,20,0,0,0,0,2,2,0,0,40,0,0,0,0,0,0,0,0,3,0
2026-04-25T03:05:00+02:00,2026-04-25T03:10:00+02:00,0,0,0,17,0,0,0,0,0,0,0,0,38,0,0,0,0,0,0,0,0,0,0
2026-04-25T03:10:00+02:00,2026-04-25T03:15:00+02:00,0,0,0,10,0,0,0,0,3,0,0,0,38,0,0,0,0,0,0,0,0,0,0
2026-04-25T03:15:00+02:00,2026-04-25T03:20:00+02:00,0,0,0,20,0,0,0,0,1,0,0,0,47,0,0,0,0,0,0,0,0,0,0
2026-04-25T03:20:00+02:00,2026-04-25T03:25:00+02:00,0,1,0,10,0,0,0,0,2,0,0,0,44,0,0,0,0,0,0,0,0,2,0
2026-04-25T03:25:00+02:00,2026-04-25T03:30:00+02:00,1,7,0,10,0,0,0,0,1,1,1,0,45,0,0,0,0,0,0,0,0,0,0
2026-04-25T03:30:00+02:00,2026-04-25T03:35:00+02:00,0,0,0,14,0,0,0,0,2,2,0,0,40,1,0,0,0,0,0,0,0,0,0
2026-04-25T03:35:00+02:00,2026-04-25T03:40:00+02:00,0,0,0,6,0,0,0,0,0,2,0,0,29,0,0,0,0,0,0,0,0,1,0
2026-04-25T03:40:00+02:00,2026-04-25T03:45:00+02:00,0,0,2,5,0,0,0,0,1,1,0,0,37,0,0,0,0,0,0,0,0,1,0
2026-04-25T03:45:00+02:00,2026-04-25T03:50:00+02:00,0,2,1,5,0,0,0,0,1,1,0,0,46,0,0,0,0,0,0,0,0,0,0
2026-04-25T03:50:00+02:00,2026-04-25T03:55:00+02:00,0,0,0,7,0,0,0,0,2,0,0,0,33,0,0,0,0,0,0,0,0,1,0
2026-04-25T03:55:00+02:00,2026-04-25T04:00:00+02:00,0,0,0,18,1,0,0,0,4,3,0,0,36,0,0,0,0,0,1,0,0,3,0
2026-04-25T04:00:00+02:00,2026-04-25T04:05:00+02:00,0,0,1,16,0,0,0,0,0,1,0,0,35,0,0,0,0,0,0,0,0,0,0
2026-04-25T04:05:00+02:00,2026-04-25T04:10:00+02:00,0,1,1,20,0,0,0,0,1,3,0,0,37,0,0,0,0,0,1,0,0,0,0
2026-04-25T04:10:00+02:00,2026-04-25T04:15:00+02:00,0,0,1,10,0,0,0,0,0,2,2,0,39,0,0,0,0,0,1,0,0,0,0
2026-04-25T04:15:00+02:00,2026-04-25T04:20:00+02:00,0,0,0,11,0,0,0,0,1,1,0,0,27,0,0,0,0,0,0,0,0,0,0
2026-04-25T04:20:00+02:00,2026-04-25T04:25:00+02:00,0,2,1,21,0,0,0,0,0,4,0,0,42,0,0,0,0,0,1,0,0,2,0
2026-04-25T04:25:00+02:00,2026-04-25T04:30:00+02:00,0,0,0,18,0,0,0,0,2,1,0,0,43,0,0,0,0,0,0,0,0,0,0
2026-04-25T04:30:00+02:00,2026-04-25T04:35:00+02:00,0,0,0,10,0,0,0,0,0,2,0,0,41,0,0,0,0,0,1,0,0,2,0
2026-04-25T04:35:00+02:00,2026-04-25T04:40:00+02:00,0,0,0,10,0,0,0,0,1,2,0,0,53,0,0,0,0,0,1,0,0,1,0
2026-04-25T04:40:00+02:00,2026-04-25T04:45:00+02:00,0,1,2,18,1,0,0,0,3,0,0,0,29,0,0,0,0,0,0,0,0,2,0
2026-04-25T04:45:00+02:00,2026-04-25T04:50:00+02:00,0,3,0,9,1,0,0,0,1,2,0,0,32,0,0,0,0,0,0,0,0,1,0
2026-04-25T04:50:00+02:00,2026-04-25T04:55:00+02:00,0,0,0,20,0,0,0,0,0,4,0,0,34,0,0,0,0,0,0,0,0,1,0
2026-04-25T04:55:00+02:00,2026-04-25T05:00:00+02:00,0,0,0,25,0,0,0,0,0,1,0,0,24,0,0,0,0,0,1,0,0,0,0
2026-04-25T05:00:00+02:00,2026-04-25T05:05:00+02:00,0,4,1,21,0,0,0,0,0,0,0,0,25,0,0,0,0,0,0,0,0,0,0
2026-04-25T05:05:00+02:00,2026-04-25T05:10:00+02:00,0,0,1,33,0,0,0,0,1,2,0,0,22,0,0,0,0,0,0,0,0,1,0
2026-04-25T05:10:00+02:00,2026-04-25T05:15:00+02:00,0,0,3,30,0,0,0,0,2,1,0,0,42,0,0,0,0,0,0,0,0,4,0
2026-04-25T05:15:00+02:00,2026-04-25T05:20:00+02:00,0,0,4,34,0,0,0,0,0,0,1,0,28,0,0,0,0,0,0,0,0,2,0
2026-04-25T05:20:00+02:00,2026-04-25T05:25:00+02:00,0,2,2,37,0,0,0,0,1,5,0,0,6,0,0,0,0,0,0,0,0,0,0
2026-04-25T05:25:00+02:00,2026-04-25T05:30:00+02:00,0,2,4,48,1,0,0,0,3,4,0,0,25,0,0,0,0,0,0,0,0,0,0
2026-04-25T05:30:00+02:00,2026-04-25T05:35:00+02:00,0,0,2,44,0,0,0,0,0,0,0,0,16,0,0,0,0,0,0,0,0,3,0
2026-04-25T05:35:00+02:00,2026-04-25T05:40:00+02:00,0,1,5,31,0,0,0,0,3,1,0,0,19,0,0,0,0,0,0,0,0,1,0
2026-04-25T05:40:00+02:00,2026-04-25T05:45:00+02:00,0,0,1,44,1,0,0,0,1,2,0,0,8,0,0,0,0,0,0,0,0,3,0
2026-04-25T05:45:00+02:00,2026-04-25T05:50:00+02:00,0,0,0,40,0,0,0,0,2,3,0,0,9,0,0,0,0,0,0,0,0,5,0
2026-04-25T05:50:00+02:00,2026-04-25T05:55:00+02:00,0,0,0,35,0,0,0,0,3,0,1,0,9,0,0,0,0,0,0,0,0,1,0
2026-04-25T05:55:00+02:00,2026-04-25T06:00:00+02:00,3,0,0,44,0,0,0,0,4,4,0,0,22,0,0,0,0,0,0,0,0,2,0
2026-04-25T06:00:00+02:00,2026-04-25T06:05:00+02:00,0,2,0,24,0,0,0,0,1,2,0,0,1,0,0,0,0,0,0,0,0,1,0
2026-04-25T06:05:00+02:00,2026-04-25T06:10:00+02:00,0,0,2,46,0,0,0,0,0,7,0,0,17,0,0,0,0,0,1,0,0,0,0
2026-04-25T06:10:00+02:00,2026-04-25T06:15:00+02:00,0,5,1,33,2,0,0,0,0,5,0,0,15,0,0,0,0,0,0,0,0,6,0
2026-04-25T06:15:00+02:00,2026-04-25T06:20:00+02:00,0,2,2,34,0,0,0,0,2,1,0,0,12,0,0,0,0,0,0,0,0,2,0
2026-04-25T06:20:00+02:00,2026-04-25T06:25:00+02:00,0,0,0,45,0,0,0,0,1,0,0,0,33,0,0,0,0,0,0,0,0,1,0
2026-04-25T06:25:00+02:00,2026-04-25T06:30:00+02:00,0,1,1,57,0,0,0,0,0,5,0,0,25,0,0,0,0,0,1,0,0,0,0
2026-04-25T06:30:00+02:00,2026-04-25T06:35:00+02:00,0,1,0,31,0,0,0,0,3,5,0,0,11,0,0,0,0,0,1,0,0,2,0
2026-04-25T06:35:00+02:00,2026-04-25T06:40:00+02:00,0,0,4,43,1,0,0,0,4,2,0,0,13,0,0,0,0,0,0,0,0,1,0
2026-04-25T06:40:00+02:00,2026-04-25T06:45:00+02:00,0,9,1,58,1,0,0,0,3,12,0,0,18,0,0,0,0,0,1,0,0,5,0
2026-04-25T06:45:00+02:00,2026-04-25T06:50:00+02:00,0,2,3,51,0,0,0,0,3,3,0,0,5,0,0,0,0,0,0,0,0,3,0
2026-04-25T06:50:00+02:00,2026-04-25T06:55:00+02:00,0,5,0,48,0,0,0,0,2,3,0,0,25,0,0,0,0,0,0,0,0,8,0
2026-04-25T06:55:00+02:00,2026-04-25T07:00:00+02:00,0,4,0,41,0,0,0,0,2,3,0,0,16,0,0,0,0,0,1,0,0,1,0
2026-04-25T07:00:00+02:00,2026-04-25T07:05:00+02:00,0,3,0,60,0,0,0,0,3,6,0,0,9,0,0,0,0,0,0,0,0,2,0
2026-04-25T07:05:00+02:00,2026-04-25T07:10:00+02:00,0,5,1,76,0,0,0,0,4,3,0,0,28,0,0,0,0,0,1,0,0,4,0
2026-04-25T07:10:00+02:00,2026-04-25T07:15:00+02:00,0,2,3,75,0,0,0,0,1,1,2,0,10,0,0,0,0,0,0,0,0,2,0
2026-04-25T07:15:00+02:00,2026-04-25T07:20:00+02:00,0,0,1,78,0,0,0,0,4,1,0,0,6,0,0,0,0,0,1,0,0,3,0
2026-04-25T07:20:00+02:00,2026-04-25T07:25:00+02:00,0,7,4,61,0,0,0,0,4,6,0,0,15,0,0,0,0,0,0,0,0,8,0
2026-04-25T07:25:00+02:00,2026-04-25T07:30:00+02:00,0,8,6,87,0,0,0,0,6,3,0,0,23,0,0,0,0,0,0,0,0,2,0
2026-04-25T07:30:00+02:00,2026-04-25T07:35:00+02:00,0,3,0,94,3,0,0,0,3,0,0,0,25,0,0,0,0,0,0,0,0,3,0
2026-04-25T07:35:00+02:00,2026-04-25T07:40:00+02:00,0,3,3,84,3,0,0,0,1,0,0,0,17,0,0,0,0,0,0,0,0,6,0
2026-04-25T07:40:00+02:00,2026-04-25T07:45:00+02:00,0,13,2,102,1,0,0,0,5,2,3,0,47,0,0,0,0,0,0,0,0,1,0
2026-04-25T07:45:00+02:00,2026-04-25T07:50:00+02:00,0,6,4,108,1,0,0,0,1,1,0,0,22,0,0,0,0,0,0,0,0,2,0
2026-04-25T07:50:00+02:00,2026-04-25T07:55:00+02:00,0,13,5,103,4,0,0,0,5,14,3,0,35,1,0,0,0,0,0,0,0,6,0
2026-04-25T07:55:00+02:00,2026-04-25T08:00:00+02:00,0,6,1,112,3,0,0,0,2,1,1,0,14,2,0,0,0,0,0,0,0,2,0
2026-04-25T08:00:00+02:00,2026-04-25T08:05:00+02:00,0,3,4,102,1,0,0,0,2,0,0,0,29,0,1,0,0,0,0,0,0,4,0
2026-04-25T08:05:00+02:00,2026-04-25T08:10:00+02:00,0,1,3,114,2,0,0,0,1,2,2,0,35,0,0,0,0,0,0,0,0,2,0
2026-04-25T08:10:00+02:00,2026-04-25T08:15:00+02:00,0,6,1,129,5,0,0,0,2,1,1,0,37,0,0,0,0,0,1,0,0,5,0
2026-04-25T08:15:00+02:00,2026-04-25T08:20:00+02:00,0,4,1,124,1,0,0,0,3,2,0,0,37,2,0,0,0,0,0,0,0,4,0
2026-04-25T08:20:00+02:00,2026-04-25T08:25:00+02:00,0,13,3,138,3,0,0,0,4,2,0,0,40,0,0,0,0,0,0,0,0,3,0
2026-04-25T08:25:00+02:00,2026-04-25T08:30:00+02:00,0,13,1,143,4,0,0,0,0,7,0,0,25,0,0,0,2,0,2,0,0,5,0
2026-04-25T08:30:00+02:00,2026-04-25T08:35:00+02:00,0,16,1,158,1,0,0,0,1,1,0,0,66,1,0,0,0,0,0,0,0,7,0
2026-04-25T08:35:00+02:00,2026-04-25T08:40:00+02:00,0,11,1,138,3,0,0,0,3,1,4,0,54,0,0,0,0,0,0,0,0,6,0
2026-04-25T08:40:00+02:00,2026-04-25T08:45:00+02:00,0,3,1,157,3,0,0,0,0,2,3,0,56,0,0,0,1,0,1,0,0,5,0
2026-04-25T08:45:00+02:00,2026-04-25T08:50:00+02:00,1,7,2,171,5,0,0,0,2,2,4,0,57,0,0,0,0,0,1,0,0,11,0
2026-04-25T08:50:00+02:00,2026-04-25T08:55:00+02:00,1,15,0,185,6,0,0,0,6,0,3,0,66,1,0,0,3,0,1,0,0,9,0
2026-04-25T08:55:00+02:00,2026-04-25T09:00:00+02:00,0,6,0,199,3,0,0,0,3,1,0,0,42,0,0,0,0,0,0,0,0,6,0
2026-04-25T09:00:00+02:00,2026-04-25T09:05:00+02:00,0,10,1,164,2,0,0,0,5,1,0,0,56,0,0,0,0,0,0,0,0,10,0
2026-04-25T09:05:00+02:00,2026-04-25T09:10:00+02:00,1,33,2,166,4,0,0,0,6,0,0,0,84,1,0,0,0,0,0,0,0,6,0
2026-04-25T09:10:00+02:00,2026-04-25T09:15:00+02:00,0,14,0,189,5,0,0,0,3,5,0,0,62,0,0,0,0,0,0,0,0,6,0
2026-04-25T09:15:00+02:00,2026-04-25T09:20:00+02:00,0,19,0,167,4,0,0,0,2,0,2,0,97,0,0,0,0,0,0,0,0,16,0
2026-04-25T09:20:00+02:00,2026-04-25T09:25:00+02:00,0,24,0,163,5,0,0,0,4,4,1,0,89,0,0,0,3,0,2,0,0,11,0
2026-04-25T09:25:00+02:00,2026-04-25T09:30:00+02:00,0,16,0,179,10,0,0,0,2,2,0,0,51,0,0,0,1,0,0,0,0,10,0
2026-04-25T09:30:00+02:00,2026-04-25T09:35:00+02:00,1,6,0,186,7,0,0,0,1,4,2,0,96,0,1,0,0,0,0,0,0,6,0
2026-04-25T09:35:00+02:00,2026-04-25T09:40:00+02:00,2,41,0,168,0,0,0,0,3,4,1,0,113,2,0,0,0,0,0,0,0,5,0
2026-04-25T09:40:00+02:00,2026-04-25T09:45:00+02:00,0,32,3,189,4,0,0,0,2,2,4,0,104,0,0,0,0,0,0,0,0,9,0
2026-04-25T09:45:00+02:00,2026-04-25T09:50:00+02:00,0,15,1,186,0,0,0,0,1,1,3,0,88,0,1,0,0,0,0,0,0,4,0
2026-04-25T09:50:00+02:00,2026-04-25T09:55:00+02:00,0,6,0,209,9,0,0,0,1,2,3,0,74,0,0,0,0,0,0,0,0,7,0
2026-04-25T09:55:00+02:00,2026-04-25T10:00:00+02:00,2,7,0,189,1,0,0,0,3,3,8,0,59,0,0,0,0,0,0,0,0,2,0
2026-04-25T10:00:00+02:00,2026-04-25T10:05:00+02:00,4,21,1,148,1,0,0,0,3,3,4,0,80,0,0,0,0,0,1,0,0,3,0
2026-04-25T10:05:00+02:00,2026-04-25T10:10:00+02:00,0,15,1,189,6,0,0,0,0,3,2,0,70,7,0,0,0,0,0,0,0,5,0
2026-04-25T10:10:00+02:00,2026-04-25T10:15:00+02:00,0,10,3,182,6,0,0,0,0,1,9,0,56,6,0,0,0,0,0,0,0,6,0
2026-04-25T10:15:00+02:00,2026-04-25T10:20:00+02:00,0,14,0,162,0,0,0,0,3,0,4,0,58,9,0,0,0,0,0,0,0,2,0
2026-04-25T10:20:00+02:00,2026-04-25T10:25:00+02:00,0,21,3,180,1,0,0,0,5,1,1,0,79,0,0,0,0,0,0,0,0,8,0
2026-04-25T10:25:00+02:00,2026-04-25T10:30:00+02:00,0,20,1,164,1,0,0,0,2,3,3,0,97,1,0,0,0,0,0,0,0,5,0
2026-04-25T10:30:00+02:00,2026-04-25T10:35:00+02:00,1,13,0,166,2,0,0,0,2,9,8,0,140,4,0,0,0,0,0,0,0,5,0
2026-04-25T10:35:00+02:00,2026-04-25T10:40:00+02:00,2,9,0,193,3,0,0,0,3,0,8,0,154,3,0,0,0,0,0,0,0,7,0
2026-04-25T10:40:00+02:00,2026-04-25T10:45:00+02:00,0,31,1,199,4,0,0,0,2,4,7,0,109,4,0,0,0,0,0,0,0,4,0
2026-04-25T10:45:00+02:00,2026-04-25T10:50:00+02:00,0,11,2,184,4,0,0,0,3,7,6,0,131,7,0,0,0,0,1,0,0,2,0
2026-04-25T10:50:00+02:00,2026-04-25T10:55:00+02:00,0,3,0,195,1,0,0,0,2,3,9,0,91,1,0,0,0,0,0,0,0,12,0
2026-04-25T10:55:00+02:00,2026-04-25T11:00:00+02:00,0,32,1,208,4,0,0,0,0,1,3,0,86,0,0,0,0,0,0,0,0,5,0
2026-04-25T11:00:00+02:00,2026-04-25T11:05:00+02:00,0,8,2,183,2,0,0,0,0,3,10,0,110,0,0,0,0,0,0,0,0,3,0
2026-04-25T11:05:00+02:00,2026-04-25T11:10:00+02:00,0,10,2,175,2,0,0,0,2,1,5,0,100,0,0,0,0,0,0,0,0,4,0
2026-04-25T11:10:00+02:00,2026-04-25T11:15:00+02:00,0,13,1,157,1,0,0,0,1,5,18,0,98,8,0,0,0,0,0,0,0,0,0
2026-04-25T11:15:00+02:00,2026-04-25T11:20:00+02:00,0,24,1,125,6,0,0,0,1,0,3,0,130,1,0,0,0,0,0,0,0,2,0
2026-04-25T11:20:00+02:00,2026-04-25T11:25:00+02:00,0,9,2,156,4,0,0,0,3,1,8,0,83,0,0,0,0,0,0,0,0,8,0
2026-04-25T11:25:00+02:00,2026-04-25T11:30:00+02:00,0,15,1,167,3,0,0,0,4,2,4,0,98,2,0,0,0,0,0,0,0,12,0
2026-04-25T11:30:00+02:00,2026-04-25T11:35:00+02:00,0,19,1,188,12,0,0,0,2,0,7,0,59,0,0,0,0,0,0,0,0,6,0
2026-04-25T11:35:00+02:00,2026-04-25T11:40:00+02:00,0,17,1,145,1,1,0,0,2,3,5,0,69,0,1,0,0,0,0,0,0,8,0
2026-04-25T11:40:00+02:00,2026-04-25T11:45:00+02:00,0,6,4,141,5,0,0,0,3,7,11,0,69,0,0,0,0,0,0,0,0,3,0
2026-04-25T11:45:00+02:00,2026-04-25T11:50:00+02:00,0,10,1,191,6,0,0,0,3,2,12,0,68,1,0,0,0,0,0,0,0,3,0
2026-04-25T11:50:00+02:00,2026-04-25T11:55:00+02:00,0,11,0,160,1,0,0,0,1,0,15,0,90,3,2,0,0,0,0,0,0,4,0
2026-04-25T11:55:00+02:00,2026-04-25T12:00:00+02:00,0,9,4,167,6,0,0,0,3,1,7,0,67,4,1,0,1,0,0,0,0,4,0
2026-04-25T12:00:00+02:00,2026-04-25T12:05:00+02:00,0,8,2,162,4,0,0,0,2,0,3,0,57,3,0,0,0,0,0,0,0,6,0
2026-04-25T12:05:00+02:00,2026-04-25T12:10:00+02:00,0,19,1,154,4,0,0,0,3,7,1,0,90,2,1,0,0,0,1,0,0,9,0
2026-04-25T12:10:00+02:00,2026-04-25T12:15:00+02:00,0,2,5,172,3,0,0,0,2,4,12,0,68,2,0,0,0,0,0,0,0,5,0
2026-04-25T12:15:00+02:00,2026-04-25T12:20:00+02:00,4,0,1,167,1,0,0,0,3,2,7,0,57,0,1,0,0,0,0,0,0,9,0
2026-04-25T12:20:00+02:00,2026-04-25T12:25:00+02:00,0,4,1,158,0,0,0,0,1,1,10,0,41,0,0,0,0,0,0,0,0,1,0
2026-04-25T12:25:00+02:00,2026-04-25T12:30:00+02:00,0,3,0,137,5,0,0,0,3,2,2,0,47,0,0,0,0,0,0,0,0,5,0
2026-04-25T12:30:00+02:00,2026-04-25T12:35:00+02:00,0,19,0,165,2,0,0,0,5,1,8,0,43,0,0,0,0,0,0,0,0,4,0
2026-04-25T12:35:00+02:00,2026-04-25T12:40:00+02:00,0,38,0,131,1,0,0,0,2,0,7,0,46,0,0,0,0,0,0,0,0,5,0
2026-04-25T12:40:00+02:00,2026-04-25T12:45:00+02:00,0,16,0,158,3,0,0,0,5,5,12,0,32,0,0,0,2,0,1,0,0,8,0
2026-04-25T12:45:00+02:00,2026-04-25T12:50:00+02:00,0,0,0,154,5,0,0,0,3,3,9,0,25,0,0,0,0,0,0,0,0,2,0
2026-04-25T12:50:00+02:00,2026-04-25T12:55:00+02:00,0,6,1,130,0,0,0,0,1,3,22,0,37,0,0,0,0,0,0,0,0,5,0
2026-04-25T12:55:00+02:00,2026-04-25T13:00:00+02:00,0,6,0,142,2,0,0,0,0,5,7,0,40,0,0,0,0,0,0,0,0,0,0
2026-04-25T13:00:00+02:00,2026-04-25T13:05:00+02:00,0,13,2,146,1,0,0,0,2,2,16,0,49,6,0,0,0,0,0,0,0,11,0
2026-04-25T13:05:00+02:00,2026-04-25T13:10:00+02:00,0,5,1,169,4,0,0,0,2,3,17,0,4,0,0,0,2,0,0,0,0,5,0
2026-04-25T13:10:00+02:00,2026-04-25T13:15:00+02:00,0,12,2,128,0,0,0,0,1,2,7,0,22,0,0,0,0,0,0,0,0,10,0
2026-04-25T13:15:00+02:00,2026-04-25T13:20:00+02:00,0,7,0,122,2,0,0,0,3,4,6,0,11,0,0,0,1,0,1,0,0,6,0
2026-04-25T13:20:00+02:00,2026-04-25T13:25:00+02:00,0,6,1,132,1,0,0,0,3,3,8,0,22,0,0,0,0,0,0,0,0,0,0
2026-04-25T13:25:00+02:00,2026-04-25T13:30:00+02:00,0,9,3,132,4,0,0,0,1,0,9,0,20,0,0,0,0,0,0,0,0,6,0
2026-04-25T13:30:00+02:00,2026-04-25T13:35:00+02:00,0,8,4,146,1,0,0,0,1,1,5,0,45,0,0,0,0,0,0,0,0,4,0
2026-04-25T13:35:00+02:00,2026-04-25T13:40:00+02:00,0,5,0,145,3,0,0,0,0,4,8,0,35,0,1,0,0,0,1,0,0,4,0
2026-04-25T13:40:00+02:00,2026-04-25T13:45:00+02:00,0,16,2,132,2,0,0,0,2,1,4,0,12,0,0,0,0,0,0,0,0,5,0
2026-04-25T13:45:00+02:00,2026-04-25T13:50:00+02:00,0,11,4,151,3,0,0,0,6,1,12,0,65,0,0,0,0,0,0,0,0,6,0
2026-04-25T13:50:00+02:00,2026-04-25T13:55:00+02:00,0,8,2,183,3,0,0,0,2,3,10,0,83,2,0,0,0,0,0,0,0,5,0
2026-04-25T13:55:00+02:00,2026-04-25T14:00:00+02:00,0,14,0,154,3,0,0,0,3,1,5,0,37,2,0,0,0,0,0,0,0,6,0
2026-04-25T14:00:00+02:00,2026-04-25T14:05:00+02:00,1,25,4,149,3,0,0,0,2,2,16,0,41,0,1,0,0,0,0,0,0,4,0
2026-04-25T14:05:00+02:00,2026-04-25T14:10:00+02:00,0,40,0,175,5,0,0,0,2,1,10,0,54,0,0,0,0,0,0,0,0,4,0
2026-04-25T14:10:00+02:00,2026-04-25T14:15:00+02:00,0,8,4,167,1,0,0,0,5,0,20,0,54,1,1,0,0,0,0,0,0,6,0
2026-04-25T14:15:00+02:00,2026-04-25T14:20:00+02:00,0,16,1,128,2,0,0,0,0,0,7,0,54,0,0,0,0,0,0,0,0,2,0
2026-04-25T14:20:00+02:00,2026-04-25T14:25:00+02:00,0,8,2,136,2,0,0,0,1,2,9,0,59,1,0,0,0,0,0,0,0,7,0
2026-04-25T14:25:00+02:00,2026-04-25T14:30:00+02:00,0,40,1,143,4,0,0,0,0,2,10,0,67,0,0,0,0,0,0,0,0,9,0
2026-04-25T14:30:00+02:00,2026-04-25T14:35:00+02:00,0,14,2,142,5,0,0,0,3,5,11,0,80,0,0,0,0,0,0,0,0,7,0
2026-04-25T14:35:00+02:00,2026-04-25T14:40:00+02:00,0,3,4,137,1,0,0,0,2,0,12,0,40,4,0,0,0,0,0,0,0,2,0
2026-04-25T14:40:00+02:00,2026-04-25T14:45:00+02:00,0,8,1,133,1,0,0,0,1,0,17,0,35,0,0,0,0,0,0,0,0,3,0
2026-04-25T14:45:00+02:00,2026-04-25T14:50:00+02:00,0,15,4,144,2,0,0,0,4,3,11,0,29,1,0,0,0,0,0,0,0,4,0
2026-04-25T14:50:00+02:00,2026-04-25T14:55:00+02:00,0,12,0,142,2,0,0,0,2,0,17,0,44,0,0,0,0,0,0,0,0,4,0
2026-04-25T14:55:00+02:00,2026-04-25T15:00:00+02:00,0,4,0,164,3,0,0,0,0,1,15,0,57,1,0,0,0,0,0,0,0,4,0
2026-04-25T15:00:00+02:00,2026-04-25T15:05:00+02:00,0,21,1,135,4,0,0,0,0,2,6,0,68,5,0,0,0,0,0,0,0,7,0
2026-04-25T15:05:00+02:00,2026-04-25T15:10:00+02:00,1,21,2,137,2,1,0,0,0,0,7,0,68,6,0,0,0,0,0,0,0,2,0
2026-04-25T15:10:00+02:00,2026-04-25T15:15:00+02:00,1,9,1,130,3,0,0,0,1,0,16,0,40,0,0,0,0,0,0,0,0,6,0
2026-04-25T15:15:00+02:00,2026-04-25T15:20:00+02:00,0,6,3,125,0,0,0,0,0,6,21,0,64,4,1,0,0,0,0,0,0,4,0
2026-04-25T15:20:00+02:00,2026-04-25T15:25:00+02:00,0,12,1,143,0,0,0,0,1,0,7,0,14,0,0,0,0,0,0,0,0,5,0
2026-04-25T15:25:00+02:00,2026-04-25T15:30:00+02:00,0,19,0,159,1,0,0,0,0,1,17,0,38,0,3,0,0,0,0,0,0,4,0
2026-04-25T15:30:00+02:00,2026-04-25T15:35:00+02:00,0,14,1,140,3,0,0,0,3,1,13,0,37,0,0,0,0,0,0,0,0,0,0
2026-04-25T15:35:00+02:00,2026-04-25T15:40:00+02:00,0,19,1,142,2,0,0,0,0,3,6,0,86,0,0,0,0,0,0,0,0,6,0
2026-04-25T15:40:00+02:00,2026-04-25T15:45:00+02:00,0,16,2,125,1,0,0,0,2,0,22,0,39,1,0,0,0,0,0,0,0,2,0
2026-04-25T15:45:00+02:00,2026-04-25T15:50:00+02:00,0,19,3,136,0,0,0,0,1,0,15,0,58,2,0,0,0,0,0,0,0,5,0
2026-04-25T15:50:00+02:00,2026-04-25T15:55:00+02:00,0,11,3,148,0,0,0,0,2,1,21,0,21,0,0,0,0,0,0,0,0,6,0
2026-04-25T15:55:00+02:00,2026-04-25T16:00:00+02:00,0,2,1,154,0,0,0,0,0,0,10,0,27,0,1,0,0,0,0,0,0,2,0
2026-04-25T16:00:00+02:00,2026-04-25T16:05:00+02:00,2,8,2,126,1,0,0,0,0,0,18,0,40,1,0,0,0,0,0,0,0,1,0
2026-04-25T16:05:00+02:00,2026-04-25T16:10:00+02:00,0,28,1,146,0,1,0,0,1,0,21,0,77,0,0,0,0,0,0,0,0,5,0
2026-04-25T16:10:00+02:00,2026-04-25T16:15:00+02:00,0,22,3,139,1,0,0,0,2,0,10,0,40,1,0,0,0,0,0,0,0,0,0
2026-04-25T16:15:00+02:00,2026-04-25T16:20:00+02:00,0,7,0,142,1,0,0,0,2,0,11,0,36,2,0,0,0,0,0,0,0,6,0
2026-04-25T16:20:00+02:00,2026-04-25T16:25:00+02:00,1,13,2,152,0,0,0,0,1,0,20,0,55,1,0,0,0,0,0,0,0,0,0
2026-04-25T16:25:00+02:00,2026-04-25T16:30:00+02:00,0,4,2,141,1,0,0,0,0,0,16,0,22,1,0,0,0,0,0,0,0,2,0
2026-04-25T16:30:00+02:00,2026-04-25T16:35:00+02:00,0,22,2,130,0,0,0,0,0,1,8,0,57,5,0,0,1,0,0,0,0,2,0
2026-04-25T16:35:00+02:00,2026-04-25T16:40:00+02:00,0,13,2,115,1,0,0,0,1,0,4,0,62,4,1,0,0,0,0,0,0,2,0
2026-04-25T16:40:00+02:00,2026-04-25T16:45:00+02:00,0,19,3,128,1,0,0,0,1,2,8,0,63,4,0,0,0,0,0,0,0,10,0
2026-04-25T16:45:00+02:00,2026-04-25T16:50:00+02:00,0,14,0,149,1,0,0,0,3,3,7,0,30,1,0,0,0,0,0,0,0,6,0
2026-04-25T16:50:00+02:00,2026-04-25T16:55:00+02:00,0,16,1,161,3,0,0,0,0,0,1,0,23,0,0,0,0,0,0,0,0,1,0
2026-04-25T16:55:00+02:00,2026-04-25T17:00:00+02:00,0,18,0,130,1,0,0,0,0,1,22,0,21,0,0,0,0,0,0,0,0,3,0
2026-04-25T17:00:00+02:00,2026-04-25T17:05:00+02:00,0,22,0,121,4,0,0,0,1,1,19,0,69,3,0,0,0,0,0,0,0,7,0
2026-04-25T17:05:00+02:00,2026-04-25T17:10:00+02:00,0,28,5,131,0,0,0,0,1,0,20,0,21,0,0,0,0,0,0,0,0,3,0
2026-04-25T17:10:00+02:00,2026-04-25T17:15:00+02:00,3,13,1,124,0,0,0,0,0,0,3,0,64,0,0,0,0,0,0,0,0,2,0
2026-04-25T17:15:00+02:00,2026-04-25T17:20:00+02:00,9,12,0,157,2,0,0,0,0,1,8,0,92,0,0,0,0,0,0,0,0,2,0
2026-04-25T17:20:00+02:00,2026-04-25T17:25:00+02:00,0,14,2,120,5,0,0,0,0,0,6,0,47,0,0,0,0,0,0,0,0,5,0
2026-04-25T17:25:00+02:00,2026-04-25T17:30:00+02:00,1,4,0,133,0,0,0,0,0,0,4,0,45,0,0,0,0,0,0,0,0,1,0
2026-04-25T17:30:00+02:00,2026-04-25T17:35:00+02:00,0,9,0,144,3,0,0,0,2,2,4,0,48,0,0,0,1,0,1,0,0,1,0
2026-04-25T17:35:00+02:00,2026-04-25T17:40:00+02:00,0,25,0,147,0,0,0,0,4,1,6,0,24,1,1,0,0,0,0,0,0,3,0
2026-04-25T17:40:00+02:00,2026-04-25T17:45:00+02:00,0,19,1,130,0,0,0,0,1,0,1,0,22,5,0,0,0,0,0,0,0,2,0
2026-04-25T17:45:00+02:00,2026-04-25T17:50:00+02:00,0,10,1,129,0,0,0,0,0,1,3,0,64,4,0,0,0,0,0,0,0,4,0
2026-04-25T17:50:00+02:00,2026-04-25T17:55:00+02:00,0,5,0,164,1,0,0,0,1,0,13,0,28,0,0,0,0,0,0,0,0,3,0
2026-04-25T17:55:00+02:00,2026-04-25T18:00:00+02:00,0,21,4,145,1,0,0,0,0,4,12,0,49,4,0,0,0,0,0,0,0,0,0
2026-04-25T18:00:00+02:00,2026-04-25T18:05:00+02:00,1,25,0,121,1,0,0,0,0,1,9,0,56,3,0,0,0,0,0,0,0,4,0
2026-04-25T18:05:00+02:00,2026-04-25T18:10:00+02:00,0,35,2,127,0,0,0,0,0,1,4,0,49,0,2,0,0,0,0,0,0,0,0
2026-04-25T18:10:00+02:00,2026-04-25T18:15:00+02:00,0,11,3,138,3,0,0,0,1,1,5,0,21,0,0,0,0,0,0,0,0,3,0
2026-04-25T18:15:00+02:00,2026-04-25T18:20:00+02:00,0,36,0,133,6,0,0,0,0,0,7,0,45,3,0,0,0,0,0,0,0,5,0
2026-04-25T18:20:00+02:00,2026-04-25T18:25:00+02:00,0,3,2,148,0,0,0,0,0,2,5,0,21,0,0,0,0,0,0,0,0,1,0
2026-04-25T18:25:00+02:00,2026-04-25T18:30:00+02:00,0,10,2,141,0,0,0,0,1,0,7,0,72,5,1,0,0,0,0,0,0,3,0
2026-04-25T18:30:00+02:00,2026-04-25T18:35:00+02:00,0,20,1,183,4,0,0,0,0,2,17,0,71,0,0,0,0,0,0,0,0,7,0
2026-04-25T18:35:00+02:00,2026-04-25T18:40:00+02:00,0,9,0,125,0,0,0,0,0,0,7,0,67,0,0,0,0,0,0,0,0,1,0
2026-04-25T18:40:00+02:00,2026-04-25T18:45:00+02:00,0,6,0,140,1,0,0,0,0,2,11,0,16,8,0,0,0,0,0,0,0,4,0
2026-04-25T18:45:00+02:00,2026-04-25T18:50:00+02:00,1,14,2,144,0,0,0,0,3,0,3,0,56,0,0,0,0,0,0,0,0,5,0
2026-04-25T18:50:00+02:00,2026-04-25T18:55:00+02:00,0,4,0,141,2,0,0,0,1,3,4,0,49,0,0,0,0,0,0,0,0,3,0
2026-04-25T18:55:00+02:00,2026-04-25T19:00:00+02:00,0,6,0,143,0,0,0,0,0,0,6,0,14,0,1,0,0,0,0,0,0,2,0
2026-04-25T19:00:00+02:00,2026-04-25T19:05:00+02:00,0,7,0,124,0,0,0,0,0,0,6,0,49,0,0,0,0,0,0,0,0,1,0
2026-04-25T19:05:00+02:00,2026-04-25T19:10:00+02:00,0,11,2,168,2,0,0,0,0,0,12,0,25,0,0,0,0,0,0,0,0,5,0
2026-04-25T19:10:00+02:00,2026-04-25T19:15:00+02:00,0,10,1,142,1,0,0,0,0,1,2,0,32,1,3,0,0,0,0,0,0,1,0
2026-04-25T19:15:00+02:00,2026-04-25T19:20:00+02:00,0,7,2,134,0,0,0,0,0,2,5,0,57,7,0,0,0,0,0,0,0,3,0
2026-04-25T19:20:00+02:00,2026-04-25T19:25:00+02:00,1,10,0,116,0,0,0,0,0,2,7,0,84,3,0,0,0,0,0,0,0,10,0
2026-04-25T19:25:00+02:00,2026-04-25T19:30:00+02:00,0,2,1,140,0,0,0,0,3,0,1,0,38,0,0,0,0,0,0,0,0,2,0
2026-04-25T19:30:00+02:00,2026-04-25T19:35:00+02:00,0,0,0,137,0,0,0,0,3,2,4,0,23,0,0,0,0,0,0,0,0,5,0
2026-04-25T19:35:00+02:00,2026-04-25T19:40:00+02:00,0,11,1,131,0,0,0,0,0,0,1,0,32,4,0,0,0,0,0,0,0,4,0
2026-04-25T19:40:00+02:00,2026-04-25T19:45:00+02:00,0,11,3,126,1,0,0,0,0,2,2,0,17,1,0,0,0,0,0,0,0,1,0
2026-04-25T19:45:00+02:00,2026-04-25T19:50:00+02:00,0,2,3,126,0,0,0,0,0,0,1,0,22,0,0,0,0,0,0,0,0,4,0
2026-04-25T19:50:00+02:00,2026-04-25T19:55:00+02:00,0,3,0,116,0,0,0,0,0,1,0,0,25,0,0,0,0,0,0,0,0,6,0
2026-04-25T19:55:00+02:00,2026-04-25T20:00:00+02:00,10,22,0,127,2,0,0,0,0,0,4,0,34,1,0,0,0,0,0,0,0,1,0
2026-04-25T20:00:00+02:00,2026-04-25T20:05:00+02:00,0,9,0,117,1,0,0,0,0,1,2,0,39,0,0,0,0,0,0,0,0,1,0
2026-04-25T20:05:00+02:00,2026-04-25T20:10:00+02:00,0,11,2,128,0,0,0,0,0,0,2,0,49,0,0,0,0,0,0,0,0,0,0
2026-04-25T20:10:00+02:00,2026-04-25T20:15:00+02:00,0,0,0,139,2,0,0,0,0,0,3,0,51,0,0,0,0,0,0,0,0,3,0
2026-04-25T20:15:00+02:00,2026-04-25T20:20:00+02:00,1,3,0,102,0,0,0,0,1,0,5,0,64,2,0,0,0,0,0,0,0,4,0
2026-04-25T20:20:00+02:00,2026-04-25T20:25:00+02:00,0,0,0,119,1,0,0,0,0,0,3,0,66,0,2,0,0,0,0,0,0,2,0
2026-04-25T20:25:00+02:00,2026-04-25T20:30:00+02:00,1,6,0,78,2,0,0,0,0,0,0,0,16,0,0,0,0,0,0,0,0,2,0
2026-04-25T20:30:00+02:00,2026-04-25T20:35:00+02:00,0,11,0,83,2,0,0,0,0,0,2,0,41,8,0,0,0,0,0,0,0,2,0
2026-04-25T20:35:00+02:00,2026-04-25T20:40:00+02:00,0,8,0,107,1,0,0,0,0,0,3,0,68,0,0,0,0,0,0,0,0,5,0
2026-04-25T20:40:00+02:00,2026-04-25T20:45:00+02:00,0,5,1,103,1,0,0,0,0,0,0,0,57,0,0,0,0,0,0,0,0,3,0
2026-04-25T20:45:00+02:00,2026-04-25T20:50:00+02:00,0,4,0,93,0,0,0,0,0,0,0,0,55,0,0,0,0,0,0,0,0,0,0
2026-04-25T20:50:00+02:00,2026-04-25T20:55:00+02:00,0,2,0,80,1,0,0,0,2,0,0,0,27,0,0,0,0,0,0,0,0,3,0
2026-04-25T20:55:00+02:00,2026-04-25T21:00:00+02:00,0,2,1,99,0,0,0,0,0,0,0,0,36,0,0,0,0,0,0,0,0,0,0
2026-04-25T21:00:00+02:00,2026-04-25T21:05:00+02:00,0,0,0,75,0,0,0,0,0,0,3,0,52,0,0,0,0,0,0,0,0,2,0
2026-04-25T21:05:00+02:00,2026-04-25T21:10:00+02:00,0,1,0,75,0,0,0,0,0,1,0,0,90,0,0,0,0,0,0,0,0,0,0
2026-04-25T21:10:00+02:00,2026-04-25T21:15:00+02:00,0,1,0,97,2,0,0,0,1,0,0,0,66,0,0,0,0,0,0,0,0,2,0
2026-04-25T21:15:00+02:00,2026-04-25T21:20:00+02:00,0,0,0,90,2,0,0,0,0,0,0,0,61,0,0,0,0,0,0,0,0,2,0
2026-04-25T21:20:00+02:00,2026-04-25T21:25:00+02:00,0,0,0,75,0,0,0,0,0,0,0,0,53,0,0,0,0,0,0,0,0,2,0
2026-04-25T21:25:00+02:00,2026-04-25T21:30:00+02:00,0,0,0,83,2,0,0,0,0,1,0,0,42,0,0,0,0,0,0,0,0,1,0
2026-04-25T21:30:00+02:00,2026-04-25T21:35:00+02:00,0,0,0,66,0,0,0,0,0,0,0,0,41,0,0,0,0,0,0,0,0,3,0
2026-04-25T21:35:00+02:00,2026-04-25T21:40:00+02:00,0,3,0,71,1,0,0,0,2,1,0,0,31,0,1,0,0,0,0,0,0,2,0
2026-04-25T21:40:00+02:00,2026-04-25T21:45:00+02:00,0,0,0,75,0,0,0,0,0,2,0,0,46,0,0,0,0,0,0,0,0,4,0
2026-04-25T21:45:00+02:00,2026-04-25T21:50:00+02:00,0,0,1,51,0,0,0,0,3,0,0,0,41,0,0,0,0,0,0,0,0,1,0
2026-04-25T21:50:00+02:00,2026-04-25T21:55:00+02:00,0,0,0,60,0,0,0,0,1,0,0,0,51,0,0,0,0,0,0,0,0,1,0
2026-04-25T21:55:00+02:00,2026-04-25T22:00:00+02:00,0,0,0,48,0,0,0,0,2,0,0,0,40,0,0,0,0,0,0,0,0,2,0
2026-04-25T22:00:00+02:00,2026-04-25T22:05:00+02:00,0,0,0,40,0,0,0,0,2,0,0,0,29,0,0,0,0,0,0,0,0,1,0
2026-04-25T22:05:00+02:00,2026-04-25T22:10:00+02:00,0,2,0,58,0,0,0,0,2,0,0,0,25,0,0,0,0,0,0,0,0,0,0
2026-04-25T22:10:00+02:00,2026-04-25T22:15:00+02:00,0,0,2,42,0,0,0,0,0,0,0,0,28,0,0,0,0,0,0,0,0,1,0
2026-04-25T22:15:00+02:00,2026-04-25T22:20:00+02:00,0,0,0,29,0,0,0,0,0,0,2,0,44,0,0,0,0,0,0,0,0,1,0
2026-04-25T22:20:00+02:00,2026-04-25T22:25:00+02:00,0,0,0,39,0,0,0,0,0,0,0,0,53,0,0,0,0,0,0,0,0,1,0
2026-04-25T22:25:00+02:00,2026-04-25T22:30:00+02:00,0,0,0,52,0,0,0,0,0,0,2,0,35,0,0,0,0,0,0,0,0,0,0
2026-04-25T22:30:00+02:00,2026-04-25T22:35:00+02:00,0,10,0,47,0,0,0,0,1,2,0,0,51,0,0,0,0,0,0,0,0,2,0
2026-04-25T22:35:00+02:00,2026-04-25T22:40:00+02:00,0,0,1,48,0,0,0,0,1,0,0,0,44,0,0,0,0,0,0,0,0,0,0
2026-04-25T22:40:00+02:00,2026-04-25T22:45:00+02:00,0,2,0,28,0,0,0,0,0,0,0,0,43,0,0,0,0,0,0,0,0,0,0
2026-04-25T22:45:00+02:00,2026-04-25T22:50:00+02:00,0,2,0,34,0,0,0,0,0,0,0,0,65,0,0,0,0,0,0,0,0,0,0
2026-04-25T22:50:00+02:00,2026-04-25T22:55:00+02:00,0,0,0,45,0,0,0,0,0,1,0,0,33,0,0,0,0,0,0,0,0,1,0
2026-04-25T22:55:00+02:00,2026-04-25T23:00:00+02:00,0,0,0,43,0,0,0,0,2,0,0,0,50,0,0,0,0,0,0,0,0,0,0
2026-04-25T23:00:00+02:00,2026-04-25T23:05:00+02:00,0,0,0,49,0,0,0,0,1,0,0,0,38,0,0,0,0,0,0,0,0,1,0
2026-04-25T23:05:00+02:00,2026-04-25T23:10:00+02:00,0,0,0,32,0,0,0,0,0,0,0,0,37,0,0,0,0,0,0,0,0,0,0
2026-04-25T23:10:00+02:00,2026-04-25T23:15:00+02:00,0,0,0,51,0,0,0,0,0,0,0,0,38,0,0,0,0,0,0,0,0,0,0
2026-04-25T23:15:00+02:00,2026-04-25T23:20:00+02:00,0,0,0,40,0,0,0,0,2,1,0,0,32,0,0,0,0,0,0,0,0,0,0
2026-04-25T23:20:00+02:00,2026-04-25T23:25:00+02:00,0,1,0,50,0,0,0,0,1,0,0,0,46,0,0,0,0,0,0,0,0,2,0
2026-04-25T23:25:00+02:00,2026-04-25T23:30:00+02:00,0,0,0,47,0,0,0,0,1,0,0,0,32,0,0,0,0,0,0,0,0,1,0
2026-04-25T23:30:00+02:00,2026-04-25T23:35:00+02:00,0,1,0,38,0,0,0,0,2,2,0,0,39,0,0,0,0,0,0,0,0,0,0
2026-04-25T23:35:00+02:00,2026-04-25T23:40:00+02:00,0,0,0,26,0,0,0,0,0,0,0,0,49,0,0,0,0,0,0,0,0,2,0
2026-04-25T23:40:00+02:00,2026-04-25T23:45:00+02:00,0,0,0,44,0,0,0,0,0,0,0,0,32,0,0,0,0,0,0,0,0,0,0
2026-04-25T23:45:00+02:00,2026-04-25T23:50:00+02:00,3,0,0,39,0,0,0,0,2,0,0,0,30,0,0,0,0,0,0,0,0,1,0
2026-04-25T23:50:00+02:00,2026-04-25T23:55:00+02:00,0,0,0,43,0,0,0,0,0,0,0,0,42,0,0,0,0,0,0,0,0,0,0
2026-04-25T23:55:00+02:00,2026-04-26T00:00:00+02:00,0,0,0,20,0,0,0,0,2,0,0,0,56,0,1,0,0,0,0,0,0,0,0
2026-04-26T00:00:00+02:00,2026-04-26T00:05:00+02:00,0,0,0,33,0,0,0,0,0,0,0,0,37,0,0,0,0,0,0,0,0,0,0
2026-04-26T00:05:00+02:00,2026-04-26T00:10:00+02:00,0,0,0,29,0,0,0,0,0,0,0,0,49,0,0,0,0,0,0,0,0,0,0
2026-04-26T00:10:00+02:00,2026-04-26T00:15:00+02:00,0,0,0,41,0,0,0,0,0,3,0,0,39,0,0,0,0,0,0,0,0,1,0
2026-04-26T00:15:00+02:00,2026-04-26T00:20:00+02:00,0,0,0,21,0,0,0,0,1,0,0,0,42,0,0,0,0,0,0,0,0,0,0
2026-04-26T00:20:00+02:00,2026-04-26T00:25:00+02:00,0,0,0,24,0,0,0,0,0,0,0,0,51,0,0,0,0,0,0,0,0,0,0
2026-04-26T00:25:00+02:00,2026-04-26T00:30:00+02:00,0,0,0,23,0,0,0,0,0,0,0,0,49,0,0,0,0,0,0,0,0,1,0
2026-04-26T00:30:00+02:00,2026-04-26T00:35:00+02:00,0,0,0,15,0,0,0,0,1,0,0,0,51,0,0,0,0,0,0,0,0,1,0
2026-04-26T00:35:00+02:00,2026-04-26T00:40:00+02:00,0,0,0,18,0,0,0,0,0,0,0,0,36,0,0,0,0,0,0,0,0,1,0
2026-04-26T00:40:00+02:00,2026-04-26T00:45:00+02:00,0,0,0,15,0,0,0,0,0,0,0,0,39,0,0,0,0,0,0,0,0,0,0
2026-04-26T00:45:00+02:00,2026-04-26T00:50:00+02:00,0,0,0,21,0,0,0,0,0,0,0,0,50,0,0,0,0,0,0,0,0,0,0
2026-04-26T00:50:00+02:00,2026-04-26T00:55:00+02:00,0,0,0,12,0,0,0,0,0,0,0,0,43,0,0,0,0,0,0,0,0,0,0
2026-04-26T00:55:00+02:00,2026-04-26T01:00:00+02:00,0,0,0,21,0,0,0,0,0,0,0,0,42,0,0,0,0,0,0,0,0,0,0
2026-04-26T01:00:00+02:00,2026-04-26T01:05:00+02:00,0,0,0,17,0,0,0,0,3,0,0,0,39,0,0,0,0,0,0,0,0,0,0
2026-04-26T01:05:00+02:00,2026-04-26T01:10:00+02:00,0,0,0,21,0,0,0,0,0,0,0,0,31,0,0,0,0,0,0,0,0,0,0
2026-04-26T01:10:00+02:00,2026-04-26T01:15:00+02:00,0,0,0,11,0,0,0,0,0,0,0,0,35,0,0,0,0,0,0,0,0,1,0
2026-04-26T01:15:00+02:00,2026-04-26T01:20:00+02:00,0,0,0,26,0,0,0,0,3,1,0,0,30,0,0,0,0,0,0,0,0,2,0
2026-04-26T01:20:00+02:00,2026-04-26T01:25:00+02:00,0,0,0,16,0,0,0,0,2,0,0,0,36,0,0,0,0,0,0,0,0,1,0
2026-04-26T01:25:00+02:00,2026-04-26T01:30:00+02:00,0,0,0,30,0,0,0,0,0,0,0,0,37,0,0,0,0,0,0,0,0,0,0
2026-04-26T01:30:00+02:00,2026-04-26T01:35:00+02:00,0,0,0,19,0,0,0,0,0,0,0,0,36,0,0,0,0,0,0,0,0,0,0
2026-04-26T01:35:00+02:00,2026-04-26T01:40:00+02:00,0,0,0,20,0,0,0,0,0,0,0,0,35,0,0,0,0,0,0,0,0,0,0
2026-04-26T01:40:00+02:00,2026-04-26T01:45:00+02:00,0,0,0,15,0,0,0,0,0,0,0,0,37,0,0,0,0,0,0,0,0,0,0
2026-04-26T01:45:00+02:00,2026-04-26T01:50:00+02:00,0,0,0,13,0,0,0,0,1,0,0,0,37,0,0,0,0,0,0,0,0,0,0
2026-04-26T01:50:00+02:00,2026-04-26T01:55:00+02:00,0,0,0,16,0,0,0,0,0,0,0,0,47,0,0,0,0,0,0,0,0,0,0
2026-04-26T01:55:00+02:00,2026-04-26T02:00:00+02:00,0,0,0,18,0,0,0,0,0,0,0,0,41,0,0,0,0,0,0,0,0,0,0
2026-04-26T02:00:00+02:00,2026-04-26T02:05:00+02:00,0,0,0,6,0,0,0,0,1,0,0,0,31,0,0,0,0,0,0,0,0,0,0
2026-04-26T02:05:00+02:00,2026-04-26T02:10:00+02:00,0,0,0,8,0,0,0,0,0,0,0,0,35,0,0,0,0,0,0,0,0,2,0
2026-04-26T02:10:00+02:00,2026-04-26T02:15:00+02:00,0,0,0,14,0,0,0,0,2,0,0,0,31,0,0,0,0,0,0,0,0,2,0
2026-04-26T02:15:00+02:00,2026-04-26T02:20:00+02:00,0,2,0,8,0,0,0,0,3,0,0,0,34,0,0,0,0,0,0,0,0,0,0
2026-04-26T02:20:00+02:00,2026-04-26T02:25:00+02:00,0,0,0,15,0,0,0,0,0,0,0,0,30,0,0,0,0,0,0,0,0,0,0
2026-04-26T02:25:00+02:00,2026-04-26T02:30:00+02:00,0,0,0,11,0,0,0,0,0,0,0,0,92,0,0,0,0,0,0,0,0,0,0
2026-04-26T02:30:00+02:00,2026-04-26T02:35:00+02:00,0,3,0,11,0,0,0,0,2,0,0,0,65,0,0,0,0,0,0,0,0,0,0
2026-04-26T02:35:00+02:00,2026-04-26T02:40:00+02:00,0,0,0,15,0,0,0,0,0,0,0,0,52,0,0,0,0,0,0,0,0,0,0
2026-04-26T02:40:00+02:00,2026-04-26T02:45:00+02:00,0,0,0,19,0,0,0,0,0,0,0,0,53,0,0,0,0,0,0,0,0,0,0
2026-04-26T02:45:00+02:00,2026-04-26T02:50:00+02:00,0,0,0,14,0,0,0,0,0,0,0,0,36,0,0,0,0,0,0,0,0,0,0
2026-04-26T02:50:00+02:00,2026-04-26T02:55:00+02:00,0,4,0,13,0,0,0,0,0,0,0,0,43,0,0,0,0,0,0,0,0,0,0
2026-04-26T02:55:00+02:00,2026-04-26T03:00:00+02:00,0,0,0,8,0,0,0,0,0,0,0,0,40,0,0,0,0,0,0,0,0,3,0
2026-04-26T03:00:00+02:00,2026-04-26T03:05:00+02:00,0,0,0,10,0,0,0,0,2,0,0,0,36,0,0,0,0,0,0,0,0,0,0
2026-04-26T03:05:00+02:00,2026-04-26T03:10:00+02:00,0,0,0,9,0,0,0,0,0,0,0,0,38,0,0,0,0,0,0,0,0,0,0
2026-04-26T03:10:00+02:00,2026-04-26T03:15:00+02:00,0,0,0,6,0,0,0,0,0,0,0,0,35,0,0,0,0,0,0,0,0,0,0
2026-04-26T03:15:00+02:00,2026-04-26T03:20:00+02:00,0,0,0,12,0,0,0,0,0,0,0,0,36,0,0,0,0,0,0,0,0,0,0
2026-04-26T03:20:00+02:00,2026-04-26T03:25:00+02:00,0,0,0,7,0,0,0,0,0,0,0,0,37,0,0,0,0,0,0,0,0,0,0
2026-04-26T03:25:00+02:00,2026-04-26T03:30:00+02:00,0,1,0,10,0,0,0,0,0,4,1,0,39,0,0,0,0,0,0,0,0,2,0
2026-04-26T03:30:00+02:00,2026-04-26T03:35:00+02:00,0,0,0,15,0,0,0,0,0,1,0,0,36,0,0,0,0,0,0,0,0,0,0
2026-04-26T03:35:00+02:00,2026-04-26T03:40:00+02:00,0,0,0,14,0,0,0,0,1,0,0,0,39,0,0,0,0,0,0,0,0,0,0
2026-04-26T03:40:00+02:00,2026-04-26T03:45:00+02:00,0,3,0,9,0,0,0,0,0,0,0,0,39,0,0,0,0,0,0,0,0,0,0
2026-04-26T03:45:00+02:00,2026-04-26T03:50:00+02:00,0,0,0,11,0,0,0,0,1,0,0,0,36,0,0,0,0,0,0,0,0,0,0
2026-04-26T03:50:00+02:00,2026-04-26T03:55:00+02:00,0,0,1,15,0,0,0,0,1,0,0,0,35,0,0,0,0,0,0,0,0,0,0
2026-04-26T03:55:00+02:00,2026-04-26T04:00:00+02:00,0,3,0,12,0,0,0,0,0,0,0,0,37,0,0,0,0,0,0,0,0,0,0
2026-04-26T04:00:00+02:00,2026-04-26T04:05:00+02:00,0,0,0,8,0,0,0,0,1,0,0,0,38,0,0,0,0,0,0,0,0,1,0
2026-04-26T04:05:00+02:00,2026-04-26T04:10:00+02:00,0,0,0,11,0,0,0,0,0,0,0,0,40,0,0,0,0,0,0,0,0,0,0
2026-04-26T04:10:00+02:00,2026-04-26T04:15:00+02:00,0,2,0,10,0,0,0,0,2,1,2,0,45,0,0,0,0,0,0,0,0,0,0
2026-04-26T04:15:00+02:00,2026-04-26T04:20:00+02:00,0,1,0,18,0,0,0,0,0,0,0,0,42,0,0,0,0,0,0,0,0,0,0
2026-04-26T04:20:00+02:00,2026-04-26T04:25:00+02:00,0,0,0,17,0,0,0,0,1,1,0,0,27,0,0,0,0,0,0,0,0,0,0
2026-04-26T04:25:00+02:00,2026-04-26T04:30:00+02:00,0,0,0,7,0,0,0,0,0,1,0,0,46,0,0,0,0,0,0,0,0,0,0
2026-04-26T04:30:00+02:00,2026-04-26T04:35:00+02:00,0,0,0,10,0,0,0,0,0,2,0,0,36,0,0,0,0,0,0,0,0,0,0
2026-04-26T04:35:00+02:00,2026-04-26T04:40:00+02:00,0,0,0,6,0,0,0,0,0,0,0,0,26,0,0,0,0,0,0,0,0,0,0
2026-04-26T04:40:00+02:00,2026-04-26T04:45:00+02:00,0,0,0,7,0,0,0,0,1,0,0,0,43,0,0,0,0,0,0,0,0,0,0
2026-04-26T04:45:00+02:00,2026-04-26T04:50:00+02:00,0,1,0,6,0,0,0,0,1,0,0,0,34,0,0,0,0,0,0,0,0,0,0
2026-04-26T04:50:00+02:00,2026-04-26T04:55:00+02:00,0,0,0,11,0,0,0,0,1,0,0,0,26,0,0,0,0,0,0,0,0,0,0
2026-04-26T04:55:00+02:00,2026-04-26T05:00:00+02:00,0,0,0,9,0,0,0,0,1,0,0,0,17,0,0,0,0,0,0,0,0,4,0
2026-04-26T05:00:00+02:00,2026-04-26T05:05:00+02:00,0,0,0,13,0,0,0,0,0,0,0,0,11,0,0,0,0,0,0,0,0,2,0
2026-04-26T05:05:00+02:00,2026-04-26T05:10:00+02:00,0,0,1,11,0,0,0,0,2,0,0,0,27,0,0,0,0,0,0,0,0,0,0
2026-04-26T05:10:00+02:00,2026-04-26T05:15:00+02:00,0,0,2,10,0,0,0,0,0,0,0,0,28,0,0,0,0,0,0,0,0,0,0
2026-04-26T05:15:00+02:00,2026-04-26T05:20:00+02:00,0,0,2,9,0,0,0,0,2,1,0,0,22,0,0,0,0,0,0,0,0,0,0
2026-04-26T05:20:00+02:00,2026-04-26T05:25:00+02:00,0,2,0,8,0,0,0,0,2,0,0,0,8,0,0,0,0,0,0,0,0,1,0
2026-04-26T05:25:00+02:00,2026-04-26T05:30:00+02:00,0,0,1,11,0,0,0,0,3,0,0,0,38,0,0,0,0,0,0,0,0,0,0
2026-04-26T05:30:00+02:00,2026-04-26T05:35:00+02:00,0,3,1,22,0,0,0,0,2,0,0,0,18,0,0,0,0,0,0,0,0,1,0
2026-04-26T05:35:00+02:00,2026-04-26T05:40:00+02:00,0,0,0,25,0,0,0,0,0,0,0,0,7,0,0,0,0,0,0,0,0,0,0
2026-04-26T05:40:00+02:00,2026-04-26T05:45:00+02:00,0,2,1,13,0,0,0,0,4,0,0,0,12,0,0,0,0,0,0,0,0,0,0
2026-04-26T05:45:00+02:00,2026-04-26T05:50:00+02:00,5,0,0,21,0,0,0,0,1,0,0,0,17,0,0,0,0,0,0,0,0,0,0
2026-04-26T05:50:00+02:00,2026-04-26T05:55:00+02:00,0,0,0,23,0,0,0,0,1,0,0,0,23,0,0,0,0,0,0,0,0,0,0
2026-04-26T05:55:00+02:00,2026-04-26T06:00:00+02:00,0,4,0,11,0,0,0,0,1,0,0,0,55,0,0,0,0,0,0,0,0,0,0
2026-04-26T06:00:00+02:00,2026-04-26T06:05:00+02:00,0,0,0,14,0,0,0,0,0,0,0,0,29,0,0,0,0,0,0,0,0,0,0
2026-04-26T06:05:00+02:00,2026-04-26T06:10:00+02:00,0,0,1,24,0,0,0,0,2,2,0,0,30,0,0,0,0,0,1,0,0,0,0
2026-04-26T06:10:00+02:00,2026-04-26T06:15:00+02:00,0,0,1,18,0,0,0,0,4,3,0,0,31,0,0,0,0,0,0,0,0,0,0
2026-04-26T06:15:00+02:00,2026-04-26T06:20:00+02:00,0,0,1,17,0,0,0,0,0,5,0,0,47,0,0,0,0,0,0,0,0,0,0
2026-04-26T06:20:00+02:00,2026-04-26T06:25:00+02:00,0,1,0,16,0,0,0,0,1,0,0,0,56,0,0,0,0,0,0,0,0,0,0
2026-04-26T06:25:00+02:00,2026-04-26T06:30:00+02:00,0,0,0,32,0,0,0,0,1,3,1,0,35,0,0,0,0,0,0,0,0,0,0
2026-04-26T06:30:00+02:00,2026-04-26T06:35:00+02:00,0,0,0,16,0,0,0,0,1,0,2,0,34,0,0,0,0,0,0,0,0,1,0
2026-04-26T06:35:00+02:00,2026-04-26T06:40:00+02:00,0,0,0,29,0,0,0,0,0,0,0,0,40,0,0,0,0,0,0,0,0,0,0
2026-04-26T06:40:00+02:00,2026-04-26T06:45:00+02:00,0,0,1,21,3,0,0,0,2,1,0,0,19,0,0,0,0,0,0,0,0,0,0
2026-04-26T06:45:00+02:00,2026-04-26T06:50:00+02:00,0,0,0,31,0,0,0,0,1,2,0,0,9,0,0,0,0,0,0,0,0,1,0
2026-04-26T06:50:00+02:00,2026-04-26T06:55:00+02:00,0,0,0,34,0,0,0,0,1,1,0,0,22,0,0,0,0,0,0,0,0,3,0
2026-04-26T06:55:00+02:00,2026-04-26T07:00:00+02:00,0,0,1,31,0,0,0,0,0,0,0,0,4,0,0,0,0,0,0,0,0,1,0
2026-04-26T07:00:00+02:00,2026-04-26T07:05:00+02:00,0,0,0,34,0,0,0,0,0,0,0,0,2,0,0,0,0,0,0,0,0,4,0
2026-04-26T07:05:00+02:00,2026-04-26T07:10:00+02:00,0,1,1,45,0,0,0,0,0,0,0,0,16,0,0,0,0,0,0,0,0,1,0
2026-04-26T07:10:00+02:00,2026-04-26T07:15:00+02:00,1,0,1,29,0,0,0,0,0,0,0,0,10,0,0,0,0,0,0,0,0,1,0
2026-04-26T07:15:00+02:00,2026-04-26T07:20:00+02:00,0,0,1,38,1,0,0,0,0,1,0,0,2,0,0,0,1,0,0,0,0,1,0
2026-04-26T07:20:00+02:00,2026-04-26T07:25:00+02:00,0,0,1,55,0,0,0,0,0,2,0,0,1,0,0,0,0,0,0,0,0,0,0
2026-04-26T07:25:00+02:00,2026-04-26T07:30:00+02:00,0,2,0,27,0,0,0,0,1,1,0,0,0,0,0,0,1,0,0,0,0,1,0
2026-04-26T07:30:00+02:00,2026-04-26T07:35:00+02:00,0,0,2,33,0,0,0,0,0,1,0,0,2,0,0,0,0,0,0,0,0,1,0
2026-04-26T07:35:00+02:00,2026-04-26T07:40:00+02:00,0,0,2,33,0,0,0,0,1,2,0,0,4,0,0,0,0,0,0,0,0,0,0
2026-04-26T07:40:00+02:00,2026-04-26T07:45:00+02:00,0,0,2,40,0,0,0,0,0,0,0,0,25,0,0,0,0,0,0,0,0,2,0
2026-04-26T07:45:00+02:00,2026-04-26T07:50:00+02:00,0,4,0,43,1,0,0,0,0,0,0,0,14,0,0,0,0,0,0,0,0,0,0
2026-04-26T07:50:00+02:00,2026-04-26T07:55:00+02:00,0,2,3,51,0,0,0,0,0,0,0,0,17,0,0,0,0,0,0,0,0,1,0
2026-04-26T07:55:00+02:00,2026-04-26T08:00:00+02:00,0,2,0,39,0,0,0,0,0,0,0,0,15,0,0,0,0,0,0,0,0,1,0
2026-04-26T08:00:00+02:00,2026-04-26T08:05:00+02:00,0,2,0,66,0,0,0,0,2,1,0,0,42,0,0,0,0,0,0,0,0,3,0
2026-04-26T08:05:00+02:00,2026-04-26T08:10:00+02:00,0,0,2,53,2,0,0,0,0,1,0,0,41,0,0,0,0,0,0,0,0,5,0
2026-04-26T08:10:00+02:00,2026-04-26T08:15:00+02:00,0,6,0,73,0,0,0,0,0,0,0,0,50,0,0,0,0,0,0,0,0,1,0
2026-04-26T08:15:00+02:00,2026-04-26T08:20:00+02:00,0,2,0,60,0,0,0,0,1,1,0,0,20,1,0,0,0,0,0,0,0,2,0
2026-04-26T08:20:00+02:00,2026-04-26T08:25:00+02:00,0,2,2,63,0,0,0,0,0,2,0,0,27,0,0,0,0,0,0,0,0,2,0
2026-04-26T08:25:00+02:00,2026-04-26T08:30:00+02:00,0,5,2,72,1,0,0,0,0,0,0,0,22,0,0,0,0,0,0,0,0,2,0
2026-04-26T08:30:00+02:00,2026-04-26T08:35:00+02:00,0,16,2,89,0,0,0,0,2,2,0,0,27,0,0,0,0,0,0,0,0,4,0
2026-04-26T08:35:00+02:00,2026-04-26T08:40:00+02:00,0,5,0,75,2,0,0,0,0,0,0,0,27,0,0,0,0,0,0,0,0,4,0
2026-04-26T08:40:00+02:00,2026-04-26T08:45:00+02:00,0,4,1,97,1,0,0,0,2,1,0,0,6,0,0,0,0,0,0,0,0,0,0
2026-04-26T08:45:00+02:00,2026-04-26T08:50:00+02:00,0,0,1,79,0,0,0,0,0,3,0,0,11,0,0,0,0,0,0,0,0,2,0
2026-04-26T08:50:00+02:00,2026-04-26T08:55:00+02:00,0,1,1,76,1,0,0,0,1,2,0,0,21,0,1,0,0,0,0,0,0,2,0
2026-04-26T08:55:00+02:00,2026-04-26T09:00:00+02:00,0,0,0,86,0,0,0,0,0,0,3,0,1,0,0,0,0,0,0,0,0,0,0
2026-04-26T09:00:00+02:00,2026-04-26T09:05:00+02:00,0,0,0,89,1,0,0,0,0,1,0,0,10,0,0,0,0,0,0,0,0,1,0
2026-04-26T09:05:00+02:00,2026-04-26T09:10:00+02:00,0,0,0,102,1,0,0,0,0,0,0,0,7,0,0,0,0,0,0,0,0,2,0
2026-04-26T09:10:00+02:00,2026-04-26T09:15:00+02:00,0,2,3,70,0,0,0,0,0,2,2,0,21,0,1,0,0,0,0,0,0,2,0
2026-04-26T09:15:00+02:00,2026-04-26T09:20:00+02:00,0,4,0,91,0,0,0,0,0,0,0,0,11,0,1,0,0,0,0,0,0,3,0
2026-04-26T09:20:00+02:00,2026-04-26T09:25:00+02:00,0,0,0,103,2,0,0,0,1,2,1,0,5,0,0,0,0,0,0,0,0,1,0
2026-04-26T09:25:00+02:00,2026-04-26T09:30:00+02:00,0,4,0,93,0,0,0,0,0,2,3,0,6,0,0,0,0,0,0,0,0,3,0
2026-04-26T09:30:00+02:00,2026-04-26T09:35:00+02:00,0,3,0,99,1,0,0,0,0,0,0,0,14,0,0,0,0,0,0,0,0,2,0
2026-04-26T09:35:00+02:00,2026-04-26T09:40:00+02:00,0,0,0,95,1,0,0,0,0,1,0,0,5,0,0,0,0,0,0,0,0,4,0
2026-04-26T09:40:00+02:00,2026-04-26T09:45:00+02:00,0,0,1,125,2,0,0,0,0,1,1,0,12,0,0,0,0,0,0,0,0,4,0
2026-04-26T09:45:00+02:00,2026-04-26T09:50:00+02:00,0,5,0,127,0,0,0,0,0,2,0,0,11,0,0,0,0,0,0,0,0,10,0
2026-04-26T09:50:00+02:00,2026-04-26T09:55:00+02:00,1,10,0,129,0,0,0,0,0,0,0,0,18,0,0,0,0,0,0,0,0,6,0
2026-04-26T09:55:00+02:00,2026-04-26T10:00:00+02:00,1,7,0,84,0,0,0,0,0,2,0,0,39,1,1,0,0,0,0,0,0,4,0
2026-04-26T10:00:00+02:00,2026-04-26T10:05:00+02:00,0,5,0,98,0,0,0,0,1,0,0,0,8,0,0,0,0,0,0,0,0,1,0
2026-04-26T10:05:00+02:00,2026-04-26T10:10:00+02:00,0,11,2,128,2,0,0,0,0,1,0,0,46,1,0,0,0,0,0,0,0,1,0
2026-04-26T10:10:00+02:00,2026-04-26T10:15:00+02:00,0,7,0,126,0,0,0,0,0,0,0,0,26,0,0,0,0,0,0,0,0,1,0
2026-04-26T10:15:00+02:00,2026-04-26T10:20:00+02:00,0,4,0,144,0,0,0,0,0,0,4,0,9,3,0,0,0,0,0,0,0,3,0
2026-04-26T10:20:00+02:00,2026-04-26T10:25:00+02:00,0,5,0,153,1,0,0,0,1,0,1,0,32,2,0,0,0,0,0,0,0,3,0
2026-04-26T10:25:00+02:00,2026-04-26T10:30:00+02:00,0,0,0,110,5,0,0,0,0,1,1,0,5,0,0,0,0,0,0,0,0,3,0
2026-04-26T10:30:00+02:00,2026-04-26T10:35:00+02:00,0,9,0,126,0,0,0,0,1,1,0,0,31,0,0,0,0,0,0,0,0,7,0
2026-04-26T10:35:00+02:00,2026-04-26T10:40:00+02:00,0,4,0,110,3,0,0,0,0,0,0,0,15,0,0,0,0,0,0,0,0,4,0
2026-04-26T10:40:00+02:00,2026-04-26T10:45:00+02:00,0,2,0,113,3,0,0,0,1,3,0,0,14,0,0,0,0,0,0,0,0,1,0
2026-04-26T10:45:00+02:00,2026-04-26T10:50:00+02:00,0,6,1,128,2,0,0,0,0,1,8,0,43,0,0,0,0,0,0,0,0,1,0
2026-04-26T10:50:00+02:00,2026-04-26T10:55:00+02:00,1,18,0,108,2,0,0,0,0,1,2,0,40,0,0,0,0,0,0,0,0,5,0
2026-04-26T10:55:00+02:00,2026-04-26T11:00:00+02:00,0,1,0,117,1,0,0,0,0,0,0,0,49,0,0,0,0,0,0,0,0,4,0
2026-04-26T11:00:00+02:00,2026-04-26T11:05:00+02:00,0,1,0,119,2,0,0,0,2,1,1,0,18,0,0,0,0,0,0,0,0,5,0
2026-04-26T11:05:00+02:00,2026-04-26T11:10:00+02:00,0,11,2,89,3,0,0,0,1,1,0,0,12,0,0,0,0,0,0,0,0,6,0
2026-04-26T11:10:00+02:00,2026-04-26T11:15:00+02:00,1,14,0,132,2,0,0,0,0,2,2,0,19,0,0,0,0,0,0,0,0,4,0
2026-04-26T11:15:00+02:00,2026-04-26T11:20:00+02:00,0,1,0,119,2,0,0,0,0,0,1,0,15,0,0,0,0,0,0,0,0,5,0
2026-04-26T11:20:00+02:00,2026-04-26T11:25:00+02:00,0,2,0,147,2,0,0,0,1,4,0,0,17,1,0,0,0,0,0,0,0,2,0
2026-04-26T11:25:00+02:00,2026-04-26T11:30:00+02:00,0,9,0,132,0,0,0,0,1,0,0,0,29,0,0,0,0,0,0,0,0,0,0
2026-04-26T11:30:00+02:00,2026-04-26T11:35:00+02:00,1,19,0,129,1,0,0,0,1,3,4,0,37,0,0,0,0,0,0,0,0,4,0
2026-04-26T11:35:00+02:00,2026-04-26T11:40:00+02:00,0,19,0,125,1,0,0,0,0,0,1,0,68,0,0,0,0,0,0,0,0,2,0
2026-04-26T11:40:00+02:00,2026-04-26T11:45:00+02:00,0,8,3,157,0,0,0,0,0,1,6,0,29,3,0,0,0,0,0,0,0,5,1
2026-04-26T11:45:00+02:00,2026-04-26T11:50:00+02:00,0,8,0,119,3,0,0,0,0,1,0,0,35,0,0,0,0,0,0,0,0,4,0
2026-04-26T11:50:00+02:00,2026-04-26T11:55:00+02:00,0,3,0,119,0,0,0,0,2,1,2,0,37,0,0,0,0,0,0,0,0,4,0
2026-04-26T11:55:00+02:00,2026-04-26T12:00:00+02:00,0,1,0,134,3,0,0,0,0,4,0,0,46,0,0,0,0,0,0,0,0,2,0
2026-04-26T12:00:00+02:00,2026-04-26T12:05:00+02:00,0,6,0,147,1,0,0,0,0,2,2,0,42,1,0,0,0,0,0,0,0,4,0
2026-04-26T12:05:00+02:00,2026-04-26T12:10:00+02:00,0,12,2,167,3,0,0,0,1,0,1,0,69,0,0,0,0,0,0,0,0,4,0
2026-04-26T12:10:00+02:00,2026-04-26T12:15:00+02:00,0,8,0,113,2,0,0,0,0,0,0,0,33,3,1,0,0,0,0,0,0,2,0
2026-04-26T12:15:00+02:00,2026-04-26T12:20:00+02:00,0,16,0,140,1,0,0,0,2,0,0,0,43,5,0,0,0,0,0,0,0,4,0
2026-04-26T12:20:00+02:00,2026-04-26T12:25:00+02:00,0,4,1,136,3,0,0,0,0,2,0,0,37,0,0,0,0,0,0,0,0,2,0
2026-04-26T12:25:00+02:00,2026-04-26T12:30:00+02:00,0,3,0,116,5,0,0,0,0,1,0,0,7,1,0,0,0,0,0,0,0,7,0
2026-04-26T12:30:00+02:00,2026-04-26T12:35:00+02:00,0,0,0,110,0,0,0,0,0,1,0,0,22,0,0,0,0,0,0,0,0,2,0
2026-04-26T12:35:00+02:00,2026-04-26T12:40:00+02:00,0,0,2,117,2,0,0,0,0,3,0,0,9,0,0,0,0,0,0,0,0,6,0
2026-04-26T12:40:00+02:00,2026-04-26T12:45:00+02:00,0,4,0,127,1,0,0,0,1,1,1,0,14,0,0,0,0,0,0,0,0,5,0
2026-04-26T12:45:00+02:00,2026-04-26T12:50:00+02:00,0,4,3,130,1,0,0,0,4,5,0,0,12,0,1,0,0,0,1,0,0,9,0
2026-04-26T12:50:00+02:00,2026-04-26T12:55:00+02:00,0,6,0,130,1,0,0,0,0,2,0,0,8,0,0,0,0,0,0,0,0,3,0
2026-04-26T12:55:00+02:00,2026-04-26T13:00:00+02:00,0,2,0,103,1,0,0,0,0,0,4,0,43,0,0,0,0,0,0,0,0,1,0
2026-04-26T13:00:00+02:00,2026-04-26T13:05:00+02:00,2,0,1,135,2,0,0,0,2,0,4,0,22,0,1,0,0,0,0,0,0,4,0
2026-04-26T13:05:00+02:00,2026-04-26T13:10:00+02:00,1,3,2,128,2,0,0,0,0,2,0,0,33,0,0,0,0,0,0,0,0,5,0
2026-04-26T13:10:00+02:00,2026-04-26T13:15:00+02:00,0,3,3,147,4,0,0,0,0,1,3,0,23,0,1,0,0,0,0,0,0,3,0
2026-04-26T13:15:00+02:00,2026-04-26T13:20:00+02:00,0,0,0,151,0,0,0,0,0,3,13,0,21,0,0,0,0,0,0,0,0,5,0
2026-04-26T13:20:00+02:00,2026-04-26T13:25:00+02:00,0,3,0,142,2,0,0,0,0,2,1,0,31,0,0,0,0,0,0,0,0,5,0
2026-04-26T13:25:00+02:00,2026-04-26T13:30:00+02:00,0,0,0,159,2,0,0,0,0,0,1,0,11,0,0,0,0,0,0,0,0,3,0
2026-04-26T13:30:00+02:00,2026-04-26T13:35:00+02:00,0,0,0,142,2,0,0,0,0,0,2,0,22,0,0,0,0,0,0,0,0,4,0
2026-04-26T13:35:00+02:00,2026-04-26T13:40:00+02:00,0,9,1,132,0,0,0,0,1,2,2,0,41,0,0,0,0,0,0,0,0,1,0
2026-04-26T13:40:00+02:00,2026-04-26T13:45:00+02:00,0,4,4,133,0,0,0,0,0,2,2,0,22,0,0,0,0,0,0,0,0,4,0
2026-04-26T13:45:00+02:00,2026-04-26T13:50:00+02:00,0,4,0,150,2,0,0,0,0,4,8,0,26,1,0,0,0,0,0,0,0,5,0
2026-04-26T13:50:00+02:00,2026-04-26T13:55:00+02:00,0,2,0,124,0,1,0,0,2,0,1,0,10,0,0,0,0,0,0,0,0,4,0
2026-04-26T13:55:00+02:00,2026-04-26T14:00:00+02:00,0,14,0,127,2,1,0,0,0,1,9,0,30,5,0,0,0,0,0,0,0,2,0
2026-04-26T14:00:00+02:00,2026-04-26T14:05:00+02:00,0,5,0,145,0,1,0,0,1,2,4,0,37,4,0,0,0,0,0,0,0,0,0
2026-04-26T14:05:00+02:00,2026-04-26T14:10:00+02:00,0,5,2,142,0,0,0,0,0,1,5,0,26,14,1,0,0,0,0,0,0,4,0
2026-04-26T14:10:00+02:00,2026-04-26T14:15:00+02:00,1,3,1,144,0,1,0,0,0,0,2,0,40,0,0,0,0,0,0,0,0,5,0
2026-04-26T14:15:00+02:00,2026-04-26T14:20:00+02:00,1,0,0,148,2,0,0,0,0,0,10,0,36,0,0,0,0,0,0,0,0,4,0
2026-04-26T14:20:00+02:00,2026-04-26T14:25:00+02:00,0,2,2,174,0,0,0,0,0,3,8,0,44,0,0,0,0,0,0,0,0,7,0
2026-04-26T14:25:00+02:00,2026-04-26T14:30:00+02:00,0,9,0,182,1,0,0,0,0,0,3,0,46,3,0,0,0,0,0,0,0,5,0
2026-04-26T14:30:00+02:00,2026-04-26T14:35:00+02:00,0,4,1,149,0,0,0,0,0,2,5,0,13,0,0,0,0,0,0,0,0,2,0
2026-04-26T14:35:00+02:00,2026-04-26T14:40:00+02:00,0,3,0,149,5,0,0,0,0,2,0,0,19,3,0,0,0,0,0,0,0,2,0
2026-04-26T14:40:00+02:00,2026-04-26T14:45:00+02:00,0,12,4,150,1,0,0,0,1,0,9,0,55,8,0,0,0,0,0,0,0,6,0
2026-04-26T14:45:00+02:00,2026-04-26T14:50:00+02:00,0,3,0,132,0,0,0,0,1,1,3,0,21,0,0,0,0,0,0,0,0,1,0
2026-04-26T14:50:00+02:00,2026-04-26T14:55:00+02:00,0,4,1,143,0,0,0,0,0,3,4,0,54,4,0,0,0,0,0,0,0,3,0
2026-04-26T14:55:00+02:00,2026-04-26T15:00:00+02:00,0,6,0,131,1,0,0,0,0,2,11,0,55,1,1,0,0,0,0,0,0,1,0
2026-04-26T15:00:00+02:00,2026-04-26T15:05:00+02:00,0,10,0,133,2,0,0,0,1,1,3,0,50,6,0,0,0,0,0,0,0,7,0
2026-04-26T15:05:00+02:00,2026-04-26T15:10:00+02:00,0,4,3,145,4,0,0,0,0,0,14,0,10,0,0,0,0,0,0,0,0,3,0
2026-04-26T15:10:00+02:00,2026-04-26T15:15:00+02:00,0,14,3,170,0,0,0,0,0,6,6,0,41,2,1,0,0,0,0,0,0,3,0
2026-04-26T15:15:00+02:00,2026-04-26T15:20:00+02:00,0,17,0,136,0,0,0,0,1,1,4,0,57,0,0,0,0,0,0,0,0,2,0
2026-04-26T15:20:00+02:00,2026-04-26T15:25:00+02:00,0,1,3,169,1,0,0,0,0,0,0,0,19,0,0,0,0,0,0,0,0,1,0
2026-04-26T15:25:00+02:00,2026-04-26T15:30:00+02:00,0,16,2,167,0,0,0,0,0,0,2,0,62,1,0,0,0,0,0,0,0,1,0
2026-04-26T15:30:00+02:00,2026-04-26T15:35:00+02:00,0,14,0,161,4,0,0,0,0,1,2,0,56,2,0,0,0,0,0,0,0,2,0
2026-04-26T15:35:00+02:00,2026-04-26T15:40:00+02:00,0,11,1,137,2,0,0,0,1,2,1,0,70,0,0,0,0,0,0,0,0,4,0
2026-04-26T15:40:00+02:00,2026-04-26T15:45:00+02:00,0,18,1,158,1,0,0,0,0,0,3,0,33,0,0,0,0,0,0,0,0,4,0
2026-04-26T15:45:00+02:00,2026-04-26T15:50:00+02:00,0,5,1,195,0,0,0,0,0,0,0,0,48,0,0,0,0,0,0,0,0,3,0
2026-04-26T15:50:00+02:00,2026-04-26T15:55:00+02:00,0,7,3,161,1,0,0,0,0,0,0,0,77,0,0,0,0,0,0,0,0,0,0
2026-04-26T15:55:00+02:00,2026-04-26T16:00:00+02:00,0,10,0,165,2,0,0,0,0,1,2,0,28,0,0,0,0,0,0,0,0,5,0
2026-04-26T16:00:00+02:00,2026-04-26T16:05:00+02:00,0,0,2,155,0,0,0,0,1,0,2,0,35,0,0,0,0,0,0,0,0,3,0
2026-04-26T16:05:00+02:00,2026-04-26T16:10:00+02:00,1,13,4,148,0,0,0,0,0,0,2,0,50,0,0,0,0,0,0,0,0,5,0
2026-04-26T16:10:00+02:00,2026-04-26T16:15:00+02:00,0,12,4,153,2,0,0,0,0,0,2,0,80,0,0,0,0,0,0,0,0,4,0
2026-04-26T16:15:00+02:00,2026-04-26T16:20:00+02:00,0,8,0,158,1,0,0,0,0,3,2,0,89,1,0,0,0,0,0,0,0,6,0
2026-04-26T16:20:00+02:00,2026-04-26T16:25:00+02:00,0,4,0,166,0,0,0,0,0,4,5,0,37,0,0,0,0,0,0,0,0,1,0
2026-04-26T16:25:00+02:00,2026-04-26T16:30:00+02:00,0,11,0,169,0,0,0,0,0,0,3,0,22,0,0,0,0,0,0,0,0,5,0
2026-04-26T16:30:00+02:00,2026-04-26T16:35:00+02:00,0,8,2,124,0,0,0,0,0,2,7,0,57,4,0,0,0,0,0,0,0,3,0
2026-04-26T16:35:00+02:00,2026-04-26T16:40:00+02:00,0,24,0,144,2,0,0,0,0,0,2,0,32,0,0,0,0,0,0,0,0,7,0
2026-04-26T16:40:00+02:00,2026-04-26T16:45:00+02:00,0,23,0,111,0,0,0,0,0,0,5,0,69,2,0,0,0,0,0,0,0,0,0
2026-04-26T16:45:00+02:00,2026-04-26T16:50:00+02:00,0,4,1,157,1,0,0,0,0,0,6,0,40,4,0,0,0,0,0,0,0,5,0
2026-04-26T16:50:00+02:00,2026-04-26T16:55:00+02:00,0,7,1,125,0,0,0,0,1,2,3,0,43,4,0,0,0,0,0,0,0,4,0
2026-04-26T16:55:00+02:00,2026-04-26T17:00:00+02:00,0,3,0,157,2,0,0,0,0,0,3,0,42,0,0,0,0,0,0,0,0,3,0
2026-04-26T17:00:00+02:00,2026-04-26T17:05:00+02:00,0,6,0,136,0,1,0,0,0,3,2,0,26,3,0,0,0,0,0,0,0,5,0
2026-04-26T17:05:00+02:00,2026-04-26T17:10:00+02:00,0,3,2,152,0,0,0,0,0,2,3,0,23,0,0,0,0,0,0,0,0,4,0
2026-04-26T17:10:00+02:00,2026-04-26T17:15:00+02:00,0,8,0,135,0,0,0,0,1,0,1,0,9,0,0,0,0,0,0,0,0,5,0
2026-04-26T17:15:00+02:00,2026-04-26T17:20:00+02:00,0,18,1,144,3,0,0,0,0,0,5,0,27,0,0,0,0,0,0,0,0,0,0
2026-04-26T17:20:00+02:00,2026-04-26T17:25:00+02:00,0,7,3,131,3,0,0,0,0,0,2,0,32,0,0,0,0,0,0,0,0,4,0
2026-04-26T17:25:00+02:00,2026-04-26T17:30:00+02:00,0,16,3,144,0,0,0,0,0,0,4,0,26,0,0,0,0,0,0,0,0,6,0
2026-04-26T17:30:00+02:00,2026-04-26T17:35:00+02:00,0,19,0,134,0,0,0,0,0,1,4,0,47,0,0,0,0,0,0,0,0,7,0
2026-04-26T17:35:00+02:00,2026-04-26T17:40:00+02:00,0,10,0,175,1,0,0,0,1,0,3,0,42,3,0,0,0,0,0,0,0,5,0
2026-04-26T17:40:00+02:00,2026-04-26T17:45:00+02:00,0,18,3,150,2,0,0,0,0,2,0,0,33,0,0,0,0,0,0,0,0,5,0
2026-04-26T17:45:00+02:00,2026-04-26T17:50:00+02:00,0,11,1,137,4,0,0,0,1,4,0,0,57,5,0,0,0,0,0,0,0,3,0
2026-04-26T17:50:00+02:00,2026-04-26T17:55:00+02:00,0,0,2,153,1,0,0,0,0,2,1,0,14,0,0,0,0,0,0,0,0,1,0
2026-04-26T17:55:00+02:00,2026-04-26T18:00:00+02:00,0,5,3,144,0,0,0,0,0,2,4,0,24,0,0,0,0,0,0,0,0,2,0
2026-04-26T18:00:00+02:00,2026-04-26T18:05:00+02:00,0,12,1,147,2,0,0,0,1,0,4,0,17,3,0,0,0,0,0,0,0,2,0
2026-04-26T18:05:00+02:00,2026-04-26T18:10:00+02:00,0,7,2,152,0,0,0,0,0,0,3,0,25,0,0,0,0,0,0,0,0,5,0
2026-04-26T18:10:00+02:00,2026-04-26T18:15:00+02:00,0,3,3,183,0,0,0,0,1,1,5,0,42,0,0,0,0,0,0,0,0,0,0
2026-04-26T18:15:00+02:00,2026-04-26T18:20:00+02:00,0,8,1,166,2,0,0,0,0,0,1,0,46,0,0,0,0,0,0,0,0,1,0
2026-04-26T18:20:00+02:00,2026-04-26T18:25:00+02:00,0,14,0,157,2,0,0,0,0,0,5,0,23,0,1,0,0,0,0,0,0,8,0
2026-04-26T18:25:00+02:00,2026-04-26T18:30:00+02:00,0,6,1,162,1,0,0,0,0,2,0,0,7,0,0,0,0,0,0,0,0,8,0
2026-04-26T18:30:00+02:00,2026-04-26T18:35:00+02:00,0,16,2,138,0,0,0,0,0,3,1,0,21,0,0,0,0,0,0,0,0,2,0
2026-04-26T18:35:00+02:00,2026-04-26T18:40:00+02:00,1,8,0,115,1,0,0,0,1,0,4,0,19,0,0,0,2,0,1,0,0,1,0
2026-04-26T18:40:00+02:00,2026-04-26T18:45:00+02:00,0,11,3,148,1,0,0,0,0,1,0,0,41,0,0,0,0,0,0,0,0,3,0
2026-04-26T18:45:00+02:00,2026-04-26T18:50:00+02:00,0,0,1,132,0,0,0,0,1,4,0,0,27,0,1,0,0,0,0,0,0,5,0
2026-04-26T18:50:00+02:00,2026-04-26T18:55:00+02:00,0,13,0,114,0,0,0,0,0,2,3,0,48,0,0,0,0,0,0,0,0,2,0
2026-04-26T18:55:00+02:00,2026-04-26T19:00:00+02:00,0,26,1,138,1,0,0,0,0,4,0,0,47,0,0,0,0,0,0,0,0,4,0
2026-04-26T19:00:00+02:00,2026-04-26T19:05:00+02:00,0,2,0,136,1,0,0,0,1,2,0,0,30,0,0,0,0,0,0,0,0,1,0
2026-04-26T19:05:00+02:00,2026-04-26T19:10:00+02:00,3,18,1,124,2,0,0,0,1,0,0,0,48,0,0,0,0,0,0,0,0,2,0
2026-04-26T19:10:00+02:00,2026-04-26T19:15:00+02:00,0,12,3,133,1,0,0,0,0,2,1,0,8,0,0,0,0,0,0,0,0,1,0
2026-04-26T19:15:00+02:00,2026-04-26T19:20:00+02:00,1,4,2,132,1,0,0,0,0,1,0,0,27,0,0,0,0,0,0,0,0,4,0
2026-04-26T19:20:00+02:00,2026-04-26T19:25:00+02:00,0,11,3,132,1,0,0,0,1,0,0,0,15,0,0,0,0,0,0,0,0,2,0
2026-04-26T19:25:00+02:00,2026-04-26T19:30:00+02:00,0,14,2,120,1,0,0,0,1,0,1,0,27,0,0,0,0,0,0,0,0,1,0
2026-04-26T19:30:00+02:00,2026-04-26T19:35:00+02:00,1,5,1,105,0,0,0,0,0,1,1,0,53,0,0,0,0,0,0,0,0,2,0
2026-04-26T19:35:00+02:00,2026-04-26T19:40:00+02:00,0,2,0,141,1,0,0,0,0,0,2,0,41,0,0,0,0,0,0,0,0,4,0
2026-04-26T19:40:00+02:00,2026-04-26T19:45:00+02:00,0,4,1,110,0,0,0,0,3,2,1,0,25,0,0,0,0,0,0,0,0,4,0
2026-04-26T19:45:00+02:00,2026-04-26T19:50:00+02:00,0,2,0,116,0,0,0,0,1,4,2,0,18,0,0,0,0,0,0,0,0,4,0
2026-04-26T19:50:00+02:00,2026-04-26T19:55:00+02:00,0,4,3,114,0,0,0,0,0,2,0,0,13,0,0,0,0,0,0,0,0,5,0
2026-04-26T19:55:00+02:00,2026-04-26T20:00:00+02:00,0,0,0,83,1,0,0,0,0,1,0,0,9,0,0,0,0,0,0,0,0,2,0
2026-04-26T20:00:00+02:00,2026-04-26T20:05:00+02:00,0,0,0,94,0,1,0,0,1,0,3,0,41,3,2,0,0,0,0,0,0,5,0
2026-04-26T20:05:00+02:00,2026-04-26T20:10:00+02:00,0,5,2,101,2,0,0,0,1,1,1,0,44,0,0,0,0,0,0,0,0,3,0
2026-04-26T20:10:00+02:00,2026-04-26T20:15:00+02:00,0,2,3,95,1,0,0,0,0,2,0,0,24,0,0,0,0,0,0,0,0,4,0
2026-04-26T20:15:00+02:00,2026-04-26T20:20:00+02:00,0,2,2,97,0,0,0,0,3,0,1,0,44,0,0,0,0,0,0,0,0,1,0
2026-04-26T20:20:00+02:00,2026-04-26T20:25:00+02:00,0,0,3,82,1,0,0,0,5,0,1,0,20,0,0,0,0,0,0,0,0,1,0
2026-04-26T20:25:00+02:00,2026-04-26T20:30:00+02:00,0,5,2,71,1,0,0,0,0,0,1,0,24,0,0,0,0,0,0,0,0,3,0
2026-04-26T20:30:00+02:00,2026-04-26T20:35:00+02:00,0,3,0,69,0,0,0,0,2,0,0,0,28,0,0,0,0,0,0,0,0,4,0
2026-04-26T20:35:00+02:00,2026-04-26T20:40:00+02:00,0,4,0,66,0,0,0,0,6,3,0,0,42,0,0,0,0,0,1,0,0,0,0
2026-04-26T20:40:00+02:00,2026-04-26T20:45:00+02:00,0,0,3,80,0,0,0,0,2,0,0,0,28,0,0,0,0,0,0,0,0,0,0
2026-04-26T20:45:00+02:00,2026-04-26T20:50:00+02:00,0,4,1,62,0,0,0,0,2,1,0,0,42,0,0,0,0,0,1,0,0,1,0
2026-04-26T20:50:00+02:00,2026-04-26T20:55:00+02:00,0,0,2,74,0,0,0,0,3,1,0,0,24,0,0,0,0,0,0,0,0,2,0
2026-04-26T20:55:00+02:00,2026-04-26T21:00:00+02:00,0,3,0,50,0,0,0,0,0,0,0,0,23,0,0,0,0,0,0,0,0,1,0
2026-04-26T21:00:00+02:00,2026-04-26T21:05:00+02:00,0,0,0,60,0,0,0,0,4,0,0,0,24,0,0,0,0,0,0,0,0,2,0
2026-04-26T21:05:00+02:00,2026-04-26T21:10:00+02:00,0,0,0,43,1,0,0,0,5,0,0,0,22,0,0,0,0,0,0,0,0,4,0
2026-04-26T21:10:00+02:00,2026-04-26T21:15:00+02:00,0,0,1,48,0,0,0,0,3,0,0,0,34,0,0,0,0,0,0,0,0,2,0
2026-04-26T21:15:00+02:00,2026-04-26T21:20:00+02:00,0,2,1,50,0,0,0,0,0,0,0,0,40,0,0,0,0,0,0,0,0,0,0
2026-04-26T21:20:00+02:00,2026-04-26T21:25:00+02:00,0,0,1,57,0,0,0,0,5,0,2,0,38,0,0,0,0,0,0,0,0,1,0
2026-04-26T21:25:00+02:00,2026-04-26T21:30:00+02:00,0,1,1,39,0,2,0,0,6,0,0,0,37,0,2,0,0,0,0,0,0,2,0
2026-04-26T21:30:00+02:00,2026-04-26T21:35:00+02:00,0,0,0,36,0,0,0,0,1,0,0,0,33,0,0,0,0,0,0,0,0,0,0
2026-04-26T21:35:00+02:00,2026-04-26T21:40:00+02:00,0,0,1,42,0,0,0,0,2,0,0,0,30,0,0,0,0,0,0,0,0,4,0
2026-04-26T21:40:00+02:00,2026-04-26T21:45:00+02:00,0,0,4,39,0,0,0,0,7,1,0,0,32,0,0,0,0,0,0,0,0,0,0
2026-04-26T21:45:00+02:00,2026-04-26T21:50:00+02:00,0,1,0,33,0,0,0,0,1,2,0,0,27,0,0,0,0,0,0,0,0,1,0
2026-04-26T21:50:00+02:00,2026-04-26T21:55:00+02:00,0,3,2,39,0,0,0,0,3,0,0,0,41,0,0,0,0,0,0,0,0,2,0
2026-04-26T21:55:00+02:00,2026-04-26T22:00:00+02:00,0,0,0,31,0,0,0,0,2,0,0,0,36,0,0,0,0,0,0,0,0,0,0
2026-04-26T22:00:00+02:00,2026-04-26T22:05:00+02:00,0,0,0,52,0,0,0,0,0,0,0,0,29,0,0,0,0,0,0,0,0,0,0
2026-04-26T22:05:00+02:00,2026-04-26T22:10:00+02:00,0,0,0,46,0,0,0,0,4,0,0,0,25,0,0,0,0,0,0,0,0,0,0
2026-04-26T22:10:00+02:00,2026-04-26T22:15:00+02:00,0,0,0,42,0,0,0,0,2,2,0,0,33,0,0,0,0,0,0,0,0,0,0
2026-04-26T22:15:00+02:00,2026-04-26T22:20:00+02:00,0,0,0,32,0,0,0,0,2,2,0,0,29,0,0,0,0,0,0,0,0,0,0
2026-04-26T22:20:00+02:00,2026-04-26T22:25:00+02:00,0,7,0,37,0,0,0,0,4,0,0,0,38,0,0,0,0,0,0,0,0,2,0
2026-04-26T22:25:00+02:00,2026-04-26T22:30:00+02:00,0,0,0,27,0,0,0,0,2,0,0,0,25,0,0,0,0,0,0,0,0,1,0
2026-04-26T22:30:00+02:00,2026-04-26T22:35:00+02:00,0,0,0,39,1,0,0,0,0,0,0,0,35,0,0,0,0,0,0,0,0,0,0
2026-04-26T22:35:00+02:00,2026-04-26T22:40:00+02:00,0,0,0,28,0,0,0,0,6,4,0,0,23,0,0,0,0,0,1,0,0,0,0
2026-04-26T22:40:00+02:00,2026-04-26T22:45:00+02:00,0,0,0,22,0,0,0,0,8,0,0,0,31,0,0,0,0,0,0,0,0,0,0
2026-04-26T22:45:00+02:00,2026-04-26T22:50:00+02:00,0,0,0,17,0,0,0,0,6,0,0,0,30,0,0,0,0,0,0,0,0,1,0
2026-04-26T22:50:00+02:00,2026-04-26T22:55:00+02:00,0,5,2,21,0,0,0,0,2,0,0,0,27,0,0,0,0,0,0,0,0,0,0
2026-04-26T22:55:00+02:00,2026-04-26T23:00:00+02:00,0,0,1,24,0,0,0,0,7,0,0,0,29,0,0,0,0,0,0,0,0,0,0
2026-04-26T23:00:00+02:00,2026-04-26T23:05:00+02:00,0,0,0,13,1,0,0,0,3,0,0,0,18,0,0,0,0,0,0,0,0,0,0
2026-04-26T23:05:00+02:00,2026-04-26T23:10:00+02:00,0,0,0,21,0,0,0,0,3,1,0,0,19,0,0,0,0,0,0,0,0,0,0
2026-04-26T23:10:00+02:00,2026-04-26T23:15:00+02:00,0,0,0,13,1,2,0,0,3,0,0,0,22,0,0,0,0,0,0,0,0,0,0
2026-04-26T23:15:00+02:00,2026-04-26T23:20:00+02:00,0,0,0,17,0,0,0,0,4,1,0,0,26,0,0,0,0,0,1,0,0,0,0
2026-04-26T23:20:00+02:00,2026-04-26T23:25:00+02:00,0,0,1,13,0,0,0,0,6,1,0,0,24,0,0,0,0,0,0,0,0,1,0
2026-04-26T23:25:00+02:00,2026-04-26T23:30:00+02:00,0,0,0,13,0,0,0,0,4,1,0,0,23,0,0,0,0,0,0,0,0,0,0
2026-04-26T23:30:00+02:00,2026-04-26T23:35:00+02:00,0,0,0,10,0,0,0,0,7,4,0,0,15,0,0,0,0,0,0,0,0,0,0
2026-04-26T23:35:00+02:00,2026-04-26T23:40:00+02:00,0,0,0,7,0,0,0,0,1,0,0,0,23,0,0,0,0,0,0,0,0,1,0
2026-04-26T23:40:00+02:00,2026-04-26T23:45:00+02:00,0,0,0,10,0,0,0,0,6,1,0,0,22,0,0,0,0,0,0,0,0,0,0
2026-04-26T23:45:00+02:00,2026-04-26T23:50:00+02:00,0,0,0,5,0,0,0,0,2,0,0,0,27,0,0,0,0,0,0,0,0,1,0
2026-04-26T23:50:00+02:00,2026-04-26T23:55:00+02:00,0,0,0,2,0,0,0,0,4,0,0,0,33,0,0,0,0,0,0,0,0,0,0
2026-04-26T23:55:00+02:00,2026-04-27T00:00:00+02:00,0,0,0,5,0,0,0,0,1,0,0,0,25,0,0,0,0,0,0,0,0,0,0
2026-04-27T00:00:00+02:00,2026-04-27T00:05:00+02:00,0,0,0,6,0,0,0,0,0,0,0,0,26,0,0,0,0,0,0,0,0,0,0
2026-04-27T00:05:00+02:00,2026-04-27T00:10:00+02:00,0,0,0,2,0,0,0,0,3,0,0,0,24,0,0,0,0,0,0,0,0,1,0
2026-04-27T00:10:00+02:00,2026-04-27T00:15:00+02:00,0,0,0,11,0,0,0,0,0,2,0,0,36,0,0,0,0,0,0,0,0,1,0
2026-04-27T00:15:00+02:00,2026-04-27T00:20:00+02:00,0,0,0,3,0,0,0,0,1,0,0,0,36,0,0,0,0,0,0,0,0,0,0
2026-04-27T00:20:00+02:00,2026-04-27T00:25:00+02:00,0,0,0,1,0,0,0,0,1,0,0,0,26,0,0,0,0,0,0,0,0,0,0
2026-04-27T00:25:00+02:00,2026-04-27T00:30:00+02:00,0,0,0,9,0,0,0,0,1,0,0,0,12,0,0,0,0,0,0,0,0,0,0
2026-04-27T00:30:00+02:00,2026-04-27T00:35:00+02:00,0,0,0,0,0,0,0,0,2,0,0,0,14,0,0,0,0,0,0,0,0,0,0
2026-04-27T00:35:00+02:00,2026-04-27T00:40:00+02:00,0,0,0,2,0,0,0,0,1,0,0,0,14,0,0,0,0,0,0,0,0,0,0
2026-04-27T00:40:00+02:00,2026-04-27T00:45:00+02:00,0,0,0,5,0,0,0,0,2,0,0,0,29,0,0,0,0,0,0,0,0,0,0
2026-04-27T00:45:00+02:00,2026-04-27T00:50:00+02:00,0,0,0,1,0,0,0,0,0,0,0,0,26,0,0,0,0,0,0,0,0,0,0
2026-04-27T00:50:00+02:00,2026-04-27T00:55:00+02:00,0,0,0,5,0,0,0,0,2,3,0,0,34,0,0,0,0,0,0,0,0,0,0
2026-04-27T00:55:00+02:00,2026-04-27T01:00:00+02:00,0,0,0,7,0,0,0,0,2,1,0,0,28,0,0,0,0,0,1,0,0,0,0
2026-04-27T01:00:00+02:00,2026-04-27T01:05:00+02:00,0,0,0,3,0,0,0,0,4,3,0,0,26,0,0,0,0,0,1,0,0,0,0
2026-04-27T01:05:00+02:00,2026-04-27T01:10:00+02:00,0,0,0,2,0,0,0,0,0,3,0,0,47,0,0,0,0,0,0,0,0,0,0
2026-04-27T01:10:00+02:00,2026-04-27T01:15:00+02:00,0,0,0,4,0,0,0,0,4,0,0,0,38,0,0,0,0,0,0,0,0,1,0
2026-04-27T01:15:00+02:00,2026-04-27T01:20:00+02:00,0,0,0,3,0,0,0,0,7,0,0,0,33,0,0,0,0,0,0,0,0,1,0
2026-04-27T01:20:00+02:00,2026-04-27T01:25:00+02:00,0,0,0,1,0,0,0,0,0,0,0,0,41,0,0,0,0,0,0,0,0,0,0
2026-04-27T01:25:00+02:00,2026-04-27T01:30:00+02:00,0,0,0,6,1,0,0,0,2,1,0,0,35,0,0,0,0,0,0,0,0,0,0
2026-04-27T01:30:00+02:00,2026-04-27T01:35:00+02:00,0,0,0,4,0,0,0,0,3,2,0,0,45,0,0,0,0,0,0,0,0,0,0
2026-04-27T01:35:00+02:00,2026-04-27T01:40:00+02:00,0,0,0,2,0,0,0,0,5,0,0,0,40,0,0,0,0,0,0,0,0,0,0
2026-04-27T01:40:00+02:00,2026-04-27T01:45:00+02:00,0,0,0,3,0,0,0,0,0,0,0,0,36,0,0,0,0,0,0,0,0,0,0
2026-04-27T01:45:00+02:00,2026-04-27T01:50:00+02:00,0,0,0,8,0,0,0,0,0,0,0,0,33,0,0,0,0,0,0,0,0,0,0
2026-04-27T01:50:00+02:00,2026-04-27T01:55:00+02:00,0,0,0,2,0,0,0,0,0,2,0,0,42,0,0,0,0,0,0,0,0,0,0
2026-04-27T01:55:00+02:00,2026-04-27T02:00:00+02:00,0,0,0,0,0,0,0,0,1,0,0,0,40,0,0,0,0,0,0,0,0,1,0
2026-04-27T02:00:00+02:00,2026-04-27T02:05:00+02:00,0,0,0,4,0,0,0,0,4,5,0,0,44,0,0,0,0,0,0,0,0,1,0
2026-04-27T02:05:00+02:00,2026-04-27T02:10:00+02:00,0,0,0,4,0,0,0,0,4,2,0,0,38,0,0,0,0,0,0,0,0,0,0
2026-04-27T02:10:00+02:00,2026-04-27T02:15:00+02:00,0,0,0,6,0,0,0,0,1,0,0,0,38,0,0,0,0,0,0,0,0,0,0
2026-04-27T02:15:00+02:00,2026-04-27T02:20:00+02:00,0,0,0,3,0,0,0,0,2,0,0,0,36,0,0,0,0,0,0,0,0,0,0
2026-04-27T02:20:00+02:00,2026-04-27T02:25:00+02:00,0,1,0,5,0,0,0,0,2,1,0,0,42,0,0,0,0,0,0,0,0,0,0
2026-04-27T02:25:00+02:00,2026-04-27T02:30:00+02:00,0,0,0,2,0,0,0,0,3,3,0,0,36,0,0,0,0,0,0,0,0,0,0
2026-04-27T02:30:00+02:00,2026-04-27T02:35:00+02:00,0,0,0,4,0,0,0,0,0,0,0,0,33,0,0,0,0,0,0,0,0,0,0
2026-04-27T02:35:00+02:00,2026-04-27T02:40:00+02:00,0,5,0,1,0,0,0,0,4,2,0,0,37,0,0,0,0,0,0,0,0,3,0
2026-04-27T02:40:00+02:00,2026-04-27T02:45:00+02:00,0,0,0,6,0,0,0,0,2,0,0,0,35,0,0,0,0,0,0,0,0,1,0
2026-04-27T02:45:00+02:00,2026-04-27T02:50:00+02:00,0,0,0,5,0,0,0,0,2,2,0,0,38,0,0,0,0,0,0,0,0,1,0
2026-04-27T02:50:00+02:00,2026-04-27T02:55:00+02:00,0,0,0,7,0,0,0,0,1,3,0,0,35,0,0,0,0,0,0,0,0,3,0
2026-04-27T02:55:00+02:00,2026-04-27T03:00:00+02:00,0,0,0,2,0,0,0,0,3,0,0,0,37,0,0,0,0,0,0,0,0,1,0
2026-04-27T03:00:00+02:00,2026-04-27T03:05:00+02:00,0,1,0,7,0,0,0,0,2,5,0,0,26,0,0,0,0,0,0,0,0,2,0
2026-04-27T03:05:00+02:00,2026-04-27T03:10:00+02:00,0,0,0,9,0,0,0,0,7,4,0,0,31,0,0,0,0,0,0,0,0,3,0
2026-04-27T03:10:00+02:00,2026-04-27T03:15:00+02:00,0,0,0,2,0,0,0,0,0,1,0,0,27,0,0,0,0,0,0,0,0,0,0
2026-04-27T03:15:00+02:00,2026-04-27T03:20:00+02:00,0,0,1,5,0,0,0,0,1,0,0,0,18,0,0,0,0,0,0,0,0,0,0
2026-04-27T03:20:00+02:00,2026-04-27T03:25:00+02:00,0,0,2,5,0,0,0,0,0,6,0,0,28,0,0,0,0,0,1,0,0,1,0
2026-04-27T03:25:00+02:00,2026-04-27T03:30:00+02:00,0,0,1,3,0,0,0,0,3,1,0,0,28,0,0,0,0,0,0,0,0,0,0
2026-04-27T03:30:00+02:00,2026-04-27T03:35:00+02:00,0,0,0,2,0,0,0,0,9,2,0,0,24,0,0,0,0,0,0,0,0,1,0
2026-04-27T03:35:00+02:00,2026-04-27T03:40:00+02:00,0,0,2,1,0,0,0,0,1,1,0,0,30,0,0,0,0,0,0,0,0,2,0
2026-04-27T03:40:00+02:00,2026-04-27T03:45:00+02:00,0,0,0,1,0,0,0,0,3,0,0,0,33,0,0,0,0,0,0,0,0,3,0
2026-04-27T03:45:00+02:00,2026-04-27T03:50:00+02:00,0,1,0,8,0,0,0,0,0,0,0,0,28,0,0,0,0,0,0,0,0,1,0
2026-04-27T03:50:00+02:00,2026-04-27T03:55:00+02:00,0,0,3,10,0,0,0,0,5,0,0,0,31,0,0,0,0,0,0,0,0,2,0
2026-04-27T03:55:00+02:00,2026-04-27T04:00:00+02:00,0,0,1,18,0,0,0,0,6,0,0,0,35,0,0,0,0,0,0,0,0,2,0
2026-04-27T04:00:00+02:00,2026-04-27T04:05:00+02:00,0,0,1,8,0,0,0,0,5,2,0,0,28,0,0,0,0,0,0,0,0,5,0
2026-04-27T04:05:00+02:00,2026-04-27T04:10:00+02:00,0,1,3,9,0,0,0,0,3,2,1,0,25,0,0,0,0,0,0,0,0,5,0
2026-04-27T04:10:00+02:00,2026-04-27T04:15:00+02:00,0,0,4,18,0,0,0,0,5,3,0,0,31,0,0,0,0,0,0,0,0,2,0
2026-04-27T04:15:00+02:00,2026-04-27T04:20:00+02:00,0,0,3,25,0,0,0,0,4,1,0,0,27,0,0,0,0,0,0,0,0,4,0
2026-04-27T04:20:00+02:00,2026-04-27T04:25:00+02:00,0,0,4,14,0,0,0,0,8,3,0,0,23,0,0,0,0,0,0,0,0,4,0
2026-04-27T04:25:00+02:00,2026-04-27T04:30:00+02:00,0,0,3,20,0,0,0,0,1,0,0,0,31,0,0,0,0,0,0,0,0,0,0
2026-04-27T04:30:00+02:00,2026-04-27T04:35:00+02:00,0,2,2,21,4,0,0,0,6,2,0,0,24,0,0,0,0,0,0,0,0,0,0
2026-04-27T04:35:00+02:00,2026-04-27T04:40:00+02:00,0,1,3,22,0,0,0,0,4,3,0,0,31,0,0,0,0,0,0,0,0,1,0
2026-04-27T04:40:00+02:00,2026-04-27T04:45:00+02:00,0,0,0,28,0,0,0,0,5,3,0,0,26,0,0,0,0,0,1,0,0,1,0
2026-04-27T04:45:00+02:00,2026-04-27T04:50:00+02:00,0,4,0,45,0,0,0,0,2,3,0,0,43,0,0,0,0,0,1,0,0,2,0
2026-04-27T04:50:00+02:00,2026-04-27T04:55:00+02:00,0,0,0,44,0,0,0,0,6,3,0,0,29,0,0,0,0,0,0,0,0,2,0
2026-04-27T04:55:00+02:00,2026-04-27T05:00:00+02:00,0,0,1,36,0,0,0,0,3,4,0,0,43,0,0,0,0,0,0,0,0,5,0
2026-04-27T05:00:00+02:00,2026-04-27T05:05:00+02:00,0,1,4,49,1,0,0,0,6,2,0,0,35,0,0,0,0,0,0,0,0,2,0
2026-04-27T05:05:00+02:00,2026-04-27T05:10:00+02:00,0,5,6,50,0,0,0,0,7,6,2,0,32,2,0,0,0,0,1,0,0,2,0
2026-04-27T05:10:00+02:00,2026-04-27T05:15:00+02:00,0,0,5,65,0,0,0,0,4,4,0,0,30,0,0,0,0,0,0,0,0,4,0
2026-04-27T05:15:00+02:00,2026-04-27T05:20:00+02:00,0,0,9,74,0,0,0,0,10,4,0,0,42,0,0,0,0,0,0,0,0,5,0
2026-04-27T05:20:00+02:00,2026-04-27T05:25:00+02:00,0,5,5,93,0,0,0,0,11,5,1,0,46,0,0,0,0,0,0,0,0,3,0
2026-04-27T05:25:00+02:00,2026-04-27T05:30:00+02:00,0,3,8,74,0,0,0,0,5,0,0,0,46,0,0,0,0,0,0,0,0,7,0
2026-04-27T05:30:00+02:00,2026-04-27T05:35:00+02:00,0,13,6,102,2,0,0,0,8,4,0,0,61,0,0,0,0,0,1,0,0,5,0
2026-04-27T05:35:00+02:00,2026-04-27T05:40:00+02:00,0,5,3,108,0,0,0,0,9,9,2,0,64,0,0,0,0,0,2,0,0,8,0
2026-04-27T05:40:00+02:00,2026-04-27T05:45:00+02:00,0,3,9,139,1,0,0,0,6,5,0,0,35,0,0,0,0,0,0,0,0,7,0
2026-04-27T05:45:00+02:00,2026-04-27T05:50:00+02:00,0,2,4,98,1,0,0,0,9,4,0,0,36,0,2,0,0,0,1,0,0,3,0
2026-04-27T05:50:00+02:00,2026-04-27T05:55:00+02:00,0,8,1,74,0,0,0,0,12,2,0,0,44,0,0,0,0,0,0,0,0,9,0
2026-04-27T05:55:00+02:00,2026-04-27T06:00:00+02:00,0,0,4,81,0,0,0,0,15,5,0,0,50,0,0,0,0,0,0,0,0,5,0
2026-04-27T06:00:00+02:00,2026-04-27T06:05:00+02:00,0,4,2,75,0,0,0,0,8,4,0,0,54,0,0,0,0,0,0,0,0,13,0
2026-04-27T06:05:00+02:00,2026-04-27T06:10:00+02:00,0,6,1,67,0,0,0,0,10,7,0,0,28,0,0,0,0,0,0,0,0,4,0
2026-04-27T06:10:00+02:00,2026-04-27T06:15:00+02:00,0,1,2,113,0,0,0,0,7,3,0,0,36,0,0,0,0,0,0,0,0,8,0
2026-04-27T06:15:00+02:00,2026-04-27T06:20:00+02:00,0,11,6,86,0,0,0,0,8,5,0,0,47,0,0,0,0,1,0,0,0,5,0
2026-04-27T06:20:00+02:00,2026-04-27T06:25:00+02:00,0,4,0,129,2,0,0,0,13,10,1,0,45,0,0,0,0,0,0,0,0,8,0
2026-04-27T06:25:00+02:00,2026-04-27T06:30:00+02:00,0,9,2,78,1,0,0,0,10,8,0,0,47,0,0,0,0,0,1,0,0,12,0
2026-04-27T06:30:00+02:00,2026-04-27T06:35:00+02:00,0,8,2,127,0,0,0,0,9,7,0,0,54,0,0,0,0,0,1,0,0,9,0
2026-04-27T06:35:00+02:00,2026-04-27T06:40:00+02:00,0,12,5,136,1,0,0,0,11,11,0,0,51,0,0,0,0,0,0,0,0,9,0
2026-04-27T06:40:00+02:00,2026-04-27T06:45:00+02:00,0,6,1,171,1,0,0,0,8,9,1,0,28,0,0,0,0,0,0,0,0,13,0
2026-04-27T06:45:00+02:00,2026-04-27T06:50:00+02:00,0,8,1,180,1,0,0,0,8,7,0,0,51,0,0,0,0,0,2,0,0,11,0
2026-04-27T06:50:00+02:00,2026-04-27T06:55:00+02:00,0,13,7,177,2,0,0,0,7,5,0,0,76,0,1,0,0,0,1,0,0,19,0
2026-04-27T06:55:00+02:00,2026-04-27T07:00:00+02:00,0,8,2,157,1,0,0,0,11,10,0,0,27,0,0,0,0,0,1,0,0,11,0
2026-04-27T07:00:00+02:00,2026-04-27T07:05:00+02:00,0,2,0,168,5,0,0,0,5,14,0,0,42,0,0,0,0,0,1,0,0,9,0
2026-04-27T07:05:00+02:00,2026-04-27T07:10:00+02:00,0,8,5,164,0,0,0,0,5,12,0,0,51,0,0,0,1,0,0,0,0,14,0
2026-04-27T07:10:00+02:00,2026-04-27T07:15:00+02:00,0,3,2,174,4,0,0,0,8,12,1,0,34,0,0,0,0,0,0,0,0,9,0
2026-04-27T07:15:00+02:00,2026-04-27T07:20:00+02:00,0,5,4,160,3,0,0,0,14,11,0,0,83,0,0,0,0,0,1,0,0,27,0
2026-04-27T07:20:00+02:00,2026-04-27T07:25:00+02:00,0,5,6,169,0,0,0,0,7,6,0,0,69,0,0,0,2,0,1,0,0,22,0
2026-04-27T07:25:00+02:00,2026-04-27T07:30:00+02:00,0,9,7,166,4,0,0,0,8,18,1,0,127,0,0,0,2,0,2,0,0,19,0
2026-04-27T07:30:00+02:00,2026-04-27T07:35:00+02:00,3,25,7,206,4,0,0,0,8,18,0,0,100,1,0,0,0,0,0,0,0,19,0
2026-04-27T07:35:00+02:00,2026-04-27T07:40:00+02:00,0,8,8,205,0,0,0,0,6,16,2,0,123,0,0,0,1,0,0,0,0,15,0
2026-04-27T07:40:00+02:00,2026-04-27T07:45:00+02:00,1,2,8,208,2,0,0,0,12,23,0,0,140,0,0,0,0,0,0,0,0,20,0
2026-04-27T07:45:00+02:00,2026-04-27T07:50:00+02:00,0,6,4,232,1,0,0,0,10,6,0,0,81,0,0,0,2,0,0,0,0,21,0
2026-04-27T07:50:00+02:00,2026-04-27T07:55:00+02:00,0,9,3,210,1,0,0,0,8,19,0,0,77,0,0,0,1,0,3,0,0,14,0
2026-04-27T07:55:00+02:00,2026-04-27T08:00:00+02:00,0,17,2,218,0,0,0,0,7,9,0,0,65,0,1,0,0,0,1,0,0,6,0
2026-04-27T08:00:00+02:00,2026-04-27T08:05:00+02:00,0,25,6,168,1,0,0,0,16,14,0,0,86,0,1,0,0,0,1,0,0,14,0
2026-04-27T08:05:00+02:00,2026-04-27T08:10:00+02:00,1,16,3,181,2,0,0,0,10,15,3,0,71,0,0,0,0,0,0,0,0,20,0
2026-04-27T08:10:00+02:00,2026-04-27T08:15:00+02:00,0,13,2,180,2,0,0,0,18,27,0,0,56,0,0,0,0,0,1,0,0,16,0
2026-04-27T08:15:00+02:00,2026-04-27T08:20:00+02:00,0,18,2,189,4,0,0,0,13,10,0,0,96,0,0,0,0,0,1,0,0,5,0
2026-04-27T08:20:00+02:00,2026-04-27T08:25:00+02:00,0,10,0,198,3,0,0,0,11,19,1,0,90,6,0,0,4,0,0,0,0,21,0
2026-04-27T08:25:00+02:00,2026-04-27T08:30:00+02:00,0,5,3,147,2,0,0,0,6,17,0,0,136,0,0,0,0,0,0,0,0,21,0
2026-04-27T08:30:00+02:00,2026-04-27T08:35:00+02:00,0,7,3,151,3,0,0,0,8,8,2,0,122,1,0,0,1,0,2,0,0,17,0
2026-04-27T08:35:00+02:00,2026-04-27T08:40:00+02:00,0,5,2,169,7,0,0,0,10,6,1,0,100,0,1,0,2,0,1,0,0,35,0
2026-04-27T08:40:00+02:00,2026-04-27T08:45:00+02:00,0,17,3,157,2,0,0,0,14,17,0,0,104,0,0,0,4,0,3,0,0,20,0
2026-04-27T08:45:00+02:00,2026-04-27T08:50:00+02:00,3,10,3,151,2,0,0,0,13,18,2,0,151,0,0,0,0,0,0,0,0,25,0
2026-04-27T08:50:00+02:00,2026-04-27T08:55:00+02:00,0,18,0,181,0,0,0,0,12,23,6,0,61,0,0,0,0,0,3,0,0,14,0
2026-04-27T08:55:00+02:00,2026-04-27T09:00:00+02:00,0,22,1,167,2,0,0,0,15,9,0,0,75,0,0,0,0,0,1,0,0,21,0
2026-04-27T09:00:00+02:00,2026-04-27T09:05:00+02:00,0,1,1,157,0,0,0,0,14,21,2,0,82,0,0,0,0,0,0,0,0,28,0
2026-04-27T09:05:00+02:00,2026-04-27T09:10:00+02:00,1,4,6,193,1,0,0,0,19,16,0,0,115,0,0,0,1,0,1,0,0,15,0
2026-04-27T09:10:00+02:00,2026-04-27T09:15:00+02:00,0,28,5,161,0,0,0,0,15,10,1,0,175,0,0,0,0,0,1,0,0,9,0
2026-04-27T09:15:00+02:00,2026-04-27T09:20:00+02:00,0,5,3,154,2,0,0,0,16,9,3,0,143,0,0,0,0,0,0,0,0,14,0
2026-04-27T09:20:00+02:00,2026-04-27T09:25:00+02:00,0,22,1,202,1,0,0,0,13,7,2,0,175,1,0,0,0,0,0,0,0,10,0
2026-04-27T09:25:00+02:00,2026-04-27T09:30:00+02:00,0,15,1,194,8,0,0,0,12,13,0,0,111,2,0,0,3,0,2,0,0,29,0
2026-04-27T09:30:00+02:00,2026-04-27T09:35:00+02:00,0,9,2,177,2,0,0,0,14,19,0,0,95,2,0,0,0,0,2,0,0,13,0
2026-04-27T09:35:00+02:00,2026-04-27T09:40:00+02:00,2,9,1,175,4,0,0,0,6,15,2,0,87,2,3,0,2,0,3,0,0,15,0
2026-04-27T09:40:00+02:00,2026-04-27T09:45:00+02:00,0,24,2,182,7,0,0,0,7,8,1,0,155,2,0,0,0,0,2,0,0,17,0
2026-04-27T09:45:00+02:00,2026-04-27T09:50:00+02:00,0,30,1,182,1,0,0,0,19,18,0,0,124,7,1,0,0,0,2,0,0,12,0
2026-04-27T09:50:00+02:00,2026-04-27T09:55:00+02:00,0,18,4,192,2,0,0,0,18,19,0,0,135,5,0,0,0,0,0,0,0,11,0
2026-04-27T09:55:00+02:00,2026-04-27T10:00:00+02:00,0,13,0,174,0,0,0,0,16,16,0,0,177,0,0,0,0,0,1,0,0,9,0
2026-04-27T10:00:00+02:00,2026-04-27T10:05:00+02:00,0,36,2,161,0,0,0,0,21,14,2,0,123,0,0,0,0,0,1,0,0,10,0
2026-04-27T10:05:00+02:00,2026-04-27T10:10:00+02:00,0,25,2,153,1,0,0,0,15,4,1,0,140,5,0,0,0,0,0,0,0,16,0
2026-04-27T10:10:00+02:00,2026-04-27T10:15:00+02:00,0,35,3,185,0,0,0,0,16,11,4,0,168,5,0,0,0,0,1,0,0,13,0
2026-04-27T10:15:00+02:00,2026-04-27T10:20:00+02:00,1,16,1,176,3,0,0,0,8,19,5,0,185,3,0,0,1,0,1,0,0,16,0
2026-04-27T10:20:00+02:00,2026-04-27T10:25:00+02:00,2,12,0,195,0,0,0,0,10,10,3,0,148,12,0,0,0,0,2,0,0,14,0
2026-04-27T10:25:00+02:00,2026-04-27T10:30:00+02:00,0,19,2,165,2,0,0,0,15,9,0,0,179,5,0,0,0,0,0,0,0,12,0
2026-04-27T10:30:00+02:00,2026-04-27T10:35:00+02:00,0,17,5,169,5,0,0,0,22,10,3,0,172,3,0,0,0,0,0,0,0,4,0
2026-04-27T10:35:00+02:00,2026-04-27T10:40:00+02:00,0,19,1,181,3,0,0,0,10,20,1,0,131,5,1,0,0,0,0,0,0,6,0
2026-04-27T10:40:00+02:00,2026-04-27T10:45:00+02:00,0,52,3,171,3,0,0,0,18,21,3,0,324,5,0,0,0,0,0,0,0,14,0
2026-04-27T10:45:00+02:00,2026-04-27T10:50:00+02:00,0,14,2,204,3,0,0,0,20,15,0,0,158,10,0,0,0,0,1,0,0,23,0
2026-04-27T10:50:00+02:00,2026-04-27T10:55:00+02:00,0,22,0,189,2,0,0,0,9,7,4,0,211,3,0,0,0,0,0,0,0,12,0
2026-04-27T10:55:00+02:00,2026-04-27T11:00:00+02:00,0,24,3,186,3,0,0,0,12,9,3,0,238,0,0,0,0,0,0,0,0,16,0
2026-04-27T11:00:00+02:00,2026-04-27T11:05:00+02:00,0,11,1,184,2,0,0,0,16,21,0,0,147,4,0,0,0,0,0,0,0,13,0
2026-04-27T11:05:00+02:00,2026-04-27T11:10:00+02:00,2,13,5,186,1,0,0,0,12,14,0,0,248,8,0,0,0,1,1,0,0,11,0
2026-04-27T11:10:00+02:00,2026-04-27T11:15:00+02:00,0,33,3,184,3,0,0,0,10,18,1,0,184,6,3,0,0,0,0,0,0,22,0
2026-04-27T11:15:00+02:00,2026-04-27T11:20:00+02:00,0,15,1,182,2,0,0,0,19,6,3,0,186,0,0,0,1,0,1,0,0,21,0
2026-04-27T11:20:00+02:00,2026-04-27T11:25:00+02:00,0,52,0,186,1,0,0,0,15,17,2,0,186,3,0,0,0,0,0,0,0,3,0
2026-04-27T11:25:00+02:00,2026-04-27T11:30:00+02:00,0,45,0,186,0,0,0,0,14,11,1,0,203,11,0,0,0,0,4,0,0,10,0
2026-04-27T11:30:00+02:00,2026-04-27T11:35:00+02:00,0,28,0,180,1,0,0,0,17,15,0,0,116,0,1,0,0,0,0,0,0,9,0
2026-04-27T11:35:00+02:00,2026-04-27T11:40:00+02:00,0,30,2,179,5,0,0,0,14,25,0,0,210,0,0,0,0,0,0,0,0,26,0
2026-04-27T11:40:00+02:00,2026-04-27T11:45:00+02:00,3,30,8,167,3,0,0,0,11,23,0,0,166,0,1,0,0,0,0,0,0,7,0
2026-04-27T11:45:00+02:00,2026-04-27T11:50:00+02:00,0,14,1,176,2,0,0,0,12,17,2,0,173,0,0,0,0,0,2,0,0,10,0
2026-04-27T11:50:00+02:00,2026-04-27T11:55:00+02:00,0,19,3,142,1,0,0,0,14,9,0,0,125,0,0,0,0,0,0,0,0,8,0
2026-04-27T11:55:00+02:00,2026-04-27T12:00:00+02:00,0,22,3,195,5,0,0,0,19,14,2,0,162,0,0,0,0,0,0,0,0,14,0
2026-04-27T12:00:00+02:00,2026-04-27T12:05:00+02:00,0,25,4,197,3,0,0,0,11,10,0,0,174,0,0,0,0,0,1,0,0,13,0
2026-04-27T12:05:00+02:00,2026-04-27T12:10:00+02:00,0,26,8,170,3,0,0,0,17,16,6,0,180,10,0,0,0,0,0,0,0,15,0
2026-04-27T12:10:00+02:00,2026-04-27T12:15:00+02:00,0,17,3,140,2,0,0,0,11,13,1,0,133,0,2,0,0,0,1,0,0,19,0
2026-04-27T12:15:00+02:00,2026-04-27T12:20:00+02:00,0,13,3,206,4,0,0,0,6,26,1,0,143,2,0,0,0,0,0,0,0,18,0
2026-04-27T12:20:00+02:00,2026-04-27T12:25:00+02:00,0,35,4,169,0,0,0,0,19,20,0,0,149,5,0,0,0,0,0,0,0,7,0
2026-04-27T12:25:00+02:00,2026-04-27T12:30:00+02:00,0,20,1,173,2,0,0,0,12,14,1,0,94,1,0,0,1,0,0,0,0,13,0
2026-04-27T12:30:00+02:00,2026-04-27T12:35:00+02:00,0,17,1,168,2,0,0,0,15,11,1,0,95,0,0,0,0,0,0,0,0,14,0
2026-04-27T12:35:00+02:00,2026-04-27T12:40:00+02:00,0,1,1,194,3,0,0,0,14,17,0,0,104,1,0,0,0,0,0,0,0,19,0
2026-04-27T12:40:00+02:00,2026-04-27T12:45:00+02:00,0,7,2,163,6,0,0,0,10,19,0,0,375,0,0,0,0,0,0,0,0,6,0
2026-04-27T12:45:00+02:00,2026-04-27T12:50:00+02:00,0,12,1,165,1,0,0,0,15,14,2,0,129,6,0,0,0,0,1,0,0,7,0
2026-04-27T12:50:00+02:00,2026-04-27T12:55:00+02:00,0,19,1,176,5,0,0,0,5,9,5,0,98,0,0,0,0,0,0,0,0,8,0
2026-04-27T12:55:00+02:00,2026-04-27T13:00:00+02:00,0,18,2,164,3,0,0,0,22,15,1,0,121,12,2,0,1,0,6,0,0,8,0
2026-04-27T13:00:00+02:00,2026-04-27T13:05:00+02:00,0,18,1,159,0,0,0,0,14,20,2,0,72,2,0,0,2,0,3,0,0,7,0
2026-04-27T13:05:00+02:00,2026-04-27T13:10:00+02:00,0,26,2,152,0,0,0,0,20,24,1,0,117,1,3,0,0,0,2,0,0,6,0
2026-04-27T13:10:00+02:00,2026-04-27T13:15:00+02:00,0,16,9,178,2,0,0,0,13,24,0,0,115,0,0,0,0,0,0,0,0,11,0
2026-04-27T13:15:00+02:00,2026-04-27T13:20:00+02:00,0,15,4,188,1,0,0,0,19,28,2,0,117,0,1,0,0,0,0,0,0,11,0
2026-04-27T13:20:00+02:00,2026-04-27T13:25:00+02:00,0,12,4,176,6,0,0,0,8,17,2,0,150,0,0,0,0,0,2,0,0,19,0
2026-04-27T13:25:00+02:00,2026-04-27T13:30:00+02:00,0,11,4,167,5,0,0,0,4,8,1,0,69,0,0,0,0,0,2,0,0,10,0
2026-04-27T13:30:00+02:00,2026-04-27T13:35:00+02:00,0,32,1,192,2,0,0,0,11,12,3,0,113,0,5,0,0,0,1,0,0,14,0
2026-04-27T13:35:00+02:00,2026-04-27T13:40:00+02:00,0,47,6,166,1,0,0,0,18,11,1,0,179,1,2,0,0,0,0,0,0,17,0
2026-04-27T13:40:00+02:00,2026-04-27T13:45:00+02:00,0,41,9,200,4,0,0,0,10,23,1,0,180,3,0,0,0,0,3,0,0,23,0
2026-04-27T13:45:00+02:00,2026-04-27T13:50:00+02:00,0,23,3,197,4,0,0,0,9,15,0,0,175,0,0,0,0,0,1,0,0,12,0
2026-04-27T13:50:00+02:00,2026-04-27T13:55:00+02:00,0,8,0,165,2,0,0,0,15,14,4,0,191,3,4,0,1,0,1,0,0,13,0
2026-04-27T13:55:00+02:00,2026-04-27T14:00:00+02:00,0,7,6,179,4,0,0,0,14,10,0,0,149,3,0,0,0,0,0,0,0,21,0
2026-04-27T14:00:00+02:00,2026-04-27T14:05:00+02:00,0,5,1,183,1,0,0,0,10,9,0,0,161,2,2,0,0,0,1,0,0,10,0
2026-04-27T14:05:00+02:00,2026-04-27T14:10:00+02:00,0,27,1,212,1,0,0,0,4,5,2,0,124,0,0,0,0,0,1,0,0,15,0
2026-04-27T14:10:00+02:00,2026-04-27T14:15:00+02:00,0,39,10,211,2,0,0,0,10,7,2,0,145,0,1,0,0,0,1,0,0,15,0
2026-04-27T14:15:00+02:00,2026-04-27T14:20:00+02:00,0,16,1,204,4,0,0,0,11,9,0,0,176,7,0,0,0,0,0,0,0,12,0
2026-04-27T14:20:00+02:00,2026-04-27T14:25:00+02:00,0,43,2,209,0,0,0,0,9,13,3,0,223,0,2,0,0,0,3,0,0,8,0
2026-04-27T14:25:00+02:00,2026-04-27T14:30:00+02:00,0,42,1,182,2,0,0,0,12,15,1,0,171,2,1,0,0,0,1,0,0,13,0
2026-04-27T14:30:00+02:00,2026-04-27T14:35:00+02:00,0,23,7,226,4,0,0,0,6,12,0,0,183,2,1,0,0,0,0,0,0,18,0
2026-04-27T14:35:00+02:00,2026-04-27T14:40:00+02:00,0,17,2,198,1,0,0,0,9,16,2,0,131,0,2,0,0,0,0,0,0,11,0
2026-04-27T14:40:00+02:00,2026-04-27T14:45:00+02:00,0,27,5,180,4,0,0,0,13,8,2,0,200,1,1,0,0,0,1,0,0,5,0
2026-04-27T14:45:00+02:00,2026-04-27T14:50:00+02:00,0,27,4,184,2,0,0,0,6,6,4,0,153,0,0,0,0,0,0,0,0,7,0
2026-04-27T14:50:00+02:00,2026-04-27T14:55:00+02:00,0,21,4,220,1,0,0,0,10,5,0,0,144,0,0,0,0,0,0,0,0,21,0
2026-04-27T14:55:00+02:00,2026-04-27T15:00:00+02:00,0,28,0,190,2,0,0,0,9,7,1,0,130,0,0,0,0,0,0,0,0,15,0
2026-04-27T15:00:00+02:00,2026-04-27T15:05:00+02:00,0,31,3,204,1,0,0,0,11,10,4,0,107,0,0,0,0,0,1,0,0,15,0
2026-04-27T15:05:00+02:00,2026-04-27T15:10:00+02:00,0,25,4,207,0,0,0,0,7,12,1,0,171,9,0,0,0,0,1,0,0,16,3
2026-04-27T15:10:00+02:00,2026-04-27T15:15:00+02:00,0,12,6,245,0,0,0,0,10,13,2,0,183,5,1,0,0,0,0,0,0,14,0
2026-04-27T15:15:00+02:00,2026-04-27T15:20:00+02:00,0,26,3,215,0,0,0,0,4,7,2,0,144,2,0,0,0,0,1,0,0,10,0
2026-04-27T15:20:00+02:00,2026-04-27T15:25:00+02:00,1,40,3,193,2,0,0,0,7,11,1,0,129,9,0,0,1,0,0,0,0,20,0
2026-04-27T15:25:00+02:00,2026-04-27T15:30:00+02:00,0,29,6,224,2,0,0,0,9,17,3,0,118,0,0,0,0,0,1,0,0,11,0
2026-04-27T15:30:00+02:00,2026-04-27T15:35:00+02:00,0,26,3,205,6,0,0,0,9,10,2,0,143,1,0,0,0,0,1,0,0,12,0
2026-04-27T15:35:00+02:00,2026-04-27T15:40:00+02:00,0,30,3,213,0,0,0,0,12,9,2,0,126,0,0,0,0,0,3,0,0,13,0
2026-04-27T15:40:00+02:00,2026-04-27T15:45:00+02:00,0,29,6,216,0,0,0,0,10,6,2,0,155,0,0,0,0,0,0,0,0,7,0
2026-04-27T15:45:00+02:00,2026-04-27T15:50:00+02:00,0,20,4,208,3,0,0,0,13,7,0,0,122,1,0,0,0,0,0,0,0,14,0
2026-04-27T15:50:00+02:00,2026-04-27T15:55:00+02:00,0,27,4,183,3,0,0,0,11,9,10,0,185,0,0,0,0,0,0,0,0,7,0
2026-04-27T15:55:00+02:00,2026-04-27T16:00:00+02:00,0,19,3,191,2,0,0,0,7,6,5,0,173,1,0,0,0,0,0,0,0,8,0
2026-04-27T16:00:00+02:00,2026-04-27T16:05:00+02:00,0,20,3,223,2,0,0,0,13,12,4,0,148,3,0,0,0,0,0,0,0,14,0
2026-04-27T16:05:00+02:00,2026-04-27T16:10:00+02:00,0,26,5,223,3,0,0,0,3,9,2,0,154,0,0,0,0,3,0,0,0,10,0
2026-04-27T16:10:00+02:00,2026-04-27T16:15:00+02:00,0,58,10,202,0,0,0,0,14,5,2,0,154,3,0,0,0,0,0,0,0,6,0
2026-04-27T16:15:00+02:00,2026-04-27T16:20:00+02:00,0,44,2,179,0,0,0,0,7,10,0,0,119,5,0,0,0,0,0,0,0,5,0
2026-04-27T16:20:00+02:00,2026-04-27T16:25:00+02:00,0,30,1,173,0,0,0,0,12,5,0,0,124,0,0,0,0,0,0,0,0,13,0
2026-04-27T16:25:00+02:00,2026-04-27T16:30:00+02:00,0,26,3,164,4,0,0,0,12,6,0,0,122,6,0,0,0,0,2,0,0,6,0
2026-04-27T16:30:00+02:00,2026-04-27T16:35:00+02:00,0,7,10,165,0,0,0,0,14,9,1,0,105,5,0,0,0,0,2,0,0,6,0
2026-04-27T16:35:00+02:00,2026-04-27T16:40:00+02:00,0,12,2,169,4,0,0,0,12,3,2,0,97,0,0,0,0,0,1,0,0,10,0
2026-04-27T16:40:00+02:00,2026-04-27T16:45:00+02:00,0,27,6,158,2,0,0,0,14,8,1,0,110,0,0,0,0,0,1,0,0,7,0
2026-04-27T16:45:00+02:00,2026-04-27T16:50:00+02:00,1,21,5,183,1,0,0,0,3,6,0,0,120,0,0,0,0,0,0,0,0,12,0
2026-04-27T16:50:00+02:00,2026-04-27T16:55:00+02:00,0,18,1,179,5,0,0,0,5,3,1,0,79,4,0,0,0,0,3,0,0,9,0
2026-04-27T16:55:00+02:00,2026-04-27T17:00:00+02:00,0,25,0,162,0,0,0,0,6,3,3,0,91,0,0,0,0,0,0,0,0,6,0
2026-04-27T17:00:00+02:00,2026-04-27T17:05:00+02:00,0,20,4,158,0,0,0,0,17,7,0,0,120,0,0,0,0,0,0,0,0,6,0
2026-04-27T17:05:00+02:00,2026-04-27T17:10:00+02:00,0,11,6,183,0,0,0,0,4,4,4,0,60,0,0,0,0,0,0,0,0,5,0
2026-04-27T17:10:00+02:00,2026-04-27T17:15:00+02:00,0,9,2,155,1,0,0,0,9,5,0,0,41,0,0,0,0,0,0,0,0,2,0
2026-04-27T17:15:00+02:00,2026-04-27T17:20:00+02:00,0,15,0,176,0,0,0,0,12,2,0,0,21,0,0,0,2,0,2,0,0,10,0
2026-04-27T17:20:00+02:00,2026-04-27T17:25:00+02:00,0,16,0,156,0,0,0,0,6,9,0,0,32,0,0,0,0,0,0,0,0,5,0
2026-04-27T17:25:00+02:00,2026-04-27T17:30:00+02:00,0,27,0,157,2,0,0,0,6,11,0,0,42,0,1,0,0,0,2,0,0,10,0
2026-04-27T17:30:00+02:00,2026-04-27T17:35:00+02:00,0,14,1,142,2,0,0,0,13,11,1,0,52,2,0,0,0,0,0,0,0,8,0
2026-04-27T17:35:00+02:00,2026-04-27T17:40:00+02:00,0,13,3,162,0,0,0,0,12,6,0,0,51,0,2,0,0,0,0,0,0,4,0
2026-04-27T17:40:00+02:00,2026-04-27T17:45:00+02:00,0,14,3,180,0,0,0,0,8,5,3,0,90,0,1,0,1,0,0,0,0,3,0
2026-04-27T17:45:00+02:00,2026-04-27T17:50:00+02:00,0,23,3,152,1,0,0,0,4,3,2,0,61,7,0,0,0,0,0,0,0,9,0
2026-04-27T17:50:00+02:00,2026-04-27T17:55:00+02:00,0,15,2,206,0,0,0,0,10,8,1,0,54,4,0,0,0,0,0,0,0,3,0
2026-04-27T17:55:00+02:00,2026-04-27T18:00:00+02:00,0,16,6,152,0,0,0,0,3,3,1,0,57,5,0,0,0,0,0,0,0,7,0
2026-04-27T18:00:00+02:00,2026-04-27T18:05:00+02:00,0,17,0,139,0,0,0,0,11,11,8,0,36,3,0,0,0,0,1,0,0,6,0
2026-04-27T18:05:00+02:00,2026-04-27T18:10:00+02:00,0,32,2,174,5,0,0,0,4,5,2,0,42,0,1,0,0,0,0,0,0,1,0
2026-04-27T18:10:00+02:00,2026-04-27T18:15:00+02:00,0,2,1,140,1,0,0,0,6,5,0,0,43,1,0,0,0,0,0,0,0,1,0
2026-04-27T18:15:00+02:00,2026-04-27T18:20:00+02:00,0,16,4,140,3,0,0,0,3,1,3,0,60,2,0,0,0,0,0,0,0,7,0
2026-04-27T18:20:00+02:00,2026-04-27T18:25:00+02:00,0,19,1,114,0,0,0,0,4,0,3,0,39,0,0,0,1,0,1,0,0,5,0
2026-04-27T18:25:00+02:00,2026-04-27T18:30:00+02:00,0,1,5,152,5,0,0,0,9,2,0,0,64,0,0,0,0,0,1,0,0,6,0
2026-04-27T18:30:00+02:00,2026-04-27T18:35:00+02:00,0,2,2,114,2,0,0,0,15,5,1,0,66,0,1,0,2,0,2,0,0,7,0
2026-04-27T18:35:00+02:00,2026-04-27T18:40:00+02:00,0,22,1,138,3,0,0,0,9,2,1,0,92,1,2,0,0,0,0,0,0,5,0
2026-04-27T18:40:00+02:00,2026-04-27T18:45:00+02:00,0,10,1,136,0,0,0,0,8,4,3,0,69,0,3,0,0,0,2,0,0,6,0
2026-04-27T18:45:00+02:00,2026-04-27T18:50:00+02:00,0,13,2,101,0,0,0,0,5,0,0,0,37,0,0,0,0,1,0,0,0,4,0
2026-04-27T18:50:00+02:00,2026-04-27T18:55:00+02:00,0,13,3,138,3,0,0,0,9,1,1,0,32,0,0,0,0,0,0,0,0,7,0
2026-04-27T18:55:00+02:00,2026-04-27T19:00:00+02:00,1,18,4,108,0,0,0,0,4,3,2,0,25,0,0,0,0,0,0,0,0,3,0
2026-04-27T19:00:00+02:00,2026-04-27T19:05:00+02:00,0,13,3,98,1,0,0,0,6,5,2,0,62,0,4,0,0,0,0,0,0,0,0
2026-04-27T19:05:00+02:00,2026-04-27T19:10:00+02:00,0,7,3,107,0,0,0,0,6,0,0,0,46,0,2,0,0,0,0,0,0,0,0
2026-04-27T19:10:00+02:00,2026-04-27T19:15:00+02:00,0,5,0,115,0,0,0,0,3,1,0,0,42,0,0,0,0,0,0,0,0,3,0
2026-04-27T19:15:00+02:00,2026-04-27T19:20:00+02:00,0,11,1,137,2,0,0,0,6,4,0,0,48,0,3,0,0,0,0,0,0,4,0
2026-04-27T19:20:00+02:00,2026-04-27T19:25:00+02:00,0,8,1,95,3,0,0,0,5,1,0,0,55,0,0,0,0,0,0,0,0,2,0
2026-04-27T19:25:00+02:00,2026-04-27T19:30:00+02:00,0,2,2,104,0,0,0,0,1,2,0,0,35,0,0,0,0,0,0,0,0,2,0
2026-04-27T19:30:00+02:00,2026-04-27T19:35:00+02:00,0,3,1,91,1,0,0,0,1,2,0,0,72,1,4,0,0,0,0,0,0,5,0
2026-04-27T19:35:00+02:00,2026-04-27T19:40:00+02:00,0,2,0,95,0,0,0,0,3,1,1,0,88,0,1,0,0,0,0,0,0,8,0
2026-04-27T19:40:00+02:00,2026-04-27T19:45:00+02:00,8,4,1,89,0,0,0,0,3,0,2,0,45,7,1,0,0,0,0,0,0,2,0
2026-04-27T19:45:00+02:00,2026-04-27T19:50:00+02:00,0,31,2,118,0,0,0,0,6,7,6,0,89,3,0,0,0,0,2,0,0,4,0
2026-04-27T19:50:00+02:00,2026-04-27T19:55:00+02:00,2,3,1,95,1,0,0,0,4,12,0,0,85,0,0,0,0,0,0,0,0,0,0
2026-04-27T19:55:00+02:00,2026-04-27T20:00:00+02:00,0,9,3,63,0,0,0,0,3,3,0,0,71,0,0,0,0,0,0,0,0,3,0
2026-04-27T20:00:00+02:00,2026-04-27T20:05:00+02:00,2,11,0,118,0,0,0,0,8,14,0,0,94,1,1,0,0,0,1,0,0,4,0
2026-04-27T20:05:00+02:00,2026-04-27T20:10:00+02:00,4,3,6,79,0,0,0,0,4,5,0,0,59,0,0,0,0,0,0,0,0,4,0
2026-04-27T20:10:00+02:00,2026-04-27T20:15:00+02:00,0,6,3,93,1,0,0,0,3,4,0,0,60,0,0,0,0,0,0,0,0,6,0
2026-04-27T20:15:00+02:00,2026-04-27T20:20:00+02:00,0,5,2,101,0,0,0,0,3,1,0,0,87,4,0,0,1,0,0,0,0,5,0
2026-04-27T20:20:00+02:00,2026-04-27T20:25:00+02:00,0,12,1,97,6,0,0,0,8,15,0,0,61,0,1,0,0,0,2,0,0,3,0
2026-04-27T20:25:00+02:00,2026-04-27T20:30:00+02:00,0,0,1,56,0,0,0,0,1,1,0,0,48,0,0,0,0,0,0,0,0,7,0
2026-04-27T20:30:00+02:00,2026-04-27T20:35:00+02:00,0,5,1,62,0,0,0,0,2,1,1,0,55,0,0,0,0,0,0,0,0,1,0
2026-04-27T20:35:00+02:00,2026-04-27T20:40:00+02:00,0,11,0,74,2,0,0,0,1,2,0,0,40,1,0,0,0,0,1,0,0,2,0
2026-04-27T20:40:00+02:00,2026-04-27T20:45:00+02:00,0,20,2,66,1,0,0,0,1,7,4,0,55,0,1,0,0,0,0,0,0,0,0
2026-04-27T20:45:00+02:00,2026-04-27T20:50:00+02:00,0,2,0,58,1,0,0,0,2,3,0,0,43,0,1,0,0,0,0,0,0,1,0
2026-04-27T20:50:00+02:00,2026-04-27T20:55:00+02:00,0,5,1,52,3,0,0,0,3,3,2,0,52,0,0,0,0,0,0,0,0,3,0
2026-04-27T20:55:00+02:00,2026-04-27T21:00:00+02:00,0,6,2,52,0,0,0,0,4,0,0,0,75,0,3,0,0,0,0,0,0,2,0
2026-04-27T21:00:00+02:00,2026-04-27T21:05:00+02:00,3,6,1,48,1,0,0,0,5,5,1,0,53,0,1,0,0,0,0,0,0,1,0
2026-04-27T21:05:00+02:00,2026-04-27T21:10:00+02:00,1,7,0,41,0,0,0,0,0,5,0,0,47,0,0,0,0,0,0,0,0,1,0
2026-04-27T21:10:00+02:00,2026-04-27T21:15:00+02:00,0,10,0,44,0,0,0,0,3,2,0,0,48,0,0,0,0,0,1,0,0,0,0
2026-04-27T21:15:00+02:00,2026-04-27T21:20:00+02:00,0,2,3,39,0,0,0,0,1,7,0,0,62,0,0,0,0,0,0,0,0,0,0
2026-04-27T21:20:00+02:00,2026-04-27T21:25:00+02:00,0,1,2,28,0,0,0,0,4,7,0,0,29,0,0,0,0,0,0,0,0,0,0
2026-04-27T21:25:00+02:00,2026-04-27T21:30:00+02:00,0,2,5,36,0,0,0,0,2,2,0,0,21,0,0,0,0,0,1,0,0,0,0
2026-04-27T21:30:00+02:00,2026-04-27T21:35:00+02:00,0,0,1,31,0,0,0,0,4,3,0,0,24,0,0,0,0,0,1,0,0,0,0
2026-04-27T21:35:00+02:00,2026-04-27T21:40:00+02:00,0,4,0,39,0,0,0,0,2,8,0,0,48,0,0,0,0,0,0,0,0,0,0
2026-04-27T21:40:00+02:00,2026-04-27T21:45:00+02:00,0,2,1,32,0,0,0,0,4,3,3,0,40,0,0,0,0,0,0,0,0,0,0
2026-04-27T21:45:00+02:00,2026-04-27T21:50:00+02:00,0,2,1,33,0,0,0,0,2,2,0,0,20,0,0,0,0,0,0,0,0,1,0
2026-04-27T21:50:00+02:00,2026-04-27T21:55:00+02:00,0,0,0,43,0,0,0,0,4,1,0,0,23,0,0,0,0,0,0,0,0,3,0
2026-04-27T21:55:00+02:00,2026-04-27T22:00:00+02:00,1,2,3,38,0,0,0,0,2,4,1,0,21,0,0,0,0,0,0,0,0,0,0
2026-04-27T22:00:00+02:00,2026-04-27T22:05:00+02:00,0,1,1,43,0,0,0,0,0,3,0,0,30,1,0,0,0,0,0,0,0,2,0
2026-04-27T22:05:00+02:00,2026-04-27T22:10:00+02:00,0,0,2,81,0,0,0,0,2,4,0,0,34,0,0,0,0,0,0,0,0,1,0
2026-04-27T22:10:00+02:00,2026-04-27T22:15:00+02:00,0,2,2,37,0,0,0,0,6,3,0,0,37,0,0,0,0,0,0,0,0,0,0
2026-04-27T22:15:00+02:00,2026-04-27T22:20:00+02:00,0,0,4,41,0,0,0,0,4,1,0,0,23,0,0,0,0,0,0,0,0,0,0
2026-04-27T22:20:00+02:00,2026-04-27T22:25:00+02:00,0,0,1,18,0,0,0,0,2,3,0,0,19,0,0,0,0,0,0,0,0,0,0
2026-04-27T22:25:00+02:00,2026-04-27T22:30:00+02:00,0,0,3,21,0,0,0,0,3,2,0,0,21,0,0,0,0,0,1,0,0,0,0
2026-04-27T22:30:00+02:00,2026-04-27T22:35:00+02:00,0,0,3,22,1,0,0,0,1,3,2,0,19,0,0,0,0,0,0,0,0,0,0
2026-04-27T22:35:00+02:00,2026-04-27T22:40:00+02:00,0,4,0,32,0,0,0,0,2,0,0,0,19,0,0,0,0,0,0,0,0,0,0
2026-04-27T22:40:00+02:00,2026-04-27T22:45:00+02:00,0,0,0,24,0,0,0,0,1,0,0,0,7,0,0,0,0,0,0,0,0,0,0
2026-04-27T22:45:00+02:00,2026-04-27T22:50:00+02:00,0,0,0,18,0,0,0,0,3,0,0,0,13,0,0,0,0,0,0,0,0,0,0
2026-04-27T22:50:00+02:00,2026-04-27T22:55:00+02:00,0,0,0,16,0,0,0,0,3,4,0,0,14,0,0,0,0,0,0,0,0,1,0
2026-04-27T22:55:00+02:00,2026-04-27T23:00:00+02:00,0,1,0,18,0,0,0,0,1,1,0,0,13,0,0,0,0,0,0,0,0,0,0
2026-04-27T23:00:00+02:00,2026-04-27T23:05:00+02:00,0,0,0,15,0,0,0,0,1,0,0,0,25,0,0,0,0,0,0,0,0,0,0
2026-04-27T23:05:00+02:00,2026-04-27T23:10:00+02:00,0,2,0,24,0,0,0,0,1,2,0,0,16,0,0,0,0,0,1,0,0,1,0
2026-04-27T23:10:00+02:00,2026-04-27T23:15:00+02:00,0,0,0,8,0,0,0,0,0,0,0,0,25,0,0,0,0,0,0,0,0,3,0
2026-04-27T23:15:00+02:00,2026-04-27T23:20:00+02:00,0,1,3,17,0,0,0,0,2,1,0,0,20,0,0,0,0,0,0,0,0,1,0
2026-04-27T23:20:00+02:00,2026-04-27T23:25:00+02:00,0,5,1,7,0,0,0,0,0,0,0,0,22,0,0,0,0,0,0,0,0,1,0
2026-04-27T23:25:00+02:00,2026-04-27T23:30:00+02:00,0,0,4,11,0,0,0,0,3,0,0,0,22,0,0,0,0,0,0,0,0,1,0
2026-04-27T23:30:00+02:00,2026-04-27T23:35:00+02:00,0,0,9,6,0,0,0,0,1,0,0,0,16,0,0,0,0,0,0,0,0,0,0
2026-04-27T23:35:00+02:00,2026-04-27T23:40:00+02:00,0,0,1,9,0,0,0,0,2,2,0,0,20,0,0,0,0,0,1,0,0,2,0
2026-04-27T23:40:00+02:00,2026-04-27T23:45:00+02:00,0,0,1,7,0,0,0,0,1,0,0,0,27,0,1,0,0,0,0,0,0,2,0
2026-04-27T23:45:00+02:00,2026-04-27T23:50:00+02:00,0,0,1,12,0,0,0,0,0,0,0,0,7,0,0,0,0,0,0,0,0,1,0
2026-04-27T23:50:00+02:00,2026-04-27T23:55:00+02:00,0,0,0,8,0,0,0,0,2,2,0,0,7,0,0,0,0,0,0,0,0,0,0
2026-04-27T23:55:00+02:00,2026-04-28T00:00:00+02:00,0,0,0,6,0,0,0,0,0,0,0,0,20,0,0,0,0,0,0,0,0,0,0
2026-04-28T00:00:00+02:00,2026-04-28T00:05:00+02:00,0,0,0,5,0,0,0,0,2,1,0,0,12,0,0,0,0,0,0,0,0,0,0
2026-04-28T00:05:00+02:00,2026-04-28T00:10:00+02:00,0,0,0,5,0,0,0,0,1,0,0,0,7,0,0,0,0,0,0,0,0,0,0
2026-04-28T00:10:00+02:00,2026-04-28T00:15:00+02:00,0,0,0,5,0,0,0,0,0,2,0,0,11,0,0,0,0,0,1,0,0,0,0
2026-04-28T00:15:00+02:00,2026-04-28T00:20:00+02:00,0,0,0,5,0,0,0,0,0,0,0,0,8,0,0,0,0,0,0,0,0,0,0
2026-04-28T00:20:00+02:00,2026-04-28T00:25:00+02:00,0,0,0,4,0,0,0,0,4,0,0,0,5,0,0,0,0,0,0,0,0,3,0
2026-04-28T00:25:00+02:00,2026-04-28T00:30:00+02:00,0,0,0,7,0,0,0,0,4,0,0,0,17,0,0,0,0,0,0,0,0,2,0
2026-04-28T00:30:00+02:00,2026-04-28T00:35:00+02:00,0,0,0,4,2,0,0,0,1,0,0,0,11,0,0,0,0,0,0,0,0,2,0
2026-04-28T00:35:00+02:00,2026-04-28T00:40:00+02:00,0,0,0,0,0,0,0,0,0,3,0,0,29,0,0,0,0,0,0,0,0,0,0
2026-04-28T00:40:00+02:00,2026-04-28T00:45:00+02:00,0,0,0,3,0,0,0,0,2,0,0,0,10,0,0,0,0,0,0,0,0,1,0
2026-04-28T00:45:00+02:00,2026-04-28T00:50:00+02:00,0,0,0,0,0,0,0,0,1,0,0,0,5,0,0,0,0,0,0,0,0,0,0
2026-04-28T00:50:00+02:00,2026-04-28T00:55:00+02:00,0,0,0,2,0,0,0,0,2,0,0,0,16,0,0,0,0,0,0,0,0,0,0
2026-04-28T00:55:00+02:00,2026-04-28T01:00:00+02:00,0,0,0,2,0,0,0,0,2,0,0,0,5,0,0,0,0,0,0,0,0,0,0
2026-04-28T01:00:00+02:00,2026-04-28T01:05:00+02:00,0,0,0,3,0,0,0,0,2,3,0,0,15,0,0,0,0,0,0,0,0,0,0
2026-04-28T01:05:00+02:00,2026-04-28T01:10:00+02:00,0,0,0,4,0,0,0,0,0,0,0,0,21,0,0,0,0,0,0,0,0,0,0
2026-04-28T01:10:00+02:00,2026-04-28T01:15:00+02:00,0,0,0,3,2,0,0,0,3,4,0,0,10,0,0,0,0,0,0,0,0,3,0
2026-04-28T01:15:00+02:00,2026-04-28T01:20:00+02:00,0,0,0,4,0,0,0,0,3,0,0,0,13,0,0,0,0,0,0,0,0,0,0
2026-04-28T01:20:00+02:00,2026-04-28T01:25:00+02:00,0,0,0,1,0,0,0,0,3,0,0,0,16,0,0,0,0,0,0,0,0,0,0
2026-04-28T01:25:00+02:00,2026-04-28T01:30:00+02:00,0,0,0,3,0,0,0,0,0,0,0,0,12,0,0,0,0,0,0,0,0,0,0
2026-04-28T01:30:00+02:00,2026-04-28T01:35:00+02:00,0,0,0,0,0,0,0,0,1,2,0,0,10,0,0,0,0,0,0,0,0,0,0
2026-04-28T01:35:00+02:00,2026-04-28T01:40:00+02:00,0,0,0,2,0,0,0,0,0,1,0,0,2,0,0,0,0,0,0,0,0,0,0
2026-04-28T01:40:00+02:00,2026-04-28T01:45:00+02:00,0,0,0,1,0,0,0,0,0,0,0,0,6,0,0,0,0,0,0,0,0,1,0
2026-04-28T01:45:00+02:00,2026-04-28T01:50:00+02:00,0,0,0,4,0,0,0,0,0,1,0,0,3,0,0,0,0,0,1,0,0,3,0
2026-04-28T01:50:00+02:00,2026-04-28T01:55:00+02:00,0,0,0,1,0,0,0,0,0,1,0,0,6,0,0,0,0,0,0,0,0,0,0
2026-04-28T01:55:00+02:00,2026-04-28T02:00:00+02:00,0,0,0,0,0,0,0,0,1,0,0,0,5,0,0,0,0,0,0,0,0,0,0
2026-04-28T02:00:00+02:00,2026-04-28T02:05:00+02:00,0,0,0,1,0,0,0,0,2,1,0,0,6,0,0,0,0,0,0,0,0,0,0
2026-04-28T02:05:00+02:00,2026-04-28T02:10:00+02:00,0,0,0,5,1,0,0,0,3,1,0,0,7,0,0,0,0,0,0,0,0,0,0
2026-04-28T02:10:00+02:00,2026-04-28T02:15:00+02:00,0,0,0,2,0,0,0,0,2,3,0,0,21,0,0,0,0,0,0,0,0,0,0
2026-04-28T02:15:00+02:00,2026-04-28T02:20:00+02:00,0,0,0,3,0,0,0,0,0,1,0,0,5,0,0,0,0,0,0,0,0,1,0
2026-04-28T02:20:00+02:00,2026-04-28T02:25:00+02:00,0,1,0,6,0,0,0,0,0,0,1,0,9,0,0,0,0,0,0,0,0,0,0
2026-04-28T02:25:00+02:00,2026-04-28T02:30:00+02:00,0,0,0,5,0,0,0,0,5,2,0,0,9,0,0,0,0,0,1,0,0,0,0
2026-04-28T02:30:00+02:00,2026-04-28T02:35:00+02:00,0,0,0,3,0,0,0,0,2,0,0,0,6,0,0,0,0,0,0,0,0,0,0
2026-04-28T02:35:00+02:00,2026-04-28T02:40:00+02:00,0,0,0,3,0,0,0,0,2,1,0,0,12,0,0,0,0,0,0,0,0,0,0
2026-04-28T02:40:00+02:00,2026-04-28T02:45:00+02:00,0,0,0,4,0,0,0,0,4,1,0,0,9,0,0,0,0,0,1,0,0,0,0
2026-04-28T02:45:00+02:00,2026-04-28T02:50:00+02:00,0,0,0,0,0,0,0,0,1,0,0,0,4,0,0,0,0,0,0,0,0,1,0
2026-04-28T02:50:00+02:00,2026-04-28T02:55:00+02:00,0,2,0,8,0,0,0,0,4,1,0,0,12,0,0,0,0,0,0,0,0,2,0
2026-04-28T02:55:00+02:00,2026-04-28T03:00:00+02:00,0,0,0,7,0,0,0,0,3,0,0,0,13,0,0,0,0,0,0,0,0,0,0
2026-04-28T03:00:00+02:00,2026-04-28T03:05:00+02:00,0,0,0,6,0,0,0,0,1,2,0,0,10,0,0,0,0,0,0,0,0,1,0
2026-04-28T03:05:00+02:00,2026-04-28T03:10:00+02:00,0,1,0,3,0,0,0,0,3,4,0,0,8,0,0,0,0,0,1,0,0,3,0
2026-04-28T03:10:00+02:00,2026-04-28T03:15:00+02:00,0,0,0,0,0,0,0,0,1,5,0,0,5,0,0,0,0,0,2,0,0,0,0
2026-04-28T03:15:00+02:00,2026-04-28T03:20:00+02:00,0,0,0,7,0,0,0,0,7,5,0,0,10,0,0,0,0,0,0,0,0,0,0
2026-04-28T03:20:00+02:00,2026-04-28T03:25:00+02:00,0,0,0,13,0,0,0,0,4,1,0,0,15,0,0,0,0,0,0,0,0,0,0
2026-04-28T03:25:00+02:00,2026-04-28T03:30:00+02:00,0,0,0,3,0,0,0,0,1,0,0,0,3,0,0,0,0,0,0,0,0,0,0
2026-04-28T03:30:00+02:00,2026-04-28T03:35:00+02:00,0,0,0,14,0,0,0,0,7,1,0,0,15,0,0,0,0,0,0,0,0,0,0
2026-04-28T03:35:00+02:00,2026-04-28T03:40:00+02:00,0,0,0,7,0,0,0,0,3,1,0,0,11,0,0,0,0,0,0,0,0,1,0
2026-04-28T03:40:00+02:00,2026-04-28T03:45:00+02:00,0,0,0,6,0,0,0,0,3,2,0,0,15,0,0,0,0,0,0,0,0,0,0
2026-04-28T03:45:00+02:00,2026-04-28T03:50:00+02:00,0,1,0,5,0,0,0,0,1,0,0,0,21,0,0,0,0,0,0,0,0,2,0
2026-04-28T03:50:00+02:00,2026-04-28T03:55:00+02:00,0,2,2,9,0,0,0,0,4,4,0,0,28,0,0,0,0,0,1,0,0,0,0
2026-04-28T03:55:00+02:00,2026-04-28T04:00:00+02:00,0,3,2,11,0,0,0,0,5,2,0,0,23,0,0,0,0,0,0,0,0,1,0
2026-04-28T04:00:00+02:00,2026-04-28T04:05:00+02:00,0,0,1,4,0,0,0,0,2,0,0,0,15,0,0,0,0,0,0,0,0,2,0
2026-04-28T04:05:00+02:00,2026-04-28T04:10:00+02:00,0,0,3,13,0,0,0,0,7,3,0,0,21,0,0,0,0,0,1,0,0,6,0
2026-04-28T04:10:00+02:00,2026-04-28T04:15:00+02:00,0,0,5,10,0,0,0,0,4,0,0,0,27,0,0,0,0,0,0,0,0,0,0
2026-04-28T04:15:00+02:00,2026-04-28T04:20:00+02:00,0,0,2,11,0,0,0,0,1,3,0,0,11,0,0,0,0,0,0,0,0,2,0
2026-04-28T04:20:00+02:00,2026-04-28T04:25:00+02:00,0,0,4,5,0,0,0,0,2,0,0,0,20,0,0,0,0,0,0,0,0,0,0
2026-04-28T04:25:00+02:00,2026-04-28T04:30:00+02:00,2,1,0,22,1,0,0,0,5,2,0,0,26,1,1,0,0,0,0,0,0,4,0
2026-04-28T04:30:00+02:00,2026-04-28T04:35:00+02:00,0,0,3,16,1,0,0,0,7,2,0,0,26,0,0,0,0,0,0,0,0,1,0
2026-04-28T04:35:00+02:00,2026-04-28T04:40:00+02:00,0,0,1,17,0,0,0,0,8,1,0,0,20,0,0,0,0,0,0,0,0,0,0
2026-04-28T04:40:00+02:00,2026-04-28T04:45:00+02:00,0,2,0,23,0,0,0,0,10,1,0,0,26,0,0,0,0,0,1,0,0,5,0
2026-04-28T04:45:00+02:00,2026-04-28T04:50:00+02:00,0,0,0,27,0,0,0,0,5,0,0,0,19,0,0,0,0,0,0,0,0,2,0
2026-04-28T04:50:00+02:00,2026-04-28T04:55:00+02:00,0,6,0,52,0,0,0,0,6,2,0,0,17,0,0,0,0,0,0,0,0,6,0
2026-04-28T04:55:00+02:00,2026-04-28T05:00:00+02:00,0,3,2,47,0,0,0,0,8,6,0,0,13,0,0,0,0,0,0,0,0,3,0
2026-04-28T05:00:00+02:00,2026-04-28T05:05:00+02:00,0,3,2,47,0,0,0,0,5,6,0,0,31,0,0,0,0,0,1,0,0,5,0
2026-04-28T05:05:00+02:00,2026-04-28T05:10:00+02:00,0,6,3,39,2,0,0,0,7,3,0,0,34,0,0,0,0,0,1,0,0,3,0
2026-04-28T05:10:00+02:00,2026-04-28T05:15:00+02:00,0,4,4,47,0,0,0,0,3,3,0,0,30,3,2,0,0,0,0,0,0,4,0
2026-04-28T05:15:00+02:00,2026-04-28T05:20:00+02:00,0,1,4,73,0,0,0,0,7,4,2,0,27,0,0,0,0,0,0,0,0,5,0
2026-04-28T05:20:00+02:00,2026-04-28T05:25:00+02:00,0,4,6,55,0,0,0,0,7,6,0,0,32,0,0,0,0,0,1,0,0,3,0
2026-04-28T05:25:00+02:00,2026-04-28T05:30:00+02:00,0,7,5,78,0,0,0,0,11,2,0,0,36,0,0,0,0,0,1,0,0,3,0
2026-04-28T05:30:00+02:00,2026-04-28T05:35:00+02:00,2,17,7,63,0,0,0,0,7,2,0,0,33,0,1,0,0,0,0,0,0,5,0
2026-04-28T05:35:00+02:00,2026-04-28T05:40:00+02:00,0,1,6,98,1,0,0,0,7,3,2,0,25,0,0,0,0,0,0,0,0,3,0
2026-04-28T05:40:00+02:00,2026-04-28T05:45:00+02:00,0,9,9,113,1,0,0,0,5,8,0,0,35,0,0,0,0,0,1,0,0,8,0
2026-04-28T05:45:00+02:00,2026-04-28T05:50:00+02:00,0,6,1,101,0,0,0,0,5,3,0,0,32,0,2,0,0,0,0,0,0,8,0
2026-04-28T05:50:00+02:00,2026-04-28T05:55:00+02:00,0,3,2,100,0,0,0,0,4,10,0,0,9,0,0,0,0,0,0,0,0,8,0
2026-04-28T05:55:00+02:00,2026-04-28T06:00:00+02:00,0,0,4,59,0,0,0,0,9,3,0,0,19,0,0,0,0,0,0,0,0,6,0
2026-04-28T06:00:00+02:00,2026-04-28T06:05:00+02:00,0,2,3,87,0,0,0,0,4,5,0,0,32,0,0,0,0,0,0,0,0,4,0
2026-04-28T06:05:00+02:00,2026-04-28T06:10:00+02:00,0,3,1,84,0,0,0,0,3,2,0,0,32,0,0,0,1,0,0,0,0,4,0
2026-04-28T06:10:00+02:00,2026-04-28T06:15:00+02:00,0,7,3,87,0,0,0,0,7,5,0,0,52,0,0,0,0,0,0,0,0,9,0
2026-04-28T06:15:00+02:00,2026-04-28T06:20:00+02:00,0,6,3,98,0,0,0,0,11,11,0,0,49,0,0,0,0,0,0,0,0,14,0
2026-04-28T06:20:00+02:00,2026-04-28T06:25:00+02:00,0,2,1,100,0,0,0,0,8,9,0,0,41,0,0,0,0,0,1,0,0,5,0
2026-04-28T06:25:00+02:00,2026-04-28T06:30:00+02:00,0,7,4,96,0,0,0,0,14,3,0,0,44,0,0,0,0,0,0,0,0,15,0
2026-04-28T06:30:00+02:00,2026-04-28T06:35:00+02:00,0,5,1,112,0,0,0,0,10,5,0,0,60,0,1,0,0,0,0,0,0,7,0
2026-04-28T06:35:00+02:00,2026-04-28T06:40:00+02:00,0,11,2,155,4,0,0,0,9,1,0,0,39,0,0,0,0,0,0,0,0,15,0
2026-04-28T06:40:00+02:00,2026-04-28T06:45:00+02:00,0,2,0,161,0,0,0,0,11,15,0,0,51,0,0,0,0,0,0,0,0,11,0
2026-04-28T06:45:00+02:00,2026-04-28T06:50:00+02:00,0,0,6,134,0,0,0,0,9,11,0,0,51,0,0,0,0,0,0,0,0,17,0
2026-04-28T06:50:00+02:00,2026-04-28T06:55:00+02:00,0,10,6,162,1,0,0,0,9,7,0,0,84,0,0,0,0,0,1,0,0,25,0
2026-04-28T06:55:00+02:00,2026-04-28T07:00:00+02:00,0,2,1,139,0,0,0,0,9,5,0,0,27,0,0,0,0,0,0,0,0,4,0
2026-04-28T07:00:00+02:00,2026-04-28T07:05:00+02:00,0,6,1,142,2,0,0,0,15,12,0,0,47,0,0,0,0,0,0,0,0,23,0
2026-04-28T07:05:00+02:00,2026-04-28T07:10:00+02:00,0,6,2,140,0,0,0,0,9,11,0,0,58,0,0,0,0,0,1,0,0,22,0
2026-04-28T07:10:00+02:00,2026-04-28T07:15:00+02:00,0,12,5,182,1,0,0,0,10,17,0,0,84,0,0,0,0,0,2,0,0,25,0
2026-04-28T07:15:00+02:00,2026-04-28T07:20:00+02:00,0,19,4,157,1,0,0,0,11,10,0,0,63,0,0,0,1,0,0,0,0,19,0
2026-04-28T07:20:00+02:00,2026-04-28T07:25:00+02:00,0,27,4,163,0,0,0,0,9,11,0,0,54,0,0,0,0,0,0,0,0,10,0
2026-04-28T07:25:00+02:00,2026-04-28T07:30:00+02:00,0,17,11,165,2,0,0,0,8,10,0,0,119,0,0,0,0,0,0,0,0,12,0
2026-04-28T07:30:00+02:00,2026-04-28T07:35:00+02:00,0,27,8,195,0,0,0,0,7,6,0,0,150,2,0,0,3,0,1,0,0,16,0
2026-04-28T07:35:00+02:00,2026-04-28T07:40:00+02:00,1,6,11,176,0,0,0,0,5,17,2,0,143,0,3,0,3,0,0,0,0,16,0
2026-04-28T07:40:00+02:00,2026-04-28T07:45:00+02:00,0,22,8,198,1,0,0,0,11,12,0,0,181,0,0,0,2,0,0,0,0,5,0
2026-04-28T07:45:00+02:00,2026-04-28T07:50:00+02:00,0,8,5,215,0,0,0,0,11,5,3,0,141,0,0,0,1,0,0,0,0,10,0
2026-04-28T07:50:00+02:00,2026-04-28T07:55:00+02:00,0,14,3,221,1,0,0,0,18,21,1,0,95,2,0,0,1,0,2,0,0,17,0
2026-04-28T07:55:00+02:00,2026-04-28T08:00:00+02:00,0,6,5,190,1,0,0,0,14,18,0,0,45,0,1,0,0,0,0,0,0,17,0
2026-04-28T08:00:00+02:00,2026-04-28T08:05:00+02:00,0,12,5,190,1,0,0,0,19,26,0,0,72,0,0,0,0,0,1,0,0,18,0
2026-04-28T08:05:00+02:00,2026-04-28T08:10:00+02:00,0,2,1,168,0,0,0,0,20,17,0,0,74,0,0,0,0,0,0,0,0,11,0
2026-04-28T08:10:00+02:00,2026-04-28T08:15:00+02:00,0,5,4,183,2,0,0,0,17,14,1,0,134,1,0,0,1,0,1,0,0,20,0
2026-04-28T08:15:00+02:00,2026-04-28T08:20:00+02:00,0,2,0,162,4,0,0,0,11,9,0,0,84,2,0,0,0,0,0,0,0,12,0
2026-04-28T08:20:00+02:00,2026-04-28T08:25:00+02:00,0,8,2,135,4,0,0,0,8,20,0,0,89,0,0,0,2,0,3,0,0,15,0
2026-04-28T08:25:00+02:00,2026-04-28T08:30:00+02:00,0,14,0,164,3,0,0,0,17,8,1,0,77,0,1,0,2,0,2,0,0,21,0
2026-04-28T08:30:00+02:00,2026-04-28T08:35:00+02:00,0,3,6,171,2,0,0,0,7,19,1,0,53,0,1,0,0,0,1,0,0,25,0
2026-04-28T08:35:00+02:00,2026-04-28T08:40:00+02:00,0,14,3,154,0,0,0,0,20,15,0,0,105,0,0,0,3,0,4,0,0,22,0
2026-04-28T08:40:00+02:00,2026-04-28T08:45:00+02:00,0,4,2,168,2,0,0,0,10,17,1,0,95,0,0,0,0,0,0,0,0,11,0
2026-04-28T08:45:00+02:00,2026-04-28T08:50:00+02:00,1,7,3,166,2,0,0,0,9,9,2,0,115,2,0,0,2,0,1,0,0,13,0
2026-04-28T08:50:00+02:00,2026-04-28T08:55:00+02:00,0,11,4,144,3,0,0,0,15,14,4,0,121,6,1,0,0,0,0,0,0,24,0
2026-04-28T08:55:00+02:00,2026-04-28T09:00:00+02:00,0,15,3,154,2,0,0,0,11,12,0,0,112,0,0,0,0,0,4,0,0,13,0
2026-04-28T09:00:00+02:00,2026-04-28T09:05:00+02:00,0,3,2,152,1,0,0,0,14,15,1,0,64,0,0,0,0,0,0,0,0,15,0
2026-04-28T09:05:00+02:00,2026-04-28T09:10:00+02:00,0,22,1,139,0,0,0,0,11,18,0,0,103,10,0,0,0,0,2,0,0,14,0
2026-04-28T09:10:00+02:00,2026-04-28T09:15:00+02:00,0,8,4,157,2,0,0,0,16,17,1,0,97,0,0,0,0,0,0,0,0,16,0
2026-04-28T09:15:00+02:00,2026-04-28T09:20:00+02:00,0,3,4,163,1,0,0,0,15,8,0,0,71,4,0,0,1,0,2,0,0,22,0
2026-04-28T09:20:00+02:00,2026-04-28T09:25:00+02:00,3,14,0,158,5,0,0,0,17,19,0,0,138,7,0,0,0,0,0,0,0,21,0
2026-04-28T09:25:00+02:00,2026-04-28T09:30:00+02:00,0,18,0,171,2,0,0,0,21,5,0,0,103,1,0,0,0,0,0,0,0,17,0
2026-04-28T09:30:00+02:00,2026-04-28T09:35:00+02:00,0,21,0,181,1,0,0,0,10,17,0,0,85,8,0,0,0,0,1,0,0,22,0
2026-04-28T09:35:00+02:00,2026-04-28T09:40:00+02:00,3,10,2,154,1,0,0,0,8,10,0,0,100,9,0,0,4,0,2,0,0,11,0
2026-04-28T09:40:00+02:00,2026-04-28T09:45:00+02:00,0,18,3,173,2,0,0,0,11,3,0,0,100,4,0,0,0,0,0,0,0,15,0
2026-04-28T09:45:00+02:00,2026-04-28T09:50:00+02:00,0,16,1,176,4,0,0,0,18,7,0,0,138,5,1,0,0,0,1,0,0,17,0
2026-04-28T09:50:00+02:00,2026-04-28T09:55:00+02:00,0,11,1,140,2,0,0,0,11,14,1,0,145,0,0,0,0,0,0,0,0,22,0
2026-04-28T09:55:00+02:00,2026-04-28T10:00:00+02:00,0,42,0,167,1,0,0,0,5,22,0,0,123,0,1,0,0,0,1,0,0,11,0
2026-04-28T10:00:00+02:00,2026-04-28T10:05:00+02:00,0,21,5,163,0,0,0,0,14,8,1,0,153,4,2,0,0,0,0,0,0,16,0
2026-04-28T10:05:00+02:00,2026-04-28T10:10:00+02:00,0,44,3,173,1,0,0,0,16,14,2,0,135,5,7,0,2,0,1,0,0,18,0
2026-04-28T10:10:00+02:00,2026-04-28T10:15:00+02:00,0,32,2,156,0,0,0,0,13,9,0,0,154,3,0,0,0,0,0,0,0,10,0
2026-04-28T10:15:00+02:00,2026-04-28T10:20:00+02:00,0,32,0,189,1,0,0,0,11,16,0,0,193,3,0,0,0,0,1,0,0,11,0
2026-04-28T10:20:00+02:00,2026-04-28T10:25:00+02:00,0,19,1,122,0,0,0,0,13,20,3,0,105,3,0,0,0,0,3,0,0,14,0
2026-04-28T10:25:00+02:00,2026-04-28T10:30:00+02:00,0,28,5,138,0,0,0,0,9,13,1,0,98,0,1,0,0,0,0,0,0,5,0
2026-04-28T10:30:00+02:00,2026-04-28T10:35:00+02:00,0,19,3,169,3,0,0,0,11,9,0,0,158,0,0,0,0,0,0,0,0,17,0
2026-04-28T10:35:00+02:00,2026-04-28T10:40:00+02:00,0,16,1,141,2,0,0,0,8,6,6,0,175,0,0,0,1,0,0,0,0,10,0
2026-04-28T10:40:00+02:00,2026-04-28T10:45:00+02:00,0,23,2,158,3,0,0,0,8,9,0,0,113,0,0,0,0,0,1,0,0,14,0
2026-04-28T10:45:00+02:00,2026-04-28T10:50:00+02:00,1,12,2,174,0,0,0,0,17,18,0,0,159,0,0,0,0,0,0,0,0,15,0
2026-04-28T10:50:00+02:00,2026-04-28T10:55:00+02:00,0,27,3,194,2,0,0,0,14,10,3,0,197,2,0,0,1,0,2,0,0,13,0
2026-04-28T10:55:00+02:00,2026-04-28T11:00:00+02:00,0,42,1,162,1,0,0,0,17,18,0,0,157,12,0,0,1,0,1,0,0,19,0
2026-04-28T11:00:00+02:00,2026-04-28T11:05:00+02:00,0,42,0,160,2,0,0,0,19,12,2,0,150,5,0,0,0,0,0,0,0,31,0
2026-04-28T11:05:00+02:00,2026-04-28T11:10:00+02:00,0,13,5,146,0,0,0,0,12,18,0,0,118,2,0,0,0,0,1,0,0,21,0
2026-04-28T11:10:00+02:00,2026-04-28T11:15:00+02:00,0,16,4,178,5,0,0,0,6,16,3,0,101,0,0,0,0,0,0,0,0,11,0
2026-04-28T11:15:00+02:00,2026-04-28T11:20:00+02:00,0,11,0,162,3,0,0,0,22,21,2,0,148,0,0,0,0,0,0,0,0,9,0
2026-04-28T11:20:00+02:00,2026-04-28T11:25:00+02:00,0,22,2,215,0,0,0,0,6,19,7,0,207,13,0,0,0,0,2,0,0,22,0
2026-04-28T11:25:00+02:00,2026-04-28T11:30:00+02:00,0,24,1,178,3,0,0,0,14,6,6,0,162,12,0,0,1,0,2,0,0,14,0
2026-04-28T11:30:00+02:00,2026-04-28T11:35:00+02:00,0,20,0,152,1,0,0,0,12,7,2,0,146,11,0,0,0,0,1,0,0,11,0
2026-04-28T11:35:00+02:00,2026-04-28T11:40:00+02:00,0,16,1,171,0,0,0,0,15,13,5,0,155,0,1,0,0,0,0,0,0,17,0
2026-04-28T11:40:00+02:00,2026-04-28T11:45:00+02:00,2,16,11,179,1,0,0,0,11,12,7,0,121,6,0,0,0,0,0,0,0,16,0
2026-04-28T11:45:00+02:00,2026-04-28T11:50:00+02:00,0,24,6,182,1,0,0,0,15,10,0,0,141,2,1,0,0,0,0,0,0,18,0
2026-04-28T11:50:00+02:00,2026-04-28T11:55:00+02:00,0,19,1,169,0,0,0,0,17,19,2,0,142,5,1,0,1,0,1,0,0,23,0
2026-04-28T11:55:00+02:00,2026-04-28T12:00:00+02:00,1,8,0,177,3,0,0,0,14,14,0,0,157,9,0,0,0,0,1,0,0,10,0
2026-04-28T12:00:00+02:00,2026-04-28T12:05:00+02:00,0,16,10,162,2,0,0,0,14,10,3,0,145,0,0,0,0,0,0,0,0,21,0
2026-04-28T12:05:00+02:00,2026-04-28T12:10:00+02:00,0,18,2,156,2,0,0,0,14,6,5,0,174,10,1,0,0,0,0,0,0,17,0
2026-04-28T12:10:00+02:00,2026-04-28T12:15:00+02:00,0,33,4,144,0,0,0,0,12,24,1,0,153,0,0,0,0,0,0,0,0,11,0
2026-04-28T12:15:00+02:00,2026-04-28T12:20:00+02:00,0,20,1,162,2,0,0,0,7,17,0,0,88,0,0,0,0,0,2,0,0,13,0
2026-04-28T12:20:00+02:00,2026-04-28T12:25:00+02:00,0,17,5,144,0,0,0,0,16,16,1,0,111,5,0,0,0,0,0,0,0,12,0
2026-04-28T12:25:00+02:00,2026-04-28T12:30:00+02:00,0,17,1,160,4,0,0,0,6,7,1,0,127,2,0,0,0,0,2,0,0,22,0
2026-04-28T12:30:00+02:00,2026-04-28T12:35:00+02:00,1,13,2,168,0,0,0,0,21,11,0,0,179,13,0,0,1,0,1,0,0,25,0
2026-04-28T12:35:00+02:00,2026-04-28T12:40:00+02:00,1,20,1,179,2,0,0,0,17,7,2,0,187,3,0,0,1,0,0,0,0,13,0
2026-04-28T12:40:00+02:00,2026-04-28T12:45:00+02:00,0,1,3,184,0,0,0,0,10,8,2,0,108,4,0,0,1,0,1,0,0,15,0
2026-04-28T12:45:00+02:00,2026-04-28T12:50:00+02:00,1,24,1,166,1,0,0,0,11,6,3,0,143,0,0,0,0,0,0,0,0,28,0
2026-04-28T12:50:00+02:00,2026-04-28T12:55:00+02:00,0,29,2,180,0,0,0,0,13,17,1,0,119,1,0,0,2,0,2,0,0,8,0
2026-04-28T12:55:00+02:00,2026-04-28T13:00:00+02:00,0,29,3,177,2,0,0,0,11,18,1,0,175,0,0,0,3,0,4,0,0,11,0
2026-04-28T13:00:00+02:00,2026-04-28T13:05:00+02:00,0,14,1,167,0,0,0,0,12,11,3,0,153,0,3,0,1,0,3,0,0,5,0
2026-04-28T13:05:00+02:00,2026-04-28T13:10:00+02:00,0,23,4,146,1,0,0,0,16,10,0,0,169,0,1,0,0,0,0,0,0,13,0
2026-04-28T13:10:00+02:00,2026-04-28T13:15:00+02:00,0,17,3,172,2,0,0,0,14,10,2,0,98,2,2,0,0,0,0,0,0,20,0
2026-04-28T13:15:00+02:00,2026-04-28T13:20:00+02:00,0,19,3,193,0,0,0,0,15,11,2,0,132,4,0,0,1,0,0,0,0,8,0
2026-04-28T13:20:00+02:00,2026-04-28T13:25:00+02:00,0,19,3,202,0,0,0,0,13,12,1,0,132,4,0,0,0,0,0,0,0,5,0
2026-04-28T13:25:00+02:00,2026-04-28T13:30:00+02:00,0,7,1,157,0,0,0,0,12,13,0,0,138,0,0,0,1,0,1,0,0,11,0
2026-04-28T13:30:00+02:00,2026-04-28T13:35:00+02:00,0,21,1,184,0,0,0,0,8,4,0,0,135,2,0,0,3,0,2,0,0,11,0
2026-04-28T13:35:00+02:00,2026-04-28T13:40:00+02:00,0,7,4,166,2,0,0,0,11,13,1,0,156,0,0,0,1,0,1,0,0,16,0
2026-04-28T13:40:00+02:00,2026-04-28T13:45:00+02:00,0,40,5,199,1,0,0,0,9,13,0,0,144,0,0,0,0,0,2,0,0,15,0
2026-04-28T13:45:00+02:00,2026-04-28T13:50:00+02:00,2,39,3,190,2,2,0,0,12,14,0,0,195,8,0,0,2,0,3,0,0,18,0
2026-04-28T13:50:00+02:00,2026-04-28T13:55:00+02:00,0,42,2,139,0,0,0,0,16,12,10,0,223,0,0,0,0,0,0,0,0,16,0
2026-04-28T13:55:00+02:00,2026-04-28T14:00:00+02:00,0,22,4,172,0,0,0,0,11,6,1,0,194,0,0,0,4,0,1,0,0,6,0
2026-04-28T14:00:00+02:00,2026-04-28T14:05:00+02:00,0,17,1,199,2,0,0,0,13,5,0,0,160,0,2,0,2,0,0,0,0,16,0
2026-04-28T14:05:00+02:00,2026-04-28T14:10:00+02:00,0,20,1,210,2,0,0,0,9,8,2,0,134,0,0,0,1,0,1,0,0,6,0
2026-04-28T14:10:00+02:00,2026-04-28T14:15:00+02:00,0,23,8,188,0,0,0,0,8,7,4,0,140,1,1,0,0,0,0,0,0,17,0
2026-04-28T14:15:00+02:00,2026-04-28T14:20:00+02:00,0,23,1,174,3,0,0,0,13,12,2,0,202,6,0,0,3,0,1,0,0,24,0
2026-04-28T14:20:00+02:00,2026-04-28T14:25:00+02:00,0,26,1,203,0,0,0,0,4,7,2,0,177,10,0,0,0,0,0,0,0,21,0
2026-04-28T14:25:00+02:00,2026-04-28T14:30:00+02:00,0,25,2,219,2,0,0,0,6,16,2,0,161,0,0,0,0,0,0,0,0,16,0
2026-04-28T14:30:00+02:00,2026-04-28T14:35:00+02:00,0,17,7,192,5,0,0,0,18,12,1,0,159,3,0,0,0,0,0,0,0,14,0
2026-04-28T14:35:00+02:00,2026-04-28T14:40:00+02:00,0,19,3,223,3,0,0,0,6,5,3,0,229,4,0,0,1,0,2,0,0,13,0
2026-04-28T14:40:00+02:00,2026-04-28T14:45:00+02:00,0,16,6,205,0,0,0,0,13,7,5,0,162,0,0,0,3,0,1,0,0,10,0
2026-04-28T14:45:00+02:00,2026-04-28T14:50:00+02:00,0,25,2,243,0,0,0,0,5,1,1,0,178,4,0,0,0,0,1,0,0,13,0
2026-04-28T14:50:00+02:00,2026-04-28T14:55:00+02:00,0,15,3,184,0,0,0,0,10,8,2,0,132,1,1,0,2,0,2,0,0,13,0
2026-04-28T14:55:00+02:00,2026-04-28T15:00:00+02:00,0,26,4,177,0,0,0,0,12,15,7,0,134,4,0,0,1,0,1,0,0,20,0
2026-04-28T15:00:00+02:00,2026-04-28T15:05:00+02:00,0,17,3,202,0,0,0,0,7,7,3,0,163,0,0,0,1,0,1,0,0,18,0
2026-04-28T15:05:00+02:00,2026-04-28T15:10:00+02:00,0,16,2,223,2,2,0,0,8,4,0,0,120,0,2,0,0,0,0,0,0,11,0
2026-04-28T15:10:00+02:00,2026-04-28T15:15:00+02:00,0,17,5,203,2,0,0,0,8,13,0,0,128,1,0,0,1,0,1,0,0,20,0
2026-04-28T15:15:00+02:00,2026-04-28T15:20:00+02:00,0,31,2,199,2,0,0,0,6,8,3,0,154,4,0,0,1,0,0,0,0,18,0
2026-04-28T15:20:00+02:00,2026-04-28T15:25:00+02:00,3,26,1,238,2,0,0,0,5,9,4,0,148,11,0,0,1,0,1,0,0,16,0
2026-04-28T15:25:00+02:00,2026-04-28T15:30:00+02:00,0,14,4,201,0,0,0,0,7,10,1,0,159,9,0,0,2,0,1,0,0,11,0
2026-04-28T15:30:00+02:00,2026-04-28T15:35:00+02:00,0,17,4,215,0,0,0,0,11,7,2,0,147,4,0,0,2,0,2,0,0,9,0
2026-04-28T15:35:00+02:00,2026-04-28T15:40:00+02:00,0,44,4,199,4,0,0,0,8,5,0,0,193,2,0,0,1,0,1,0,0,11,0
2026-04-28T15:40:00+02:00,2026-04-28T15:45:00+02:00,0,22,10,225,0,0,0,0,12,9,1,0,141,0,3,0,0,0,0,0,0,4,0
2026-04-28T15:45:00+02:00,2026-04-28T15:50:00+02:00,0,12,6,234,1,0,0,0,7,7,2,0,143,0,0,0,1,0,2,0,0,13,0
2026-04-28T15:50:00+02:00,2026-04-28T15:55:00+02:00,0,20,4,244,2,0,0,0,9,6,1,0,121,6,1,0,1,0,1,0,0,6,0
2026-04-28T15:55:00+02:00,2026-04-28T16:00:00+02:00,0,14,2,196,0,0,0,0,4,4,1,0,150,7,0,0,2,0,1,0,0,4,0
2026-04-28T16:00:00+02:00,2026-04-28T16:05:00+02:00,0,38,2,218,3,0,0,0,8,9,1,0,118,0,0,0,0,0,0,0,0,3,0
2026-04-28T16:05:00+02:00,2026-04-28T16:10:00+02:00,0,14,5,220,1,1,0,0,3,10,0,0,140,0,0,0,1,0,2,0,0,14,0
2026-04-28T16:10:00+02:00,2026-04-28T16:15:00+02:00,0,21,10,202,0,0,0,0,9,7,3,0,110,0,1,0,1,0,2,0,0,4,0
2026-04-28T16:15:00+02:00,2026-04-28T16:20:00+02:00,0,43,0,217,2,0,0,0,8,3,1,0,144,4,1,0,0,0,0,0,0,12,0
2026-04-28T16:20:00+02:00,2026-04-28T16:25:00+02:00,0,45,2,196,0,0,0,0,11,15,8,0,157,2,2,0,3,0,1,0,0,17,0
2026-04-28T16:25:00+02:00,2026-04-28T16:30:00+02:00,0,31,0,217,1,0,0,0,1,7,3,0,99,0,0,0,0,0,0,0,0,19,0
2026-04-28T16:30:00+02:00,2026-04-28T16:35:00+02:00,0,34,8,199,5,0,0,0,14,6,0,0,67,2,0,0,1,0,1,0,0,6,0
2026-04-28T16:35:00+02:00,2026-04-28T16:40:00+02:00,0,11,5,177,0,0,0,0,6,6,0,0,72,0,0,0,2,0,4,0,0,5,0
2026-04-28T16:40:00+02:00,2026-04-28T16:45:00+02:00,0,26,4,185,3,0,0,0,9,13,1,0,65,0,0,0,0,0,0,0,0,12,0
2026-04-28T16:45:00+02:00,2026-04-28T16:50:00+02:00,0,18,7,185,0,0,0,0,6,6,0,0,79,3,0,0,2,0,2,0,0,16,0
2026-04-28T16:50:00+02:00,2026-04-28T16:55:00+02:00,1,12,3,163,3,0,0,0,6,5,5,0,91,3,0,0,0,0,0,0,0,15,0
2026-04-28T16:55:00+02:00,2026-04-28T17:00:00+02:00,0,11,0,166,0,0,0,0,5,9,2,0,87,4,0,0,0,0,1,0,0,8,0
2026-04-28T17:00:00+02:00,2026-04-28T17:05:00+02:00,0,16,1,161,4,0,0,0,3,4,0,0,117,4,0,0,1,0,2,0,0,3,0
2026-04-28T17:05:00+02:00,2026-04-28T17:10:00+02:00,0,18,2,172,2,0,0,0,7,9,2,0,116,0,0,0,1,0,2,0,0,5,0
2026-04-28T17:10:00+02:00,2026-04-28T17:15:00+02:00,0,11,5,204,3,0,0,0,8,1,1,0,61,0,0,0,4,0,1,0,0,10,0
2026-04-28T17:15:00+02:00,2026-04-28T17:20:00+02:00,0,11,1,165,0,0,0,0,4,4,0,0,74,0,0,0,1,0,2,0,0,2,0
2026-04-28T17:20:00+02:00,2026-04-28T17:25:00+02:00,1,17,1,161,0,0,0,0,10,8,0,0,77,1,0,0,1,0,1,0,0,9,0
2026-04-28T17:25:00+02:00,2026-04-28T17:30:00+02:00,0,15,2,155,1,0,0,0,9,9,0,0,44,2,0,0,1,0,1,0,0,10,0
2026-04-28T17:30:00+02:00,2026-04-28T17:35:00+02:00,0,15,2,172,4,0,0,0,12,3,1,0,90,4,0,0,1,0,1,0,0,4,0
2026-04-28T17:35:00+02:00,2026-04-28T17:40:00+02:00,0,7,3,152,1,0,0,0,4,4,0,0,47,0,0,0,0,0,0,0,0,7,0
2026-04-28T17:40:00+02:00,2026-04-28T17:45:00+02:00,0,10,2,154,0,0,0,0,6,4,4,0,61,0,0,0,4,0,4,0,0,4,0
2026-04-28T17:45:00+02:00,2026-04-28T17:50:00+02:00,0,15,5,156,2,0,0,0,7,2,0,0,63,1,1,0,1,0,2,0,0,5,0
2026-04-28T17:50:00+02:00,2026-04-28T17:55:00+02:00,0,2,2,136,0,0,0,0,9,7,3,0,29,0,0,0,0,0,2,0,0,6,0
2026-04-28T17:55:00+02:00,2026-04-28T18:00:00+02:00,0,7,3,114,5,0,0,0,3,3,3,0,40,3,0,0,2,0,1,0,0,7,0
2026-04-28T18:00:00+02:00,2026-04-28T18:05:00+02:00,0,0,1,141,2,0,0,0,5,5,2,0,66,1,0,0,2,0,4,0,0,5,0
2026-04-28T18:05:00+02:00,2026-04-28T18:10:00+02:00,0,15,3,188,1,0,0,0,1,6,0,0,43,0,0,0,1,0,2,0,0,4,0
2026-04-28T18:10:00+02:00,2026-04-28T18:15:00+02:00,5,15,7,171,1,0,0,0,7,0,2,0,89,4,0,0,1,0,1,0,0,2,0
2026-04-28T18:15:00+02:00,2026-04-28T18:20:00+02:00,0,13,4,151,1,0,0,0,5,3,2,0,77,7,0,0,0,0,1,0,0,4,0
2026-04-28T18:20:00+02:00,2026-04-28T18:25:00+02:00,1,7,2,120,1,0,0,0,3,2,1,0,60,0,0,0,0,0,0,0,0,3,0
2026-04-28T18:25:00+02:00,2026-04-28T18:30:00+02:00,0,13,4,139,0,0,0,0,13,15,4,0,87,0,0,0,2,0,2,0,0,8,0
2026-04-28T18:30:00+02:00,2026-04-28T18:35:00+02:00,0,19,2,133,1,0,0,0,4,8,1,0,48,0,0,0,3,0,3,0,0,6,0
2026-04-28T18:35:00+02:00,2026-04-28T18:40:00+02:00,0,1,0,144,0,0,0,0,4,2,4,0,31,0,1,0,6,0,1,0,0,5,0
2026-04-28T18:40:00+02:00,2026-04-28T18:45:00+02:00,0,7,2,141,1,0,0,0,2,3,2,0,78,0,0,0,0,0,0,0,0,2,0
2026-04-28T18:45:00+02:00,2026-04-28T18:50:00+02:00,0,22,1,147,0,0,0,0,1,6,2,0,92,3,0,0,0,0,0,0,0,5,0
2026-04-28T18:50:00+02:00,2026-04-28T18:55:00+02:00,0,16,2,134,0,0,0,0,5,2,1,0,35,0,1,0,0,0,0,0,0,3,0
2026-04-28T18:55:00+02:00,2026-04-28T19:00:00+02:00,0,16,2,129,0,0,0,0,3,2,0,0,29,0,0,0,0,0,0,0,0,4,0
2026-04-28T19:00:00+02:00,2026-04-28T19:05:00+02:00,0,5,4,135,2,0,0,0,5,0,0,0,18,0,0,0,0,0,0,0,0,5,0
2026-04-28T19:05:00+02:00,2026-04-28T19:10:00+02:00,0,10,3,114,0,0,0,0,1,2,1,0,49,0,6,0,0,0,0,0,0,5,0
2026-04-28T19:10:00+02:00,2026-04-28T19:15:00+02:00,0,20,0,103,0,0,0,0,6,2,2,0,39,0,0,0,0,1,2,0,0,1,0
2026-04-28T19:15:00+02:00,2026-04-28T19:20:00+02:00,0,5,3,122,0,0,0,0,9,4,2,0,20,0,3,0,0,1,2,0,0,5,0
2026-04-28T19:20:00+02:00,2026-04-28T19:25:00+02:00,0,1,2,106,1,0,0,0,7,0,2,0,25,0,0,0,0,0,0,0,0,5,0
2026-04-28T19:25:00+02:00,2026-04-28T19:30:00+02:00,1,4,1,75,0,0,0,0,1,2,1,0,40,0,0,0,0,0,0,0,0,1,0
2026-04-28T19:30:00+02:00,2026-04-28T19:35:00+02:00,0,7,2,80,0,0,0,0,1,1,0,0,41,0,3,0,0,0,1,0,0,3,0
2026-04-28T19:35:00+02:00,2026-04-28T19:40:00+02:00,1,1,1,106,1,0,0,0,3,1,0,0,50,0,3,0,0,0,0,0,0,5,0
2026-04-28T19:40:00+02:00,2026-04-28T19:45:00+02:00,0,7,2,86,0,0,0,0,9,3,0,0,43,0,0,0,0,0,0,0,0,0,0
2026-04-28T19:45:00+02:00,2026-04-28T19:50:00+02:00,0,5,0,77,0,0,0,0,5,0,0,0,25,1,0,0,0,0,0,0,0,4,0
2026-04-28T19:50:00+02:00,2026-04-28T19:55:00+02:00,1,9,0,79,2,0,0,0,1,4,0,0,46,1,0,0,0,0,0,0,0,2,0
2026-04-28T19:55:00+02:00,2026-04-28T20:00:00+02:00,0,8,3,78,0,0,0,0,3,0,0,0,32,0,0,0,0,0,0,0,0,8,0
2026-04-28T20:00:00+02:00,2026-04-28T20:05:00+02:00,0,0,1,86,0,0,0,0,5,1,2,0,47,0,0,0,0,0,0,0,0,3,0
2026-04-28T20:05:00+02:00,2026-04-28T20:10:00+02:00,0,0,2,89,0,0,0,0,3,0,0,0,33,0,0,0,0,0,0,0,0,6,0
2026-04-28T20:10:00+02:00,2026-04-28T20:15:00+02:00,0,0,2,65,0,0,0,0,2,0,0,0,43,0,0,0,0,0,0,0,0,0,0
2026-04-28T20:15:00+02:00,2026-04-28T20:20:00+02:00,0,5,5,80,0,0,0,0,3,0,0,0,34,0,0,0,0,0,0,0,0,0,0
2026-04-28T20:20:00+02:00,2026-04-28T20:25:00+02:00,0,3,0,64,0,0,0,0,6,0,2,0,33,0,0,0,0,0,0,0,0,5,0
2026-04-28T20:25:00+02:00,2026-04-28T20:30:00+02:00,0,0,1,81,2,0,0,0,4,1,3,0,67,0,0,0,0,0,0,0,0,2,0
2026-04-28T20:30:00+02:00,2026-04-28T20:35:00+02:00,0,0,1,70,0,0,0,0,0,3,1,0,48,0,0,0,0,0,0,0,0,5,0
2026-04-28T20:35:00+02:00,2026-04-28T20:40:00+02:00,0,0,0,70,0,0,0,0,3,0,0,0,35,0,0,0,0,0,0,0,0,3,0
2026-04-28T20:40:00+02:00,2026-04-28T20:45:00+02:00,0,7,1,56,1,0,0,0,2,4,0,0,35,0,0,0,0,0,0,0,0,2,0
2026-04-28T20:45:00+02:00,2026-04-28T20:50:00+02:00,0,3,0,48,1,0,0,0,2,2,2,0,39,0,1,0,2,0,0,0,0,2,0
2026-04-28T20:50:00+02:00,2026-04-28T20:55:00+02:00,0,10,0,59,0,0,0,0,2,0,0,0,20,0,0,0,0,0,0,0,0,0,0
2026-04-28T20:55:00+02:00,2026-04-28T21:00:00+02:00,0,0,4,69,0,0,0,0,3,1,0,0,19,0,0,0,0,0,1,0,0,3,0
2026-04-28T21:00:00+02:00,2026-04-28T21:05:00+02:00,0,5,2,58,0,0,0,0,4,2,1,0,20,0,0,0,0,0,0,0,0,2,0
2026-04-28T21:05:00+02:00,2026-04-28T21:10:00+02:00,0,0,0,74,0,0,0,0,5,1,0,0,17,0,0,0,0,0,0,0,0,4,0
2026-04-28T21:10:00+02:00,2026-04-28T21:15:00+02:00,0,0,0,46,2,0,0,0,0,3,1,0,19,0,0,0,0,0,0,0,0,2,0
2026-04-28T21:15:00+02:00,2026-04-28T21:20:00+02:00,0,0,8,51,0,0,0,0,6,1,0,0,7,0,0,0,0,0,1,0,0,0,0
2026-04-28T21:20:00+02:00,2026-04-28T21:25:00+02:00,0,0,1,31,0,0,0,0,6,2,0,0,8,0,0,0,0,0,0,0,0,0,0
2026-04-28T21:25:00+02:00,2026-04-28T21:30:00+02:00,0,0,3,46,0,0,0,0,2,3,0,0,35,0,0,0,0,0,0,0,0,1,0
2026-04-28T21:30:00+02:00,2026-04-28T21:35:00+02:00,2,5,3,49,0,0,0,0,5,0,0,0,44,0,0,0,0,0,0,0,0,0,0
2026-04-28T21:35:00+02:00,2026-04-28T21:40:00+02:00,0,0,1,34,0,0,0,0,3,1,0,0,39,0,0,0,0,0,0,0,0,0,0
2026-04-28T21:40:00+02:00,2026-04-28T21:45:00+02:00,0,0,0,33,0,0,0,0,3,6,0,0,36,0,0,0,0,0,0,0,0,1,0
2026-04-28T21:45:00+02:00,2026-04-28T21:50:00+02:00,0,1,2,25,0,0,0,0,0,1,0,0,40,0,0,0,0,0,1,0,0,3,0
2026-04-28T21:50:00+02:00,2026-04-28T21:55:00+02:00,0,0,0,47,0,0,0,0,1,2,0,0,49,0,0,0,0,0,1,0,0,2,0
2026-04-28T21:55:00+02:00,2026-04-28T22:00:00+02:00,0,1,0,42,0,0,0,0,1,2,0,0,27,0,0,0,0,0,0,0,0,0,0
2026-04-28T22:00:00+02:00,2026-04-28T22:05:00+02:00,0,0,0,39,0,0,0,0,4,1,0,0,25,0,0,0,0,0,0,0,0,0,0
2026-04-28T22:05:00+02:00,2026-04-28T22:10:00+02:00,0,0,0,82,4,0,0,0,1,0,0,0,32,0,0,0,0,0,0,0,0,3,0
2026-04-28T22:10:00+02:00,2026-04-28T22:15:00+02:00,0,2,1,39,0,0,0,0,6,0,0,0,35,0,1,0,0,0,0,0,0,0,0
2026-04-28T22:15:00+02:00,2026-04-28T22:20:00+02:00,0,0,4,28,1,0,0,0,2,0,0,0,32,0,0,0,0,0,0,0,0,0,0
2026-04-28T22:20:00+02:00,2026-04-28T22:25:00+02:00,0,3,0,25,0,0,0,0,2,0,1,0,36,0,0,0,0,0,0,0,0,0,0
2026-04-28T22:25:00+02:00,2026-04-28T22:30:00+02:00,0,0,1,26,0,0,0,0,0,2,0,0,43,0,0,0,0,0,0,0,0,0,0
2026-04-28T22:30:00+02:00,2026-04-28T22:35:00+02:00,0,0,0,22,0,0,0,0,1,2,0,0,43,0,0,0,0,0,0,0,0,2,0
2026-04-28T22:35:00+02:00,2026-04-28T22:40:00+02:00,0,0,0,27,0,0,0,0,1,0,0,0,31,0,0,0,0,0,0,0,0,2,0
2026-04-28T22:40:00+02:00,2026-04-28T22:45:00+02:00,0,1,0,14,0,0,0,0,5,0,0,0,35,0,0,0,0,0,0,0,0,0,0
2026-04-28T22:45:00+02:00,2026-04-28T22:50:00+02:00,0,0,0,18,0,0,0,0,0,0,0,0,47,0,0,0,0,0,0,0,0,0,0
2026-04-28T22:50:00+02:00,2026-04-28T22:55:00+02:00,0,2,0,16,0,0,0,0,1,1,0,0,32,0,0,0,0,0,0,0,0,2,0
2026-04-28T22:55:00+02:00,2026-04-28T23:00:00+02:00,0,0,0,12,0,0,0,0,2,0,0,0,31,0,0,0,0,0,0,0,0,1,0
2026-04-28T23:00:00+02:00,2026-04-28T23:05:00+02:00,0,0,0,16,0,0,0,0,1,0,0,0,36,0,0,0,0,0,0,0,0,0,0
2026-04-28T23:05:00+02:00,2026-04-28T23:10:00+02:00,0,0,0,12,0,0,0,0,5,0,0,0,57,0,0,0,0,0,0,0,0,3,0
2026-04-28T23:10:00+02:00,2026-04-28T23:15:00+02:00,0,0,2,15,0,0,0,0,1,1,0,0,46,0,0,0,0,0,0,0,0,3,0
2026-04-28T23:15:00+02:00,2026-04-28T23:20:00+02:00,0,0,1,16,0,0,0,0,2,1,0,0,53,0,0,0,0,0,0,0,0,1,0
2026-04-28T23:20:00+02:00,2026-04-28T23:25:00+02:00,0,0,1,13,0,0,0,0,6,0,0,0,30,0,0,0,0,0,0,0,0,4,0
2026-04-28T23:25:00+02:00,2026-04-28T23:30:00+02:00,0,0,3,14,0,0,0,0,1,1,0,0,41,0,0,0,0,0,0,0,0,0,0
2026-04-28T23:30:00+02:00,2026-04-28T23:35:00+02:00,0,0,5,21,0,0,0,0,1,0,0,0,39,0,0,0,0,0,0,0,0,1,0
2026-04-28T23:35:00+02:00,2026-04-28T23:40:00+02:00,0,0,5,12,0,0,0,0,0,0,0,0,41,0,0,0,0,0,0,0,0,0,0
2026-04-28T23:40:00+02:00,2026-04-28T23:45:00+02:00,0,0,1,15,0,0,0,0,2,1,0,0,45,0,0,0,0,0,1,0,0,1,0
2026-04-28T23:45:00+02:00,2026-04-28T23:50:00+02:00,0,0,0,13,0,0,0,0,4,3,0,0,36,0,0,0,0,0,0,0,0,1,0
2026-04-28T23:50:00+02:00,2026-04-28T23:55:00+02:00,0,0,0,5,0,0,0,0,0,0,0,0,40,0,0,0,0,0,0,0,0,0,0
2026-04-28T23:55:00+02:00,2026-04-29T00:00:00+02:00,0,1,0,9,0,0,0,0,4,1,0,0,34,0,0,0,0,0,1,0,0,2,0
2026-04-29T00:00:00+02:00,2026-04-29T00:05:00+02:00,0,0,0,4,0,0,0,0,2,1,0,0,36,0,0,0,0,0,0,0,0,0,0
2026-04-29T00:05:00+02:00,2026-04-29T00:10:00+02:00,0,0,0,12,0,0,0,0,4,2,0,0,36,0,0,0,0,0,0,0,0,0,0
2026-04-29T00:10:00+02:00,2026-04-29T00:15:00+02:00,0,0,0,6,0,0,0,0,3,0,0,0,40,0,0,0,0,0,0,0,0,0,0
2026-04-29T00:15:00+02:00,2026-04-29T00:20:00+02:00,0,0,0,4,0,0,0,0,3,1,0,0,35,0,0,0,0,0,1,0,0,0,0
2026-04-29T00:20:00+02:00,2026-04-29T00:25:00+02:00,0,0,0,9,0,0,0,0,2,0,0,0,34,0,0,0,0,0,0,0,0,5,0
2026-04-29T00:25:00+02:00,2026-04-29T00:30:00+02:00,0,0,0,4,0,0,0,0,3,3,0,0,27,0,0,0,0,0,0,0,0,0,0
2026-04-29T00:30:00+02:00,2026-04-29T00:35:00+02:00,0,0,0,6,0,0,0,0,0,0,0,0,32,0,0,0,0,0,0,0,0,0,0
2026-04-29T00:35:00+02:00,2026-04-29T00:40:00+02:00,0,0,0,4,0,0,0,0,1,2,0,0,40,0,0,0,0,0,0,0,0,1,0
2026-04-29T00:40:00+02:00,2026-04-29T00:45:00+02:00,0,0,0,1,0,0,0,0,1,0,0,0,46,0,0,0,0,0,0,0,0,2,0
2026-04-29T00:45:00+02:00,2026-04-29T00:50:00+02:00,0,0,0,4,0,0,0,0,2,2,0,0,32,0,0,0,0,0,0,0,0,0,0
2026-04-29T00:50:00+02:00,2026-04-29T00:55:00+02:00,0,0,0,0,0,0,0,0,3,0,0,0,40,0,0,0,0,0,0,0,0,0,0
2026-04-29T00:55:00+02:00,2026-04-29T01:00:00+02:00,0,2,0,3,0,0,0,0,2,0,0,0,37,0,0,0,0,0,0,0,0,1,0
2026-04-29T01:00:00+02:00,2026-04-29T01:05:00+02:00,0,0,0,3,0,0,0,0,2,0,0,0,34,0,0,0,0,0,0,0,0,0,0
2026-04-29T01:05:00+02:00,2026-04-29T01:10:00+02:00,0,1,0,1,0,0,0,0,0,2,0,0,39,0,0,0,0,0,0,0,0,0,0
2026-04-29T01:10:00+02:00,2026-04-29T01:15:00+02:00,0,0,0,5,0,0,0,0,1,3,0,0,43,0,0,0,0,0,1,0,0,1,0
2026-04-29T01:15:00+02:00,2026-04-29T01:20:00+02:00,0,0,0,2,0,0,0,0,1,1,0,0,39,0,1,0,0,0,1,0,0,0,0
2026-04-29T01:20:00+02:00,2026-04-29T01:25:00+02:00,0,0,0,5,0,0,0,0,2,0,0,0,40,0,0,0,0,0,0,0,0,0,0
2026-04-29T01:25:00+02:00,2026-04-29T01:30:00+02:00,0,0,0,2,0,0,0,0,1,2,0,0,40,0,0,0,0,0,0,0,0,0,0
2026-04-29T01:30:00+02:00,2026-04-29T01:35:00+02:00,0,0,0,1,0,0,0,0,0,2,0,0,48,0,0,0,0,0,0,0,0,0,0
2026-04-29T01:35:00+02:00,2026-04-29T01:40:00+02:00,0,0,0,0,0,0,0,0,1,1,0,0,36,0,0,0,0,0,1,0,0,0,0
2026-04-29T01:40:00+02:00,2026-04-29T01:45:00+02:00,0,0,0,4,0,0,0,0,1,0,0,0,33,0,0,0,0,0,0,0,0,2,0
2026-04-29T01:45:00+02:00,2026-04-29T01:50:00+02:00,1,0,0,7,0,0,0,0,3,0,0,0,32,0,0,0,0,0,0,0,0,0,0
2026-04-29T01:50:00+02:00,2026-04-29T01:55:00+02:00,0,0,0,1,0,0,0,0,2,1,0,0,37,0,0,0,0,0,0,0,0,0,0
2026-04-29T01:55:00+02:00,2026-04-29T02:00:00+02:00,0,0,0,2,0,0,0,0,0,3,0,0,40,0,0,0,0,0,0,0,0,0,0
2026-04-29T02:00:00+02:00,2026-04-29T02:05:00+02:00,0,0,0,3,0,0,0,0,5,1,0,0,31,0,0,0,0,0,0,0,0,0,0
2026-04-29T02:05:00+02:00,2026-04-29T02:10:00+02:00,0,0,0,2,0,0,0,0,1,2,0,0,29,0,0,0,0,0,0,0,0,0,0
2026-04-29T02:10:00+02:00,2026-04-29T02:15:00+02:00,0,0,0,3,0,0,0,0,0,3,0,0,34,0,0,0,0,0,0,0,0,1,0
2026-04-29T02:15:00+02:00,2026-04-29T02:20:00+02:00,0,0,0,1,0,0,0,0,5,4,0,0,23,0,0,0,0,0,0,0,0,2,0
2026-04-29T02:20:00+02:00,2026-04-29T02:25:00+02:00,0,0,0,0,0,0,0,0,1,1,0,0,11,0,0,0,0,0,0,0,0,0,0
2026-04-29T02:25:00+02:00,2026-04-29T02:30:00+02:00,0,0,0,1,0,0,0,0,0,0,0,0,12,0,0,0,0,0,0,0,0,0,0
2026-04-29T02:30:00+02:00,2026-04-29T02:35:00+02:00,0,0,0,3,0,0,0,0,0,1,0,0,17,0,0,0,0,0,0,0,0,0,0
2026-04-29T02:35:00+02:00,2026-04-29T02:40:00+02:00,0,0,0,3,0,0,0,0,0,2,0,0,11,0,0,0,0,0,0,0,0,0,0
2026-04-29T02:40:00+02:00,2026-04-29T02:45:00+02:00,0,2,0,2,0,0,0,0,2,2,0,0,21,0,0,0,0,0,0,0,0,2,0
2026-04-29T02:45:00+02:00,2026-04-29T02:50:00+02:00,0,1,0,5,0,0,0,0,2,0,0,0,33,1,0,0,0,0,0,0,0,1,0
2026-04-29T02:50:00+02:00,2026-04-29T02:55:00+02:00,0,0,0,4,0,0,0,0,1,2,0,0,34,0,0,0,0,0,0,0,0,0,0
2026-04-29T02:55:00+02:00,2026-04-29T03:00:00+02:00,0,2,0,4,0,0,0,0,3,1,0,0,13,0,0,0,0,0,0,0,0,2,0
2026-04-29T03:00:00+02:00,2026-04-29T03:05:00+02:00,0,0,0,0,0,0,0,0,4,3,0,0,22,0,0,0,0,0,1,0,0,2,0
2026-04-29T03:05:00+02:00,2026-04-29T03:10:00+02:00,0,0,0,3,0,0,0,0,2,0,0,0,30,0,0,0,0,0,0,0,0,0,0
2026-04-29T03:10:00+02:00,2026-04-29T03:15:00+02:00,0,0,0,4,0,0,0,0,3,2,0,0,42,0,0,0,0,0,1,0,0,1,0
2026-04-29T03:15:00+02:00,2026-04-29T03:20:00+02:00,0,0,0,6,0,0,0,0,7,2,0,0,39,0,0,0,0,0,0,0,0,0,0
2026-04-29T03:20:00+02:00,2026-04-29T03:25:00+02:00,0,0,0,7,0,0,0,0,5,3,0,0,31,0,0,0,0,0,0,0,0,0,0
2026-04-29T03:25:00+02:00,2026-04-29T03:30:00+02:00,0,0,0,2,0,0,0,0,0,2,0,0,46,0,0,0,0,0,2,0,0,0,0
2026-04-29T03:30:00+02:00,2026-04-29T03:35:00+02:00,0,0,3,4,0,0,0,0,1,0,0,0,34,0,0,0,0,0,0,0,0,0,0
2026-04-29T03:35:00+02:00,2026-04-29T03:40:00+02:00,0,0,0,3,0,0,0,0,8,3,0,0,33,0,0,0,0,0,0,0,0,0,0
2026-04-29T03:40:00+02:00,2026-04-29T03:45:00+02:00,0,0,0,3,0,0,0,0,7,3,0,0,40,0,0,0,0,0,0,0,0,1,0
2026-04-29T03:45:00+02:00,2026-04-29T03:50:00+02:00,0,0,0,1,0,0,0,0,1,2,0,0,44,0,0,0,0,0,0,0,0,0,0
2026-04-29T03:50:00+02:00,2026-04-29T03:55:00+02:00,0,1,1,8,0,0,0,0,1,0,0,0,46,0,0,0,0,0,0,0,0,4,0
2026-04-29T03:55:00+02:00,2026-04-29T04:00:00+02:00,0,0,0,3,0,0,0,0,3,1,0,0,39,0,0,0,0,0,0,0,0,0,0
2026-04-29T04:00:00+02:00,2026-04-29T04:05:00+02:00,0,0,1,15,0,0,0,0,5,5,0,0,39,0,0,0,0,0,0,0,0,0,0
2026-04-29T04:05:00+02:00,2026-04-29T04:10:00+02:00,0,0,1,4,0,0,0,0,3,2,0,0,39,0,0,0,0,0,0,0,0,3,0
2026-04-29T04:10:00+02:00,2026-04-29T04:15:00+02:00,0,0,7,7,0,0,0,0,1,4,3,0,41,0,0,0,0,0,0,0,0,1,0
2026-04-29T04:15:00+02:00,2026-04-29T04:20:00+02:00,0,0,3,15,0,0,0,0,2,2,0,0,49,0,0,0,0,0,1,0,0,3,0
2026-04-29T04:20:00+02:00,2026-04-29T04:25:00+02:00,0,0,3,11,0,0,0,0,6,1,0,0,43,0,0,0,0,0,0,0,0,3,0
2026-04-29T04:25:00+02:00,2026-04-29T04:30:00+02:00,0,4,0,15,0,0,0,0,10,3,0,0,42,0,0,0,0,0,0,0,0,2,0
2026-04-29T04:30:00+02:00,2026-04-29T04:35:00+02:00,0,0,3,20,1,0,0,0,7,3,0,0,37,0,0,0,0,0,0,0,0,4,0
2026-04-29T04:35:00+02:00,2026-04-29T04:40:00+02:00,0,0,1,15,0,0,0,0,9,1,0,0,40,0,0,0,0,0,0,0,0,0,0
2026-04-29T04:40:00+02:00,2026-04-29T04:45:00+02:00,0,2,0,32,0,0,0,0,4,5,0,0,32,0,0,0,0,0,1,0,0,2,0
2026-04-29T04:45:00+02:00,2026-04-29T04:50:00+02:00,0,0,0,35,0,0,0,0,3,1,0,0,35,0,0,0,1,0,0,0,0,2,0
2026-04-29T04:50:00+02:00,2026-04-29T04:55:00+02:00,0,1,0,34,0,0,0,0,5,4,0,0,34,0,0,0,1,0,1,0,0,10,0
2026-04-29T04:55:00+02:00,2026-04-29T05:00:00+02:00,0,3,0,48,0,0,0,0,5,3,0,0,27,0,0,0,0,0,2,0,0,1,0
2026-04-29T05:00:00+02:00,2026-04-29T05:05:00+02:00,0,8,2,35,2,0,0,0,4,5,0,0,29,0,0,0,0,0,1,0,0,4,0
2026-04-29T05:05:00+02:00,2026-04-29T05:10:00+02:00,0,5,3,33,0,0,0,0,5,7,0,0,22,0,0,0,0,0,0,0,0,0,0
2026-04-29T05:10:00+02:00,2026-04-29T05:15:00+02:00,0,4,9,40,1,0,0,0,3,4,5,0,23,0,0,0,0,0,0,0,0,1,0
2026-04-29T05:15:00+02:00,2026-04-29T05:20:00+02:00,0,0,8,84,0,0,0,0,6,11,1,0,31,0,0,0,0,0,0,0,0,7,0
2026-04-29T05:20:00+02:00,2026-04-29T05:25:00+02:00,0,2,4,59,0,0,0,0,13,5,0,0,33,0,0,0,0,0,1,0,0,4,0
2026-04-29T05:25:00+02:00,2026-04-29T05:30:00+02:00,0,11,5,69,0,0,0,0,5,7,0,0,36,0,0,0,0,0,1,0,0,4,0
2026-04-29T05:30:00+02:00,2026-04-29T05:35:00+02:00,0,9,5,89,1,0,0,0,14,5,0,0,44,0,2,0,0,0,0,0,0,9,0
2026-04-29T05:35:00+02:00,2026-04-29T05:40:00+02:00,0,1,5,93,0,0,0,0,11,14,0,0,42,0,0,0,0,0,0,0,0,12,0
2026-04-29T05:40:00+02:00,2026-04-29T05:45:00+02:00,0,7,7,102,0,0,0,0,6,8,0,0,39,0,0,0,0,0,2,0,0,4,0
2026-04-29T05:45:00+02:00,2026-04-29T05:50:00+02:00,0,4,2,83,0,0,0,0,6,2,0,0,39,0,0,0,0,0,1,0,0,7,0
2026-04-29T05:50:00+02:00,2026-04-29T05:55:00+02:00,0,7,2,92,0,0,0,0,11,1,0,0,32,0,0,0,0,0,1,0,0,6,0
2026-04-29T05:55:00+02:00,2026-04-29T06:00:00+02:00,0,0,4,66,0,0,0,0,11,2,1,0,40,0,0,0,0,0,1,0,0,3,0
2026-04-29T06:00:00+02:00,2026-04-29T06:05:00+02:00,0,3,3,75,0,0,0,0,6,5,0,0,33,0,0,0,0,0,0,0,0,6,0
2026-04-29T06:05:00+02:00,2026-04-29T06:10:00+02:00,0,4,1,79,0,0,0,0,9,8,0,0,38,0,0,0,0,0,0,0,0,11,0
2026-04-29T06:10:00+02:00,2026-04-29T06:15:00+02:00,0,7,2,102,0,0,0,0,6,11,0,0,39,0,0,0,0,0,0,0,0,12,0
2026-04-29T06:15:00+02:00,2026-04-29T06:20:00+02:00,0,0,5,99,1,0,0,0,10,9,0,0,31,0,0,0,0,0,0,0,0,8,0
2026-04-29T06:20:00+02:00,2026-04-29T06:25:00+02:00,0,0,0,90,3,0,0,0,13,15,0,0,72,0,0,0,0,0,0,0,0,9,0
2026-04-29T06:25:00+02:00,2026-04-29T06:30:00+02:00,0,7,3,128,1,0,0,0,13,6,0,0,18,0,0,0,0,0,0,0,0,13,0
2026-04-29T06:30:00+02:00,2026-04-29T06:35:00+02:00,0,11,1,129,0,0,0,0,12,3,0,0,52,0,0,0,0,0,0,0,0,15,0
2026-04-29T06:35:00+02:00,2026-04-29T06:40:00+02:00,0,4,8,129,0,0,0,0,13,10,0,0,55,0,1,0,0,0,1,0,0,8,0
2026-04-29T06:40:00+02:00,2026-04-29T06:45:00+02:00,1,4,3,184,5,0,0,0,8,12,1,0,89,4,0,0,0,0,0,0,0,7,0
2026-04-29T06:45:00+02:00,2026-04-29T06:50:00+02:00,0,7,2,148,0,0,0,0,8,17,0,0,53,0,0,0,0,0,1,0,0,16,0
2026-04-29T06:50:00+02:00,2026-04-29T06:55:00+02:00,0,14,5,138,0,0,0,0,13,8,0,0,46,0,0,0,0,0,0,0,0,19,0
2026-04-29T06:55:00+02:00,2026-04-29T07:00:00+02:00,0,13,2,172,1,0,0,0,12,11,0,0,19,0,0,0,0,0,0,0,0,11,0
2026-04-29T07:00:00+02:00,2026-04-29T07:05:00+02:00,0,14,0,159,0,0,0,0,9,10,0,0,29,0,0,0,0,0,0,0,0,7,0
2026-04-29T07:05:00+02:00,2026-04-29T07:10:00+02:00,0,6,5,150,3,0,0,0,10,16,0,0,8,0,0,0,0,0,1,0,0,9,0
2026-04-29T07:10:00+02:00,2026-04-29T07:15:00+02:00,0,27,6,183,1,0,0,0,7,9,0,0,68,0,0,0,0,0,0,0,0,6,0
2026-04-29T07:15:00+02:00,2026-04-29T07:20:00+02:00,0,12,3,162,4,0,0,0,8,13,0,0,109,0,0,0,0,0,0,0,0,17,0
2026-04-29T07:20:00+02:00,2026-04-29T07:25:00+02:00,0,16,7,180,4,0,0,0,11,13,0,0,103,0,0,0,0,0,1,0,0,15,0
2026-04-29T07:25:00+02:00,2026-04-29T07:30:00+02:00,4,5,5,194,0,0,0,0,8,29,1,0,101,0,1,0,2,0,1,0,0,20,0
2026-04-29T07:30:00+02:00,2026-04-29T07:35:00+02:00,0,27,11,183,1,0,0,0,12,7,0,0,102,0,0,0,0,1,1,0,0,21,0
2026-04-29T07:35:00+02:00,2026-04-29T07:40:00+02:00,0,1,11,206,4,0,0,0,9,15,0,0,134,0,1,0,0,0,0,0,0,13,0
2026-04-29T07:40:00+02:00,2026-04-29T07:45:00+02:00,1,10,11,228,1,0,0,0,5,7,1,0,128,0,0,0,0,0,0,0,0,9,0
2026-04-29T07:45:00+02:00,2026-04-29T07:50:00+02:00,0,24,4,223,2,0,0,0,6,7,0,0,95,0,0,0,0,0,1,0,0,9,0
2026-04-29T07:50:00+02:00,2026-04-29T07:55:00+02:00,2,18,4,201,1,0,0,0,12,12,0,0,63,0,0,0,3,0,1,0,0,12,0
2026-04-29T07:55:00+02:00,2026-04-29T08:00:00+02:00,0,9,5,175,0,0,0,0,8,14,0,0,54,0,5,0,1,0,1,0,0,15,0
2026-04-29T08:00:00+02:00,2026-04-29T08:05:00+02:00,0,26,5,191,0,0,0,0,13,17,0,0,37,0,0,0,0,0,0,0,0,16,0
2026-04-29T08:05:00+02:00,2026-04-29T08:10:00+02:00,0,8,1,173,3,0,0,0,10,13,1,0,57,6,0,0,0,0,0,0,0,15,0
2026-04-29T08:10:00+02:00,2026-04-29T08:15:00+02:00,0,9,2,161,3,0,0,0,18,27,2,0,87,0,0,0,0,0,1,0,0,20,0
2026-04-29T08:15:00+02:00,2026-04-29T08:20:00+02:00,0,3,0,167,3,0,0,0,10,11,0,0,65,0,0,0,1,0,0,0,0,16,0
2026-04-29T08:20:00+02:00,2026-04-29T08:25:00+02:00,0,21,3,162,0,0,0,0,13,21,3,0,92,1,0,0,0,0,1,0,0,23,0
2026-04-29T08:25:00+02:00,2026-04-29T08:30:00+02:00,0,17,2,159,1,0,0,0,15,15,0,0,71,1,0,0,0,0,1,0,0,24,0
2026-04-29T08:30:00+02:00,2026-04-29T08:35:00+02:00,0,9,2,170,3,0,0,0,17,16,0,0,82,5,0,0,1,0,1,0,0,26,0
2026-04-29T08:35:00+02:00,2026-04-29T08:40:00+02:00,0,5,2,172,6,0,0,0,22,20,2,0,101,0,0,0,0,0,1,0,0,13,0
2026-04-29T08:40:00+02:00,2026-04-29T08:45:00+02:00,0,13,2,183,2,0,0,0,18,14,0,0,56,0,0,0,2,0,0,0,0,10,0
2026-04-29T08:45:00+02:00,2026-04-29T08:50:00+02:00,0,7,1,186,2,0,0,0,18,16,0,0,89,0,0,0,0,0,6,0,0,14,0
2026-04-29T08:50:00+02:00,2026-04-29T08:55:00+02:00,0,14,8,194,4,0,0,0,8,11,0,0,138,0,0,0,1,0,2,0,0,12,0
2026-04-29T08:55:00+02:00,2026-04-29T09:00:00+02:00,0,7,2,171,1,0,0,0,11,12,0,0,148,0,0,0,0,0,1,0,0,19,0
2026-04-29T09:00:00+02:00,2026-04-29T09:05:00+02:00,0,6,2,159,3,0,0,0,9,15,0,0,125,0,0,0,1,0,0,0,0,15,0
2026-04-29T09:05:00+02:00,2026-04-29T09:10:00+02:00,0,28,3,120,4,0,0,0,19,12,0,0,104,0,0,0,0,0,0,0,0,20,0
2026-04-29T09:10:00+02:00,2026-04-29T09:15:00+02:00,0,10,4,199,2,0,0,0,7,11,0,0,95,0,0,0,1,0,2,0,0,14,0
2026-04-29T09:15:00+02:00,2026-04-29T09:20:00+02:00,0,7,2,148,2,0,0,0,13,12,7,0,63,0,1,0,1,0,1,0,0,11,0
2026-04-29T09:20:00+02:00,2026-04-29T09:25:00+02:00,0,18,1,170,3,0,0,0,7,12,0,0,88,0,0,0,1,0,2,0,0,13,0
2026-04-29T09:25:00+02:00,2026-04-29T09:30:00+02:00,0,4,2,178,4,0,0,0,14,10,0,0,105,0,0,0,1,0,0,0,0,13,0
2026-04-29T09:30:00+02:00,2026-04-29T09:35:00+02:00,3,29,0,186,3,0,0,0,13,8,0,0,182,0,1,0,6,0,4,0,0,13,0
2026-04-29T09:35:00+02:00,2026-04-29T09:40:00+02:00,0,8,4,182,1,0,0,0,12,12,1,0,192,4,0,0,0,0,2,0,0,13,0
2026-04-29T09:40:00+02:00,2026-04-29T09:45:00+02:00,0,19,1,186,1,0,0,0,12,7,1,0,150,4,0,0,1,0,1,0,0,14,0
2026-04-29T09:45:00+02:00,2026-04-29T09:50:00+02:00,0,53,1,183,4,0,0,0,16,24,0,0,121,2,0,0,2,0,2,0,0,12,0
2026-04-29T09:50:00+02:00,2026-04-29T09:55:00+02:00,0,18,2,189,2,0,0,0,13,13,1,0,142,0,0,0,4,0,3,0,0,14,0
2026-04-29T09:55:00+02:00,2026-04-29T10:00:00+02:00,0,13,0,185,8,0,0,0,14,7,0,0,167,0,0,0,0,0,0,0,0,5,0
2026-04-29T10:00:00+02:00,2026-04-29T10:05:00+02:00,0,13,3,177,1,0,0,0,12,17,4,0,99,0,0,0,1,0,1,0,0,12,0
2026-04-29T10:05:00+02:00,2026-04-29T10:10:00+02:00,0,42,5,184,1,0,0,0,11,9,4,0,137,5,0,0,1,0,3,0,0,14,0
2026-04-29T10:10:00+02:00,2026-04-29T10:15:00+02:00,0,47,3,187,1,0,0,0,15,11,1,0,170,0,1,0,0,0,2,0,0,19,0
2026-04-29T10:15:00+02:00,2026-04-29T10:20:00+02:00,0,18,0,165,5,0,0,0,11,7,1,0,89,13,0,0,3,0,2,0,0,13,0
2026-04-29T10:20:00+02:00,2026-04-29T10:25:00+02:00,0,26,2,181,3,0,0,0,11,9,0,0,95,2,0,0,0,0,0,0,0,12,0
2026-04-29T10:25:00+02:00,2026-04-29T10:30:00+02:00,0,9,3,190,2,0,0,0,14,14,1,0,107,0,0,0,1,0,2,0,0,6,0
2026-04-29T10:30:00+02:00,2026-04-29T10:35:00+02:00,0,24,8,147,2,0,0,0,16,18,3,0,145,0,1,0,1,0,1,0,0,15,0
2026-04-29T10:35:00+02:00,2026-04-29T10:40:00+02:00,0,18,1,196,1,0,0,0,12,16,0,0,156,0,0,0,0,0,0,0,0,12,0
2026-04-29T10:40:00+02:00,2026-04-29T10:45:00+02:00,0,20,5,182,2,0,0,0,8,15,1,0,124,4,2,0,1,0,2,0,0,16,0
2026-04-29T10:45:00+02:00,2026-04-29T10:50:00+02:00,0,28,3,184,0,0,0,0,11,16,0,0,154,0,0,0,0,0,1,0,0,9,0
2026-04-29T10:50:00+02:00,2026-04-29T10:55:00+02:00,0,28,2,181,1,0,0,0,10,10,2,0,184,0,0,0,4,0,3,0,0,16,0
2026-04-29T10:55:00+02:00,2026-04-29T11:00:00+02:00,0,40,1,174,3,0,0,0,17,23,2,0,155,0,0,0,0,0,1,0,0,12,0
2026-04-29T11:00:00+02:00,2026-04-29T11:05:00+02:00,0,24,1,189,5,0,0,0,9,14,5,0,114,1,0,0,2,0,1,0,0,9,0
2026-04-29T11:05:00+02:00,2026-04-29T11:10:00+02:00,0,24,3,183,1,0,0,0,17,19,1,0,175,0,0,0,2,0,2,0,0,15,0
2026-04-29T11:10:00+02:00,2026-04-29T11:15:00+02:00,0,17,8,190,1,0,0,0,15,11,4,0,197,0,0,0,0,0,0,0,0,16,0
2026-04-29T11:15:00+02:00,2026-04-29T11:20:00+02:00,0,24,3,208,3,0,0,0,12,8,0,0,152,1,0,0,1,0,1,0,0,14,0
2026-04-29T11:20:00+02:00,2026-04-29T11:25:00+02:00,0,24,1,176,5,0,0,0,11,8,2,0,181,8,0,0,1,0,1,0,0,10,0
2026-04-29T11:25:00+02:00,2026-04-29T11:30:00+02:00,0,20,0,176,1,0,0,0,13,17,3,0,182,4,0,0,0,0,0,0,0,18,0
2026-04-29T11:30:00+02:00,2026-04-29T11:35:00+02:00,0,40,3,162,3,0,0,0,6,16,3,0,134,0,0,0,0,0,0,0,0,19,0
2026-04-29T11:35:00+02:00,2026-04-29T11:40:00+02:00,0,29,2,198,2,0,0,0,7,10,0,0,170,0,0,0,3,0,3,0,0,15,0
2026-04-29T11:40:00+02:00,2026-04-29T11:45:00+02:00,1,8,5,210,1,0,0,0,9,14,0,0,166,1,0,0,2,0,3,0,0,11,0
2026-04-29T11:45:00+02:00,2026-04-29T11:50:00+02:00,0,21,2,187,6,0,0,0,18,25,2,0,191,0,0,0,0,0,3,0,0,21,0
2026-04-29T11:50:00+02:00,2026-04-29T11:55:00+02:00,0,11,3,195,2,0,0,0,13,10,0,0,159,1,0,0,0,0,0,0,0,16,0
2026-04-29T11:55:00+02:00,2026-04-29T12:00:00+02:00,0,5,0,159,2,0,0,0,5,13,0,0,163,0,0,0,3,0,3,0,0,8,0
2026-04-29T12:00:00+02:00,2026-04-29T12:05:00+02:00,0,29,3,192,2,0,0,0,12,18,3,0,181,2,0,0,0,0,0,0,0,13,0
2026-04-29T12:05:00+02:00,2026-04-29T12:10:00+02:00,0,23,4,180,0,0,0,0,15,12,0,0,198,3,0,0,0,0,0,0,0,15,0
2026-04-29T12:10:00+02:00,2026-04-29T12:15:00+02:00,0,5,4,175,0,0,0,0,14,12,2,0,149,4,0,0,2,0,0,0,0,15,0
2026-04-29T12:15:00+02:00,2026-04-29T12:20:00+02:00,0,17,6,172,0,0,0,0,4,11,1,0,144,1,0,0,0,0,1,0,0,15,1
2026-04-29T12:20:00+02:00,2026-04-29T12:25:00+02:00,0,28,2,175,1,0,0,0,16,19,2,0,173,3,2,0,0,0,0,0,0,16,0
2026-04-29T12:25:00+02:00,2026-04-29T12:30:00+02:00,0,15,6,164,4,0,0,0,18,15,6,0,138,0,0,0,0,0,0,0,0,16,0
2026-04-29T12:30:00+02:00,2026-04-29T12:35:00+02:00,1,12,2,154,0,0,0,0,8,20,1,0,142,8,0,0,0,0,1,0,0,19,0
2026-04-29T12:35:00+02:00,2026-04-29T12:40:00+02:00,0,12,2,179,4,0,0,0,6,11,2,0,113,0,0,0,0,0,1,0,0,14,0
2026-04-29T12:40:00+02:00,2026-04-29T12:45:00+02:00,0,14,3,185,0,0,0,0,9,12,0,0,130,0,0,0,0,0,0,0,0,14,0
2026-04-29T12:45:00+02:00,2026-04-29T12:50:00+02:00,0,23,1,149,0,0,0,0,13,13,1,0,136,3,0,0,0,0,0,0,0,12,0
2026-04-29T12:50:00+02:00,2026-04-29T12:55:00+02:00,0,17,2,166,5,0,0,0,11,16,1,0,202,0,1,0,0,0,0,0,0,13,0
2026-04-29T12:55:00+02:00,2026-04-29T13:00:00+02:00,0,15,2,161,1,0,0,0,9,15,0,0,129,9,1,0,0,0,0,0,0,20,0
2026-04-29T13:00:00+02:00,2026-04-29T13:05:00+02:00,0,30,1,163,2,0,0,0,14,10,1,0,166,0,0,0,0,0,1,0,0,12,0
2026-04-29T13:05:00+02:00,2026-04-29T13:10:00+02:00,0,11,5,203,1,0,0,0,11,10,1,0,114,0,0,0,0,0,1,0,0,11,0
2026-04-29T13:10:00+02:00,2026-04-29T13:15:00+02:00,0,2,9,179,1,0,0,0,12,11,0,0,122,0,1,0,0,0,0,0,0,12,0
2026-04-29T13:15:00+02:00,2026-04-29T13:20:00+02:00,2,17,1,172,1,0,0,0,17,12,1,0,167,1,1,0,0,0,2,0,0,8,0
2026-04-29T13:20:00+02:00,2026-04-29T13:25:00+02:00,0,13,3,200,2,0,0,0,7,14,1,0,161,2,1,0,1,0,4,0,0,8,0
2026-04-29T13:25:00+02:00,2026-04-29T13:30:00+02:00,1,7,3,175,2,0,0,0,10,21,1,0,135,0,0,0,2,0,1,0,0,13,0
2026-04-29T13:30:00+02:00,2026-04-29T13:35:00+02:00,0,25,2,210,0,0,0,0,9,10,2,0,175,6,0,0,0,0,1,0,0,20,0
2026-04-29T13:35:00+02:00,2026-04-29T13:40:00+02:00,0,22,2,195,3,0,0,0,14,22,1,0,165,11,1,0,0,0,0,0,0,13,0
2026-04-29T13:40:00+02:00,2026-04-29T13:45:00+02:00,0,30,6,196,0,0,0,0,7,9,1,0,179,3,0,0,0,0,1,0,0,7,0
2026-04-29T13:45:00+02:00,2026-04-29T13:50:00+02:00,0,9,5,157,3,0,0,0,5,19,2,0,169,1,1,0,2,0,3,0,0,23,0
2026-04-29T13:50:00+02:00,2026-04-29T13:55:00+02:00,0,30,2,214,2,0,0,0,12,12,0,0,219,3,0,0,1,0,0,0,0,17,0
2026-04-29T13:55:00+02:00,2026-04-29T14:00:00+02:00,0,4,2,221,3,0,0,0,7,21,5,0,211,8,0,0,0,0,1,0,0,10,0
2026-04-29T14:00:00+02:00,2026-04-29T14:05:00+02:00,0,6,4,185,0,0,0,0,15,16,0,0,173,0,0,0,2,0,0,0,0,7,0
2026-04-29T14:05:00+02:00,2026-04-29T14:10:00+02:00,0,19,1,154,1,0,0,0,16,9,0,0,128,3,0,0,0,0,1,0,0,6,0
2026-04-29T14:10:00+02:00,2026-04-29T14:15:00+02:00,0,21,5,208,1,0,0,0,7,13,6,0,163,9,0,0,0,0,0,0,0,6,0
2026-04-29T14:15:00+02:00,2026-04-29T14:20:00+02:00,0,15,0,171,0,0,0,0,8,14,7,0,133,2,0,0,2,0,1,0,0,15,0
2026-04-29T14:20:00+02:00,2026-04-29T14:25:00+02:00,0,14,6,203,1,0,0,0,12,13,0,0,209,0,0,0,1,0,1,0,0,15,0
2026-04-29T14:25:00+02:00,2026-04-29T14:30:00+02:00,0,21,0,204,6,0,0,0,8,14,0,0,166,9,0,0,1,0,2,0,0,10,0
2026-04-29T14:30:00+02:00,2026-04-29T14:35:00+02:00,0,17,6,230,1,0,0,0,9,15,1,0,215,3,0,0,0,0,1,0,0,14,0
2026-04-29T14:35:00+02:00,2026-04-29T14:40:00+02:00,0,20,3,226,1,0,0,0,7,13,1,0,238,2,0,0,0,0,2,0,0,14,0
2026-04-29T14:40:00+02:00,2026-04-29T14:45:00+02:00,0,36,5,218,3,0,0,0,8,6,1,0,226,4,0,0,0,0,0,0,0,9,0
2026-04-29T14:45:00+02:00,2026-04-29T14:50:00+02:00,0,25,3,200,4,0,0,0,4,10,0,0,141,0,2,0,0,0,2,0,0,15,0
2026-04-29T14:50:00+02:00,2026-04-29T14:55:00+02:00,1,25,4,205,4,0,0,0,2,10,1,0,138,0,0,0,0,0,0,0,0,16,0
2026-04-29T14:55:00+02:00,2026-04-29T15:00:00+02:00,0,27,1,199,0,0,0,0,11,7,1,0,135,0,1,0,0,0,2,0,0,11,0
2026-04-29T15:00:00+02:00,2026-04-29T15:05:00+02:00,0,19,3,197,2,0,0,0,12,13,0,0,149,3,0,0,0,0,0,0,0,13,0
2026-04-29T15:05:00+02:00,2026-04-29T15:10:00+02:00,0,16,2,211,2,0,0,0,12,8,0,0,137,0,0,0,1,0,1,0,0,23,0
2026-04-29T15:10:00+02:00,2026-04-29T15:15:00+02:00,0,28,7,210,6,0,0,0,7,18,4,0,177,0,0,0,1,0,4,0,0,12,0
