#INTERVAL_START,INTERVAL_END,ANIMAL,BICYCLE,BUS,CAR,CAR_TRAILER,CARAVAN,E_CART,HEAD,HEAVY,LIGHT,MOTORCYCLE,OBSTACLE,PEDESTRIAN,PRAM,SCOOTER,SKATE,TRACTOR,TRAM,TRUCK_TRAILER,TUK_TUK,UNKNOWN,VAN,WHEELCHAIR
2026-09-01T00:00:00+02:00,2026-09-01T00:05:00+02:00,0,0,0,8,0,0,0,0,0,0,0,0,0,0,0,0,0,0,0,0,0,1,0
2026-09-01T00:05:00+02:00,2026-09-01T00:10:00+02:00,0,0,0,4,0,0,0,0,3,0,0,0,0,0,0,0,0,0,0,0,0,0,0
2026-09-01T00:10:00+02:00,2026-09-01T00:15:00+02:00,0,0,0,6,0,0,0,0,1,0,0,0,0,0,0,0,0,0,0,0,0,0,0
2026-09-01T00:15:00+02:00,2026-09-01T00:20:00+02:00,0,0,0,4,0,0,0,0,0,0,0,0,1,0,0,0,0,0,0,0,0,0,0
2026-09-01T00:20:00+02:00,2026-09-01T00:25:00+02:00,0,0,0,11,0,0,0,0,0,0,0,0,0,0,0,0,0,0,0,0,0,0,0
2026-09-01T00:25:00+02:00,2026-09-01T00:30:00+02:00,0,0,0,4,0,0,0,0,0,0,0,0,0,0,0,0,0,0,0,0,0,0,0
2026-09-01T00:30:00+02:00,2026-09-01T00:35:00+02:00,0,0,0,3,0,0,0,0,2,0,0,0,0,0,0,0,0,0,0,0,0,3,0
2026-09-01T00:35:00+02:00,2026-09-01T00:40:00+02:00,0,0,0,4,0,0,0,0,2,1,0,0,0,0,0,0,0,0,0,0,0,0,0
2026-09-01T00:40:00+02:00,2026-09-01T00:45:00+02:00,0,0,0,3,0,0,0,0,2,2,0,0,0,0,0,0,0,0,0,0,0,0,0
2026-09-01T00:45:00+02:00,2026-09-01T00:50:00+02:00,0,0,0,10,0,0,0,0,3,0,0,0,0,0,0,0,0,0,0,0,0,0,0
2026-09-01T00:50:00+02:00,2026-09-01T00:55:00+02:00,0,0,0,10,0,0,0,0,0,0,0,0,0,0,0,0,0,0,0,0,0,1,0
2026-09-01T00:55:00+02:00,2026-09-01T01:00:00+02:00,0,2,0,10,0,0,0,0,3,1,0,0,2,0,0,0,0,0,0,0,0,0,0
2026-09-01T01:00:00+02:00,2026-09-01T01:05:00+02:00,0,0,0,6,0,0,0,0,5,1,0,0,0,0,0,0,0,0,0,0,0,0,0
2026-09-01T01:05:00+02:00,2026-09-01T01:10:00+02:00,0,0,0,13,0,0,0,0,4,1,0,0,0,0,0,0,0,0,0,0,0,0,0
2026-09-01T01:10:00+02:00,2026-09-01T01:15:00+02:00,0,0,0,2,0,0,0,0,0,1,0,0,0,0,0,0,0,0,0,0,0,2,0
2026-09-01T01:15:00+02:00,2026-09-01T01:20:00+02:00,0,0,0,4,0,0,0,0,1,3,0,0,0,0,0,0,0,0,0,0,0,0,0
2026-09-01T01:20:00+02:00,2026-09-01T01:25:00+02:00,0,0,0,3,0,0,0,0,1,0,0,0,0,0,0,0,0,0,0,0,0,0,0
2026-09-01T01:25:00+02:00,2026-09-01T01:30:00+02:00,0,0,0,3,0,0,0,0,2,1,0,0,3,0,0,0,0,0,1,0,0,0,0
2026-09-01T01:30:00+02:00,2026-09-01T01:35:00+02:00,0,0,0,5,0,0,0,0,3,1,0,0,1,0,0,0,0,0,0,0,0,0,0
2026-09-01T01:35:00+02:00,2026-09-01T01:40:00+02:00,0,0,0,6,0,0,0,0,3,2,0,0,0,0,0,0,0,0,1,0,0,1,0
2026-09-01T01:40:00+02:00,2026-09-01T01:45:00+02:00,0,0,0,8,1,0,0,0,1,2,0,0,0,0,0,0,0,0,0,0,0,3,0
2026-09-01T01:45:00+02:00,2026-09-01T01:50:00+02:00,0,0,0,3,0,0,0,0,4,0,0,0,0,0,0,0,0,0,0,0,0,0,0
2026-09-01T01:50:00+02:00,2026-09-01T01:55:00+02:00,0,0,0,4,0,0,0,0,0,0,0,0,0,0,0,0,0,0,0,0,0,0,0
2026-09-01T01:55:00+02:00,2026-09-01T02:00:00+02:00,0,0,0,3,0,0,0,0,1,3,0,0,0,0,0,0,0,0,0,0,0,0,0
2026-09-01T02:00:00+02:00,2026-09-01T02:05:00+02:00,0,0,0,6,0,0,0,0,0,2,0,0,0,0,0,0,0,0,0,0,0,2,0
2026-09-01T02:05:00+02:00,2026-09-01T02:10:00+02:00,0,0,0,3,0,0,0,0,3,0,0,0,0,0,0,0,0,0,0,0,0,0,0
2026-09-01T02:10:00+02:00,2026-09-01T02:15:00+02:00,0,0,0,6,0,0,0,0,1,0,0,0,4,0,0,0,0,0,0,0,0,1,0
2026-09-01T02:15:00+02:00,2026-09-01T02:20:00+02:00,0,1,0,3,0,0,0,0,3,1,0,0,0,0,0,0,0,0,0,0,0,2,0
2026-09-01T02:20:00+02:00,2026-09-01T02:25:00+02:00,0,0,0,3,0,0,0,0,3,0,0,0,0,0,0,0,0,0,0,0,0,1,0
2026-09-01T02:25:00+02:00,2026-09-01T02:30:00+02:00,0,0,0,6,0,0,0,0,1,2,0,0,0,0,0,0,0,0,0,0,0,0,0
2026-09-01T02:30:00+02:00,2026-09-01T02:35:00+02:00,0,0,0,8,2,0,0,0,0,1,0,0,0,0,0,0,0,0,1,0,0,2,0
2026-09-01T02:35:00+02:00,2026-09-01T02:40:00+02:00,0,0,0,0,1,0,0,0,3,1,0,0,0,0,0,0,0,0,0,0,0,2,0
2026-09-01T02:40:00+02:00,2026-09-01T02:45:00+02:00,0,4,0,2,0,0,0,0,1,0,0,0,0,0,0,0,0,0,0,0,0,0,0
2026-09-01T02:45:00+02:00,2026-09-01T02:50:00+02:00,0,0,0,4,0,0,0,0,3,1,0,0,0,0,0,0,0,0,0,0,0,0,0
2026-09-01T02:50:00+02:00,2026-09-01T02:55:00+02:00,0,0,0,3,0,0,0,0,0,2,0,0,0,0,0,0,0,0,0,0,0,0,0
2026-09-01T02:55:00+02:00,2026-09-01T03:00:00+02:00,0,0,0,5,1,0,0,0,3,2,0,0,0,0,0,0,0,0,0,0,0,1,0
2026-09-01T03:00:00+02:00,2026-09-01T03:05:00+02:00,0,0,0,4,0,0,0,0,1,1,0,0,0,0,0,0,0,0,1,0,0,6,0
2026-09-01T03:05:00+02:00,2026-09-01T03:10:00+02:00,0,3,0,4,0,0,0,0,6,0,0,0,0,0,0,0,0,0,0,0,0,0,0
2026-09-01T03:10:00+02:00,2026-09-01T03:15:00+02:00,0,0,0,2,0,0,0,0,2,4,0,0,0,0,0,0,0,0,0,0,0,0,0
2026-09-01T03:15:00+02:00,2026-09-01T03:20:00+02:00,0,0,0,2,0,0,0,0,5,3,0,0,0,0,0,0,0,0,0,0,0,0,0
2026-09-01T03:20:00+02:00,2026-09-01T03:25:00+02:00,0,0,0,7,0,0,0,0,1,3,0,0,0,0,0,0,0,0,0,0,0,3,0
2026-09-01T03:25:00+02:00,2026-09-01T03:30:00+02:00,0,0,0,3,0,0,0,0,3,2,0,0,0,0,0,0,0,0,0,0,0,0,0
2026-09-01T03:30:00+02:00,2026-09-01T03:35:00+02:00,0,2,0,6,0,0,0,0,2,0,0,0,0,0,0,0,0,0,0,0,0,0,0
2026-09-01T03:35:00+02:00,2026-09-01T03:40:00+02:00,0,2,0,3,0,0,0,0,2,0,0,0,1,0,0,0,0,0,0,0,0,2,0
2026-09-01T03:40:00+02:00,2026-09-01T03:45:00+02:00,0,0,0,6,0,0,0,0,5,0,0,0,0,0,0,0,0,0,0,0,0,1,0
2026-09-01T03:45:00+02:00,2026-09-01T03:50:00+02:00,0,1,1,11,0,0,0,0,2,0,0,0,0,0,0,0,0,0,0,0,0,0,0
2026-09-01T03:50:00+02:00,2026-09-01T03:55:00+02:00,0,0,0,11,0,0,0,0,7,2,0,0,0,0,0,0,0,0,0,0,0,2,0
2026-09-01T03:55:00+02:00,2026-09-01T04:00:00+02:00,0,0,0,4,0,0,0,0,1,0,0,0,5,0,0,0,0,0,0,0,0,0,0
2026-09-01T04:00:00+02:00,2026-09-01T04:05:00+02:00,0,0,0,10,0,0,0,0,0,3,0,0,0,0,0,0,0,0,0,0,0,0,0
2026-09-01T04:05:00+02:00,2026-09-01T04:10:00+02:00,0,0,2,6,0,0,0,0,2,0,0,0,0,0,0,0,0,0,0,0,0,1,0
2026-09-01T04:10:00+02:00,2026-09-01T04:15:00+02:00,0,0,7,22,1,0,0,0,3,2,0,0,7,0,0,0,0,0,0,0,0,0,0
2026-09-01T04:15:00+02:00,2026-09-01T04:20:00+02:00,1,0,5,16,0,0,0,0,1,0,0,0,0,0,0,0,0,0,0,0,0,3,0
2026-09-01T04:20:00+02:00,2026-09-01T04:25:00+02:00,2,3,2,12,0,0,0,0,3,1,0,0,2,0,0,0,0,0,0,0,0,4,0
2026-09-01T04:25:00+02:00,2026-09-01T04:30:00+02:00,0,0,1,31,0,0,0,0,6,0,0,0,5,0,0,0,0,0,0,0,0,6,0
2026-09-01T04:30:00+02:00,2026-09-01T04:35:00+02:00,0,1,2,22,0,0,0,0,1,2,0,0,0,0,0,0,0,0,0,0,0,0,0
2026-09-01T04:35:00+02:00,2026-09-01T04:40:00+02:00,0,0,1,18,0,0,0,0,2,1,0,0,9,0,0,0,0,0,0,0,0,2,0
2026-09-01T04:40:00+02:00,2026-09-01T04:45:00+02:00,0,2,0,38,1,0,0,0,4,3,1,0,4,0,0,0,0,0,2,0,0,0,0
2026-09-01T04:45:00+02:00,2026-09-01T04:50:00+02:00,0,4,0,39,0,0,0,0,8,4,1,0,0,0,0,0,0,0,0,0,0,0,0
2026-09-01T04:50:00+02:00,2026-09-01T04:55:00+02:00,0,2,2,26,0,0,0,0,2,4,2,0,5,0,0,0,0,0,0,0,0,3,0
2026-09-01T04:55:00+02:00,2026-09-01T05:00:00+02:00,0,4,2,39,0,0,0,0,4,4,0,0,8,0,0,0,0,0,0,0,0,1,0
2026-09-01T05:00:00+02:00,2026-09-01T05:05:00+02:00,0,5,1,33,0,0,0,0,10,2,3,0,1,0,0,0,0,0,0,0,0,3,0
2026-09-01T05:05:00+02:00,2026-09-01T05:10:00+02:00,0,2,4,37,0,0,0,0,2,5,0,0,11,0,0,0,0,0,0,0,0,2,0
2026-09-01T05:10:00+02:00,2026-09-01T05:15:00+02:00,0,5,7,31,0,0,0,0,10,6,1,0,11,0,0,0,0,0,0,0,0,1,0
2026-09-01T05:15:00+02:00,2026-09-01T05:20:00+02:00,2,0,5,53,0,0,0,0,6,3,0,0,19,0,0,0,0,0,2,0,0,0,0
2026-09-01T05:20:00+02:00,2026-09-01T05:25:00+02:00,0,5,4,63,0,0,0,0,8,1,0,0,4,0,0,0,0,0,0,0,0,2,0
2026-09-01T05:25:00+02:00,2026-09-01T05:30:00+02:00,0,5,6,72,0,0,0,0,8,5,0,0,7,0,0,0,0,0,0,0,0,7,0
2026-09-01T05:30:00+02:00,2026-09-01T05:35:00+02:00,0,0,3,70,0,0,0,0,5,2,3,0,2,0,0,0,1,0,1,0,0,4,0
2026-09-01T05:35:00+02:00,2026-09-01T05:40:00+02:00,0,3,5,99,1,0,0,0,3,7,7,0,14,0,0,0,0,0,1,0,0,7,0
2026-09-01T05:40:00+02:00,2026-09-01T05:45:00+02:00,0,6,4,93,1,0,0,0,4,3,2,0,36,0,3,0,1,0,0,0,0,7,0
2026-09-01T05:45:00+02:00,2026-09-01T05:50:00+02:00,0,1,1,93,0,0,0,0,6,3,3,0,15,0,0,0,0,0,1,0,0,5,0
2026-09-01T05:50:00+02:00,2026-09-01T05:55:00+02:00,0,2,5,89,2,0,0,0,3,4,4,0,14,0,0,0,0,0,0,0,0,11,0
2026-09-01T05:55:00+02:00,2026-09-01T06:00:00+02:00,0,9,2,97,0,0,0,0,11,7,1,0,3,0,0,0,0,0,0,0,0,7,0
2026-09-01T06:00:00+02:00,2026-09-01T06:05:00+02:00,0,0,1,80,0,0,0,0,4,7,0,0,18,0,0,0,0,0,0,0,0,12,0
2026-09-01T06:05:00+02:00,2026-09-01T06:10:00+02:00,0,3,5,84,0,0,0,0,3,6,0,0,8,0,0,0,0,0,0,0,0,6,0
2026-09-01T06:10:00+02:00,2026-09-01T06:15:00+02:00,0,7,2,87,0,0,0,0,7,4,0,0,39,0,0,0,0,0,0,0,0,13,0
2026-09-01T06:15:00+02:00,2026-09-01T06:20:00+02:00,0,12,5,134,0,0,0,0,4,8,0,0,38,0,0,0,0,0,1,0,0,10,0
2026-09-01T06:20:00+02:00,2026-09-01T06:25:00+02:00,0,14,2,114,0,0,0,0,3,4,0,0,39,0,0,0,0,0,0,0,0,12,0
2026-09-01T06:25:00+02:00,2026-09-01T06:30:00+02:00,0,3,2,108,0,0,0,0,6,2,1,0,17,0,0,0,0,0,0,0,0,7,0
2026-09-01T06:30:00+02:00,2026-09-01T06:35:00+02:00,0,8,2,102,0,0,0,0,11,7,2,0,35,0,0,0,0,0,0,0,0,5,0
2026-09-01T06:35:00+02:00,2026-09-01T06:40:00+02:00,0,16,5,139,2,0,0,0,11,9,1,0,48,0,2,0,0,0,0,0,0,3,0
2026-09-01T06:40:00+02:00,2026-09-01T06:45:00+02:00,0,14,1,132,1,0,0,0,7,12,0,0,17,0,0,0,4,0,1,0,0,10,0
2026-09-01T06:45:00+02:00,2026-09-01T06:50:00+02:00,0,7,3,153,1,0,0,0,9,7,3,0,16,0,0,0,0,0,0,0,0,10,0
2026-09-01T06:50:00+02:00,2026-09-01T06:55:00+02:00,0,0,3,147,0,0,0,0,6,5,3,0,60,0,0,0,0,0,0,0,0,9,0
2026-09-01T06:55:00+02:00,2026-09-01T07:00:00+02:00,0,0,1,166,3,0,0,0,4,8,0,0,42,0,0,0,1,0,0,0,0,13,0
2026-09-01T07:00:00+02:00,2026-09-01T07:05:00+02:00,0,3,2,138,0,0,0,0,3,6,1,0,33,0,0,0,1,0,2,0,0,8,0
2026-09-01T07:05:00+02:00,2026-09-01T07:10:00+02:00,0,7,5,165,1,0,0,0,20,16,0,0,31,0,0,0,0,0,1,0,0,21,0
2026-09-01T07:10:00+02:00,2026-09-01T07:15:00+02:00,0,13,5,141,1,0,0,0,6,12,1,0,88,0,0,0,0,0,1,0,0,13,0
2026-09-01T07:15:00+02:00,2026-09-01T07:20:00+02:00,0,6,3,173,2,0,0,0,14,17,5,0,97,0,0,0,0,1,0,0,0,14,0
2026-09-01T07:20:00+02:00,2026-09-01T07:25:00+02:00,0,17,6,146,0,0,0,0,3,15,2,0,71,0,0,0,0,0,1,0,0,14,0
2026-09-01T07:25:00+02:00,2026-09-01T07:30:00+02:00,0,27,8,194,0,0,0,0,4,10,0,0,99,0,0,0,0,0,0,0,0,15,0
2026-09-01T07:30:00+02:00,2026-09-01T07:35:00+02:00,0,19,5,202,0,3,0,0,8,9,1,0,161,0,0,0,0,0,0,0,0,10,0
2026-09-01T07:35:00+02:00,2026-09-01T07:40:00+02:00,0,21,2,188,0,0,0,0,10,10,2,0,132,0,0,0,1,0,0,0,0,17,0
2026-09-01T07:40:00+02:00,2026-09-01T07:45:00+02:00,1,5,10,230,0,0,0,0,8,13,1,0,106,0,0,0,0,0,2,0,0,5,0
2026-09-01T07:45:00+02:00,2026-09-01T07:50:00+02:00,1,8,4,197,2,0,0,0,7,6,0,0,113,0,0,0,0,0,0,0,0,13,0
2026-09-01T07:50:00+02:00,2026-09-01T07:55:00+02:00,0,9,3,206,0,0,0,0,5,16,0,0,87,0,0,0,0,0,4,0,0,18,0
2026-09-01T07:55:00+02:00,2026-09-01T08:00:00+02:00,0,18,1,179,3,0,0,0,6,15,3,0,65,0,0,0,0,0,1,0,0,8,0
2026-09-01T08:00:00+02:00,2026-09-01T08:05:00+02:00,0,17,7,172,0,0,0,0,9,15,0,0,86,1,0,0,0,0,3,0,0,7,0
2026-09-01T08:05:00+02:00,2026-09-01T08:10:00+02:00,0,19,0,120,0,0,0,0,7,13,0,0,57,0,0,0,0,0,1,0,0,13,0
2026-09-01T08:10:00+02:00,2026-09-01T08:15:00+02:00,0,15,3,133,4,0,0,0,8,10,2,0,82,0,0,0,2,0,0,0,0,11,0
2026-09-01T08:15:00+02:00,2026-09-01T08:20:00+02:00,0,6,0,127,1,0,0,0,1,4,1,0,78,0,0,0,0,0,0,0,0,9,0
2026-09-01T08:20:00+02:00,2026-09-01T08:25:00+02:00,0,12,1,130,1,0,0,0,9,14,0,0,65,0,1,0,0,0,2,0,0,20,0
2026-09-01T08:25:00+02:00,2026-09-01T08:30:00+02:00,0,21,3,153,1,0,0,0,9,11,2,0,87,4,2,0,2,0,0,0,0,6,0
2026-09-01T08:30:00+02:00,2026-09-01T08:35:00+02:00,0,16,1,152,5,0,0,0,14,14,3,0,97,0,0,0,0,0,1,0,0,13,0
2026-09-01T08:35:00+02:00,2026-09-01T08:40:00+02:00,0,20,1,141,1,0,0,0,10,9,7,0,92,1,0,0,1,0,0,0,0,13,0
2026-09-01T08:40:00+02:00,2026-09-01T08:45:00+02:00,0,16,7,170,0,0,0,0,7,22,3,0,101,0,0,0,0,0,0,0,0,11,0
2026-09-01T08:45:00+02:00,2026-09-01T08:50:00+02:00,0,38,2,171,1,0,0,0,7,9,0,0,75,0,0,0,0,0,0,0,0,23,0
2026-09-01T08:50:00+02:00,2026-09-01T08:55:00+02:00,0,9,1,186,1,0,0,0,11,15,0,0,153,0,0,0,2,0,2,0,0,20,0
2026-09-01T08:55:00+02:00,2026-09-01T09:00:00+02:00,0,18,1,188,0,0,0,0,5,16,0,0,144,0,0,0,0,0,0,0,0,14,0
2026-09-01T09:00:00+02:00,2026-09-01T09:05:00+02:00,0,29,4,157,1,0,0,0,11,20,5,0,81,0,0,0,0,0,1,0,0,17,0
2026-09-01T09:05:00+02:00,2026-09-01T09:10:00+02:00,0,5,2,159,1,0,0,0,7,13,0,0,115,0,0,0,0,0,2,0,0,9,0
2026-09-01T09:10:00+02:00,2026-09-01T09:15:00+02:00,0,44,4,199,5,0,0,0,14,16,1,0,166,1,0,0,0,0,2,0,0,9,0
2026-09-01T09:15:00+02:00,2026-09-01T09:20:00+02:00,0,16,4,165,0,0,0,0,8,7,2,0,109,1,0,0,0,0,0,0,0,11,0
2026-09-01T09:20:00+02:00,2026-09-01T09:25:00+02:00,0,4,0,166,1,0,0,0,9,11,0,0,117,0,0,0,0,0,1,0,0,5,0
2026-09-01T09:25:00+02:00,2026-09-01T09:30:00+02:00,0,20,0,168,0,0,0,0,5,11,1,0,204,3,0,0,0,0,3,0,0,12,0
2026-09-01T09:30:00+02:00,2026-09-01T09:35:00+02:00,0,13,1,186,3,0,0,0,18,11,1,0,176,0,0,0,0,0,0,0,0,8,0
2026-09-01T09:35:00+02:00,2026-09-01T09:40:00+02:00,0,51,0,208,3,0,0,0,11,7,2,0,292,4,0,0,0,0,0,0,0,10,0
2026-09-01T09:40:00+02:00,2026-09-01T09:45:00+02:00,0,33,1,186,2,0,0,0,12,10,5,0,216,0,0,0,2,0,1,0,0,9,0
2026-09-01T09:45:00+02:00,2026-09-01T09:50:00+02:00,0,10,2,233,2,0,0,0,7,8,4,0,286,0,0,0,2,0,3,0,0,15,0
2026-09-01T09:50:00+02:00,2026-09-01T09:55:00+02:00,0,35,0,208,6,0,0,0,13,8,0,0,347,0,0,0,0,0,0,0,0,11,0
2026-09-01T09:55:00+02:00,2026-09-01T10:00:00+02:00,0,32,1,186,4,0,0,0,17,7,5,0,275,0,0,0,0,0,0,0,0,11,0
2026-09-01T10:00:00+02:00,2026-09-01T10:05:00+02:00,0,52,6,163,2,0,0,0,14,16,1,0,246,0,0,0,0,0,0,0,0,10,0
2026-09-01T10:05:00+02:00,2026-09-01T10:10:00+02:00,0,32,1,185,2,0,0,0,11,12,1,0,213,0,0,0,0,0,2,0,0,12,0
2026-09-01T10:10:00+02:00,2026-09-01T10:15:00+02:00,0,54,1,188,1,0,0,0,12,11,5,0,226,2,0,0,2,0,4,0,0,14,0
2026-09-01T10:15:00+02:00,2026-09-01T10:20:00+02:00,0,17,2,179,4,0,0,0,10,7,4,0,230,1,0,0,1,0,1,0,0,18,0
2026-09-01T10:20:00+02:00,2026-09-01T10:25:00+02:00,0,41,0,194,5,0,0,0,12,14,3,0,174,3,0,0,1,0,3,0,0,10,0
2026-09-01T10:25:00+02:00,2026-09-01T10:30:00+02:00,0,15,1,175,0,0,0,0,8,14,0,0,170,0,0,0,0,0,1,0,0,6,0
2026-09-01T10:30:00+02:00,2026-09-01T10:35:00+02:00,0,26,6,186,0,0,0,0,12,7,2,0,224,0,1,0,0,0,1,0,0,5,0
2026-09-01T10:35:00+02:00,2026-09-01T10:40:00+02:00,0,34,1,157,2,0,0,0,13,20,1,0,186,0,0,0,0,0,1,0,0,11,0
2026-09-01T10:40:00+02:00,2026-09-01T10:45:00+02:00,0,16,0,179,4,0,0,0,11,13,2,0,149,4,0,0,0,0,0,0,0,21,0
2026-09-01T10:45:00+02:00,2026-09-01T10:50:00+02:00,0,26,3,179,1,0,0,0,11,13,2,0,159,0,0,0,5,0,1,0,0,16,0
2026-09-01T10:50:00+02:00,2026-09-01T10:55:00+02:00,0,15,3,185,0,0,0,0,13,7,2,0,155,0,0,0,0,0,0,0,0,13,0
2026-09-01T10:55:00+02:00,2026-09-01T11:00:00+02:00,0,28,2,180,0,0,0,0,9,8,1,0,205,3,0,0,0,0,0,0,0,11,0
2026-09-01T11:00:00+02:00,2026-09-01T11:05:00+02:00,0,30,2,175,1,0,0,0,11,8,12,0,156,0,0,0,0,0,0,0,0,18,0
2026-09-01T11:05:00+02:00,2026-09-01T11:10:00+02:00,0,27,1,172,2,0,0,0,15,17,2,0,112,2,1,0,0,0,3,0,0,17,0
2026-09-01T11:10:00+02:00,2026-09-01T11:15:00+02:00,0,23,5,149,1,0,0,0,13,19,0,0,208,5,0,0,3,0,0,0,0,16,0
2026-09-01T11:15:00+02:00,2026-09-01T11:20:00+02:00,1,25,0,182,0,0,0,0,7,7,4,0,180,0,3,0,1,0,4,0,0,16,0
2026-09-01T11:20:00+02:00,2026-09-01T11:25:00+02:00,0,13,0,178,3,0,0,0,12,14,1,0,161,0,0,0,1,0,1,0,0,14,0
2026-09-01T11:25:00+02:00,2026-09-01T11:30:00+02:00,0,19,0,188,3,0,0,0,12,10,2,0,158,0,0,0,0,0,1,0,0,11,0
2026-09-01T11:30:00+02:00,2026-09-01T11:35:00+02:00,0,33,1,186,4,0,0,0,4,10,6,0,238,2,0,0,0,0,0,0,0,14,0
2026-09-01T11:35:00+02:00,2026-09-01T11:40:00+02:00,0,27,1,196,0,0,0,0,8,11,4,0,225,7,0,0,1,0,2,0,0,14,0
2026-09-01T11:40:00+02:00,2026-09-01T11:45:00+02:00,0,22,5,185,1,0,0,0,8,7,3,0,137,2,0,0,0,0,2,0,0,17,0
2026-09-01T11:45:00+02:00,2026-09-01T11:50:00+02:00,0,17,0,148,1,0,0,0,4,6,4,0,138,2,0,0,0,0,0,0,0,12,0
2026-09-01T11:50:00+02:00,2026-09-01T11:55:00+02:00,0,26,1,215,3,0,0,0,16,9,1,0,202,0,0,0,0,0,0,0,0,13,0
2026-09-01T11:55:00+02:00,2026-09-01T12:00:00+02:00,0,8,0,168,3,0,0,0,13,7,1,0,140,4,0,0,0,0,0,0,0,8,0
2026-09-01T12:00:00+02:00,2026-09-01T12:05:00+02:00,0,24,3,176,5,0,0,0,7,12,6,0,170,0,0,0,0,0,0,0,0,8,0
2026-09-01T12:05:00+02:00,2026-09-01T12:10:00+02:00,0,28,4,169,3,0,0,0,11,16,1,0,166,0,0,0,1,0,0,0,0,16,0
2026-09-01T12:10:00+02:00,2026-09-01T12:15:00+02:00,0,18,4,162,3,0,0,0,8,13,4,0,171,7,0,0,0,0,0,0,0,6,0
2026-09-01T12:15:00+02:00,2026-09-01T12:20:00+02:00,0,22,6,177,2,0,0,0,5,22,0,0,126,0,1,0,0,0,1,0,0,19,0
2026-09-01T12:20:00+02:00,2026-09-01T12:25:00+02:00,0,29,3,181,0,0,0,0,9,14,7,0,183,1,0,0,1,0,2,0,0,11,0
2026-09-01T12:25:00+02:00,2026-09-01T12:30:00+02:00,0,29,0,142,2,0,0,0,6,14,7,0,194,0,0,0,0,0,0,0,0,17,0
2026-09-01T12:30:00+02:00,2026-09-01T12:35:00+02:00,0,13,2,159,0,0,0,0,7,15,2,0,101,0,0,0,1,0,1,0,0,11,0
2026-09-01T12:35:00+02:00,2026-09-01T12:40:00+02:00,0,6,2,163,2,2,0,0,9,11,2,0,138,2,0,0,2,0,0,0,0,16,0
2026-09-01T12:40:00+02:00,2026-09-01T12:45:00+02:00,0,37,2,186,1,0,0,0,12,14,1,0,152,9,0,0,0,0,0,0,0,6,0
2026-09-01T12:45:00+02:00,2026-09-01T12:50:00+02:00,0,20,1,166,0,0,0,0,12,6,0,0,146,0,0,0,0,0,1,0,0,17,0
2026-09-01T12:50:00+02:00,2026-09-01T12:55:00+02:00,0,16,4,180,0,0,0,0,4,10,0,0,92,0,0,0,3,0,0,0,0,10,0
2026-09-01T12:55:00+02:00,2026-09-01T13:00:00+02:00,0,40,7,160,0,0,0,0,12,8,2,0,85,0,0,0,0,1,0,0,0,15,0
2026-09-01T13:00:00+02:00,2026-09-01T13:05:00+02:00,0,23,4,192,1,0,0,0,7,20,4,0,128,0,0,0,2,0,0,0,0,15,0
2026-09-01T13:05:00+02:00,2026-09-01T13:10:00+02:00,0,15,2,162,4,0,0,0,10,9,2,0,129,6,1,0,0,0,0,0,0,11,0
2026-09-01T13:10:00+02:00,2026-09-01T13:15:00+02:00,0,41,5,147,2,0,0,0,17,13,0,0,167,0,0,0,1,0,1,0,0,14,0
2026-09-01T13:15:00+02:00,2026-09-01T13:20:00+02:00,3,16,2,173,6,0,0,0,7,10,1,0,135,4,2,0,2,0,2,0,0,9,0
2026-09-01T13:20:00+02:00,2026-09-01T13:25:00+02:00,0,16,2,168,2,0,0,0,7,12,6,0,136,1,0,0,0,0,3,0,0,13,0
2026-09-01T13:25:00+02:00,2026-09-01T13:30:00+02:00,0,17,2,190,0,0,0,0,11,15,5,0,135,1,0,0,0,0,1,0,0,15,0
2026-09-01T13:30:00+02:00,2026-09-01T13:35:00+02:00,0,18,3,167,0,0,0,0,12,16,1,0,93,0,0,0,2,0,2,0,0,19,0
2026-09-01T13:35:00+02:00,2026-09-01T13:40:00+02:00,0,26,1,165,2,0,0,0,5,11,5,0,133,1,0,0,3,0,1,0,0,10,0
2026-09-01T13:40:00+02:00,2026-09-01T13:45:00+02:00,0,30,6,177,3,0,0,0,13,9,2,0,144,8,0,0,0,0,1,0,0,9,0
2026-09-01T13:45:00+02:00,2026-09-01T13:50:00+02:00,0,44,2,179,0,0,0,0,4,8,7,0,132,4,0,0,0,0,0,0,0,19,0
2026-09-01T13:50:00+02:00,2026-09-01T13:55:00+02:00,0,8,0,137,2,0,0,0,8,4,6,0,108,5,0,0,0,0,2,0,0,21,0
2026-09-01T13:55:00+02:00,2026-09-01T14:00:00+02:00,0,29,4,145,7,0,0,0,10,9,1,0,122,0,0,0,0,0,1,0,0,12,0
2026-09-01T14:00:00+02:00,2026-09-01T14:05:00+02:00,0,17,1,188,1,0,0,0,10,7,3,0,83,3,0,0,1,0,0,0,0,12,0
2026-09-01T14:05:00+02:00,2026-09-01T14:10:00+02:00,0,34,2,204,2,0,0,0,7,9,2,0,122,2,1,0,0,0,0,0,0,14,0
2026-09-01T14:10:00+02:00,2026-09-01T14:15:00+02:00,0,18,6,192,3,0,0,0,9,12,6,0,129,2,1,0,0,0,0,0,0,3,0
2026-09-01T14:15:00+02:00,2026-09-01T14:20:00+02:00,0,13,1,217,0,0,0,0,11,12,1,0,132,0,0,0,0,0,0,0,0,12,0
2026-09-01T14:20:00+02:00,2026-09-01T14:25:00+02:00,0,34,2,201,1,0,0,0,8,14,9,0,109,0,0,0,0,0,0,0,0,20,0
2026-09-01T14:25:00+02:00,2026-09-01T14:30:00+02:00,0,11,1,190,0,0,0,0,15,11,3,0,96,2,0,0,0,0,0,0,0,5,0
2026-09-01T14:30:00+02:00,2026-09-01T14:35:00+02:00,0,40,6,204,3,0,0,0,9,11,1,0,106,1,0,0,0,0,1,0,0,7,0
2026-09-01T14:35:00+02:00,2026-09-01T14:40:00+02:00,0,10,1,184,4,0,0,0,4,17,4,0,114,2,1,0,0,0,0,0,0,12,0
2026-09-01T14:40:00+02:00,2026-09-01T14:45:00+02:00,0,23,4,245,0,0,0,0,10,9,7,0,129,0,1,0,1,0,0,0,0,6,0
2026-09-01T14:45:00+02:00,2026-09-01T14:50:00+02:00,0,11,6,195,3,0,0,0,3,13,2,0,108,2,0,0,0,0,1,0,0,18,0
2026-09-01T14:50:00+02:00,2026-09-01T14:55:00+02:00,0,29,3,175,7,0,0,0,13,5,6,0,119,2,0,0,0,0,0,0,0,10,0
2026-09-01T14:55:00+02:00,2026-09-01T15:00:00+02:00,0,27,1,197,0,0,0,0,9,9,0,0,114,1,1,0,0,0,2,0,0,11,0
2026-09-01T15:00:00+02:00,2026-09-01T15:05:00+02:00,1,28,4,175,1,0,0,0,14,9,8,0,76,10,0,0,0,0,0,0,0,17,0
2026-09-01T15:05:00+02:00,2026-09-01T15:10:00+02:00,0,23,3,214,0,0,0,0,8,2,2,0,88,0,0,0,0,0,0,0,0,18,0
2026-09-01T15:10:00+02:00,2026-09-01T15:15:00+02:00,0,28,2,228,5,0,0,0,11,13,1,0,134,1,0,0,0,0,0,0,0,3,0
2026-09-01T15:15:00+02:00,2026-09-01T15:20:00+02:00,0,16,1,218,3,0,0,0,8,7,2,0,85,0,0,0,0,0,0,0,0,12,0
2026-09-01T15:20:00+02:00,2026-09-01T15:25:00+02:00,0,13,4,170,4,0,0,0,11,9,2,0,61,2,0,0,1,0,1,0,0,9,0
2026-09-01T15:25:00+02:00,2026-09-01T15:30:00+02:00,0,48,2,208,3,0,0,0,14,3,6,0,110,5,0,0,0,0,0,0,0,13,0
2026-09-01T15:30:00+02:00,2026-09-01T15:35:00+02:00,0,40,5,171,1,0,0,0,7,5,5,0,173,2,0,0,0,0,0,0,0,10,0
2026-09-01T15:35:00+02:00,2026-09-01T15:40:00+02:00,0,26,4,200,3,0,0,0,5,8,2,0,131,5,0,0,0,0,0,0,0,7,0
2026-09-01T15:40:00+02:00,2026-09-01T15:45:00+02:00,0,53,13,231,1,0,0,0,10,14,8,0,144,14,0,0,0,0,3,0,0,11,0
2026-09-01T15:45:00+02:00,2026-09-01T15:50:00+02:00,0,37,6,219,2,0,0,0,5,6,4,0,123,3,1,0,0,0,0,0,0,6,0
2026-09-01T15:50:00+02:00,2026-09-01T15:55:00+02:00,0,22,3,213,2,0,0,0,10,13,4,0,117,5,0,0,0,0,0,0,0,8,0
2026-09-01T15:55:00+02:00,2026-09-01T16:00:00+02:00,0,7,5,247,0,0,0,0,6,6,7,0,79,0,0,0,0,0,0,0,0,10,0
2026-09-01T16:00:00+02:00,2026-09-01T16:05:00+02:00,0,26,0,216,0,0,0,0,4,1,6,0,131,8,0,0,1,0,0,0,0,16,0
2026-09-01T16:05:00+02:00,2026-09-01T16:10:00+02:00,0,21,3,230,2,0,0,0,4,5,4,0,109,1,0,0,0,0,0,0,0,6,0
2026-09-01T16:10:00+02:00,2026-09-01T16:15:00+02:00,0,46,4,212,0,0,0,0,5,6,1,0,118,0,1,0,0,0,1,0,0,7,0
2026-09-01T16:15:00+02:00,2026-09-01T16:20:00+02:00,0,51,2,180,2,0,0,0,9,6,2,0,97,0,2,0,0,0,0,0,0,5,0
2026-09-01T16:20:00+02:00,2026-09-01T16:25:00+02:00,0,25,2,196,0,0,0,0,3,7,5,0,63,0,0,0,0,0,1,0,0,4,0
2026-09-01T16:25:00+02:00,2026-09-01T16:30:00+02:00,0,36,2,156,1,0,0,0,1,5,7,0,71,2,0,0,0,0,2,0,0,6,0
2026-09-01T16:30:00+02:00,2026-09-01T16:35:00+02:00,0,15,5,139,2,0,0,0,7,5,5,0,75,0,0,0,0,0,0,0,0,11,0
2026-09-01T16:35:00+02:00,2026-09-01T16:40:00+02:00,0,24,3,163,2,0,0,0,4,4,1,0,83,0,0,0,2,0,0,0,0,9,0
2026-09-01T16:40:00+02:00,2026-09-01T16:45:00+02:00,0,27,6,207,4,0,0,0,7,5,10,0,85,1,0,0,0,0,1,0,0,7,0
2026-09-01T16:45:00+02:00,2026-09-01T16:50:00+02:00,0,23,3,173,4,0,0,0,5,5,6,0,63,0,0,0,0,0,0,0,0,10,0
2026-09-01T16:50:00+02:00,2026-09-01T16:55:00+02:00,0,24,2,141,2,0,0,0,5,5,7,0,56,0,0,0,0,0,1,0,0,6,0
2026-09-01T16:55:00+02:00,2026-09-01T17:00:00+02:00,0,25,1,175,0,1,0,0,6,7,12,0,56,2,1,0,0,0,0,0,0,9,0
2026-09-01T17:00:00+02:00,2026-09-01T17:05:00+02:00,0,39,3,171,1,0,0,0,4,6,1,0,82,4,0,0,0,0,1,0,0,8,0
2026-09-01T17:05:00+02:00,2026-09-01T17:10:00+02:00,0,22,3,143,3,0,0,0,5,1,2,0,87,0,1,0,2,0,0,0,0,5,0
2026-09-01T17:10:00+02:00,2026-09-01T17:15:00+02:00,0,31,3,148,3,0,0,0,6,8,3,0,64,3,0,0,0,0,0,0,0,6,0
2026-09-01T17:15:00+02:00,2026-09-01T17:20:00+02:00,0,31,0,137,4,0,0,0,5,3,0,0,52,0,0,0,0,0,1,0,0,2,0
2026-09-01T17:20:00+02:00,2026-09-01T17:25:00+02:00,0,12,0,111,1,0,0,0,6,8,2,0,61,0,0,0,0,0,1,0,0,2,0
2026-09-01T17:25:00+02:00,2026-09-01T17:30:00+02:00,0,27,1,171,2,0,0,0,7,4,13,0,102,0,0,0,0,0,0,0,0,4,0
2026-09-01T17:30:00+02:00,2026-09-01T17:35:00+02:00,0,20,1,118,0,0,0,0,5,4,2,0,51,0,0,0,0,0,0,0,0,2,0
2026-09-01T17:35:00+02:00,2026-09-01T17:40:00+02:00,0,2,3,103,0,0,0,0,4,5,4,0,14,0,0,0,0,0,0,0,0,7,0
2026-09-01T17:40:00+02:00,2026-09-01T17:45:00+02:00,0,19,2,139,2,0,0,0,4,1,1,0,60,2,0,0,1,0,0,0,0,7,0
2026-09-01T17:45:00+02:00,2026-09-01T17:50:00+02:00,0,5,2,154,2,0,0,0,7,3,7,0,72,0,8,0,0,0,2,0,0,7,0
2026-09-01T17:50:00+02:00,2026-09-01T17:55:00+02:00,0,15,2,148,1,0,0,0,8,7,20,0,84,0,0,0,0,0,2,0,0,5,0
2026-09-01T17:55:00+02:00,2026-09-01T18:00:00+02:00,1,29,4,129,2,0,0,0,3,4,0,0,92,4,0,0,0,0,0,0,0,4,0
2026-09-01T18:00:00+02:00,2026-09-01T18:05:00+02:00,0,17,3,142,2,0,0,0,2,4,2,0,81,0,2,0,0,0,0,0,0,10,0
2026-09-01T18:05:00+02:00,2026-09-01T18:10:00+02:00,0,16,1,159,4,0,0,0,3,3,0,0,37,1,0,0,0,0,1,0,0,5,0
2026-09-01T18:10:00+02:00,2026-09-01T18:15:00+02:00,0,19,1,152,1,0,0,0,6,2,1,0,61,2,0,0,0,0,0,0,0,5,0
2026-09-01T18:15:00+02:00,2026-09-01T18:20:00+02:00,0,39,1,143,0,0,0,0,6,0,3,0,51,0,0,0,0,0,0,0,0,4,0
2026-09-01T18:20:00+02:00,2026-09-01T18:25:00+02:00,0,12,3,143,0,0,0,0,5,0,1,0,38,0,0,0,0,0,0,0,0,5,0
2026-09-01T18:25:00+02:00,2026-09-01T18:30:00+02:00,0,26,3,131,1,0,0,0,1,0,9,0,75,0,0,0,0,0,0,0,0,5,0
2026-09-01T18:30:00+02:00,2026-09-01T18:35:00+02:00,0,25,2,112,0,0,0,0,4,2,5,0,95,2,1,0,0,0,0,0,0,3,0
2026-09-01T18:35:00+02:00,2026-09-01T18:40:00+02:00,0,15,1,130,2,0,0,0,6,3,4,0,29,0,0,0,0,0,0,0,0,5,0
2026-09-01T18:40:00+02:00,2026-09-01T18:45:00+02:00,1,7,3,130,0,0,0,0,8,1,3,0,44,0,0,0,0,0,0,0,0,6,0
2026-09-01T18:45:00+02:00,2026-09-01T18:50:00+02:00,0,17,1,149,0,0,0,0,3,2,2,0,41,3,0,0,0,0,0,0,0,3,0
2026-09-01T18:50:00+02:00,2026-09-01T18:55:00+02:00,0,3,1,108,0,0,0,0,5,1,2,0,42,0,0,0,0,0,0,0,0,4,0
2026-09-01T18:55:00+02:00,2026-09-01T19:00:00+02:00,0,19,1,134,0,0,0,0,5,1,3,0,38,0,0,0,0,0,1,0,0,1,0
2026-09-01T19:00:00+02:00,2026-09-01T19:05:00+02:00,0,7,4,102,0,0,0,0,1,0,8,0,34,0,0,0,0,0,0,0,0,0,0
2026-09-01T19:05:00+02:00,2026-09-01T19:10:00+02:00,0,9,3,110,0,0,0,0,3,3,6,0,71,15,0,0,0,0,0,0,0,5,0
2026-09-01T19:10:00+02:00,2026-09-01T19:15:00+02:00,0,8,1,106,1,0,0,0,2,5,1,0,58,1,0,0,0,0,0,0,0,7,0
2026-09-01T19:15:00+02:00,2026-09-01T19:20:00+02:00,2,25,1,110,0,0,0,0,6,4,3,0,49,0,0,0,0,0,2,0,0,2,0
2026-09-01T19:20:00+02:00,2026-09-01T19:25:00+02:00,0,15,1,93,2,0,0,0,4,1,3,0,59,1,0,0,0,0,0,0,0,3,0
2026-09-01T19:25:00+02:00,2026-09-01T19:30:00+02:00,0,27,1,112,0,0,0,0,2,1,2,0,52,0,0,0,0,0,0,0,0,3,0
2026-09-01T19:30:00+02:00,2026-09-01T19:35:00+02:00,0,10,1,117,2,0,0,0,7,3,2,0,42,0,2,0,0,0,0,0,0,11,0
2026-09-01T19:35:00+02:00,2026-09-01T19:40:00+02:00,0,6,0,92,0,0,0,0,5,1,0,0,37,3,0,0,0,0,0,0,0,3,0
2026-09-01T19:40:00+02:00,2026-09-01T19:45:00+02:00,2,12,3,108,4,0,0,0,3,1,1,0,55,1,2,0,0,0,0,0,0,6,0
2026-09-01T19:45:00+02:00,2026-09-01T19:50:00+02:00,0,3,0,110,1,0,0,0,4,2,0,0,36,0,0,0,0,0,0,0,0,5,0
2026-09-01T19:50:00+02:00,2026-09-01T19:55:00+02:00,0,3,1,87,1,0,0,0,2,0,1,0,22,0,0,0,0,0,0,0,0,4,0
2026-09-01T19:55:00+02:00,2026-09-01T20:00:00+02:00,0,12,1,90,0,0,0,0,5,1,0,0,31,0,0,0,0,0,0,0,0,1,0
2026-09-01T20:00:00+02:00,2026-09-01T20:05:00+02:00,0,18,0,81,0,0,0,0,8,0,4,0,31,0,0,0,0,0,0,0,0,1,0
2026-09-01T20:05:00+02:00,2026-09-01T20:10:00+02:00,0,10,1,109,0,0,0,0,4,0,5,0,22,0,0,0,0,0,0,0,0,0,0
2026-09-01T20:10:00+02:00,2026-09-01T20:15:00+02:00,0,5,5,86,1,0,0,0,3,0,2,0,38,0,0,0,2,0,2,0,0,0,0
2026-09-01T20:15:00+02:00,2026-09-01T20:20:00+02:00,0,4,4,91,0,0,0,0,4,1,2,0,30,0,0,0,0,0,0,0,0,2,0
2026-09-01T20:20:00+02:00,2026-09-01T20:25:00+02:00,0,3,1,102,1,0,0,0,3,0,2,0,26,0,0,0,0,0,0,0,0,8,0
2026-09-01T20:25:00+02:00,2026-09-01T20:30:00+02:00,0,2,1,72,1,0,0,0,2,4,0,0,26,0,0,0,0,0,1,0,0,4,0
2026-09-01T20:30:00+02:00,2026-09-01T20:35:00+02:00,0,3,1,65,0,0,0,0,4,3,1,0,15,0,0,0,0,0,0,0,0,3,0
2026-09-01T20:35:00+02:00,2026-09-01T20:40:00+02:00,0,4,0,55,2,0,0,0,7,0,1,0,9,0,0,0,0,0,0,0,0,2,0
2026-09-01T20:40:00+02:00,2026-09-01T20:45:00+02:00,0,0,1,73,1,0,0,0,2,1,0,0,10,0,0,0,0,0,0,0,0,2,0
2026-09-01T20:45:00+02:00,2026-09-01T20:50:00+02:00,0,1,1,66,0,0,0,0,3,0,0,0,7,0,0,0,0,0,0,0,0,2,0
2026-09-01T20:50:00+02:00,2026-09-01T20:55:00+02:00,0,0,2,57,0,0,0,0,0,1,0,0,13,0,0,0,0,0,1,0,0,2,0
2026-09-01T20:55:00+02:00,2026-09-01T21:00:00+02:00,0,10,2,64,0,0,0,0,1,0,0,0,28,0,0,0,0,0,0,0,0,1,0
2026-09-01T21:00:00+02:00,2026-09-01T21:05:00+02:00,0,1,0,64,1,0,0,0,1,3,0,0,17,0,0,0,0,0,1,0,0,0,0
2026-09-01T21:05:00+02:00,2026-09-01T21:10:00+02:00,0,0,0,61,0,0,0,0,6,1,1,0,20,0,0,0,0,0,0,0,0,0,0
2026-09-01T21:10:00+02:00,2026-09-01T21:15:00+02:00,0,2,2,51,0,0,0,0,4,1,0,0,4,0,0,0,0,0,0,0,0,0,0
2026-09-01T21:15:00+02:00,2026-09-01T21:20:00+02:00,0,6,1,44,0,0,0,0,3,2,1,0,16,0,0,0,0,0,0,0,0,0,0
2026-09-01T21:20:00+02:00,2026-09-01T21:25:00+02:00,0,5,5,50,1,0,0,0,3,2,1,0,1,0,0,0,0,0,0,0,0,0,0
2026-09-01T21:25:00+02:00,2026-09-01T21:30:00+02:00,0,1,1,37,0,0,0,0,2,1,0,0,5,0,0,0,0,0,0,0,0,1,0
2026-09-01T21:30:00+02:00,2026-09-01T21:35:00+02:00,0,0,1,40,0,0,0,0,3,0,1,0,3,0,0,0,0,0,0,0,0,1,0
2026-09-01T21:35:00+02:00,2026-09-01T21:40:00+02:00,0,0,3,14,0,0,0,0,1,0,0,0,3,0,0,0,0,0,0,0,0,2,0
2026-09-01T21:40:00+02:00,2026-09-01T21:45:00+02:00,0,0,1,30,0,0,0,0,4,1,0,0,11,0,0,0,0,0,0,0,0,0,0
2026-09-01T21:45:00+02:00,2026-09-01T21:50:00+02:00,0,1,0,38,0,0,0,0,2,0,0,0,5,0,0,0,0,0,0,0,0,1,0
2026-09-01T21:50:00+02:00,2026-09-01T21:55:00+02:00,0,0,0,26,0,0,0,0,1,0,0,0,5,0,0,0,0,0,0,0,0,0,0
2026-09-01T21:55:00+02:00,2026-09-01T22:00:00+02:00,0,3,0,28,0,0,0,0,1,0,0,0,4,0,1,0,0,0,0,0,0,1,0
2026-09-01T22:00:00+02:00,2026-09-01T22:05:00+02:00,0,3,1,40,0,0,0,0,1,0,0,0,6,0,1,0,0,0,0,0,0,0,0
2026-09-01T22:05:00+02:00,2026-09-01T22:10:00+02:00,0,2,0,66,0,0,0,0,0,0,0,0,3,0,0,0,0,0,0,0,0,1,0
2026-09-01T22:10:00+02:00,2026-09-01T22:15:00+02:00,0,0,2,64,0,0,0,0,3,2,1,0,0,0,0,0,0,0,1,0,0,3,0
2026-09-01T22:15:00+02:00,2026-09-01T22:20:00+02:00,0,1,3,31,0,0,0,0,4,0,0,0,1,0,1,0,0,0,0,0,0,2,0
2026-09-01T22:20:00+02:00,2026-09-01T22:25:00+02:00,0,0,0,34,0,0,0,0,2,0,0,0,0,0,0,0,0,0,0,0,0,0,0
2026-09-01T22:25:00+02:00,2026-09-01T22:30:00+02:00,0,1,1,24,0,0,0,0,1,0,0,0,0,0,0,0,0,0,0,0,0,3,0
2026-09-01T22:30:00+02:00,2026-09-01T22:35:00+02:00,0,0,0,25,0,0,0,0,0,1,0,0,3,0,0,0,0,0,1,0,0,0,0
2026-09-01T22:35:00+02:00,2026-09-01T22:40:00+02:00,0,0,0,27,0,0,0,0,2,1,0,0,1,0,0,0,0,0,0,0,0,2,0
2026-09-01T22:40:00+02:00,2026-09-01T22:45:00+02:00,0,2,0,19,0,0,0,0,1,1,0,0,6,0,0,0,0,0,0,0,0,0,0
2026-09-01T22:45:00+02:00,2026-09-01T22:50:00+02:00,0,0,0,19,2,0,0,0,2,0,0,0,1,0,0,0,0,0,0,0,0,3,0
2026-09-01T22:50:00+02:00,2026-09-01T22:55:00+02:00,0,1,0,16,0,0,0,0,0,0,1,0,0,0,0,0,0,0,0,0,0,2,0
2026-09-01T22:55:00+02:00,2026-09-01T23:00:00+02:00,0,0,0,17,0,0,0,0,2,1,0,0,6,0,0,0,0,0,1,0,0,1,0
2026-09-01T23:00:00+02:00,2026-09-01T23:05:00+02:00,0,0,0,25,0,0,0,0,2,0,0,0,8,0,0,0,0,0,0,0,0,0,0
2026-09-01T23:05:00+02:00,2026-09-01T23:10:00+02:00,0,0,0,17,0,0,0,0,5,0,0,0,2,0,0,0,0,0,0,0,0,5,0
2026-09-01T23:10:00+02:00,2026-09-01T23:15:00+02:00,2,0,0,9,0,0,0,0,0,1,0,0,11,0,0,0,0,0,1,0,0,1,0
2026-09-01T23:15:00+02:00,2026-09-01T23:20:00+02:00,0,0,3,17,0,0,0,0,2,1,0,0,0,0,0,0,0,0,0,0,0,0,0
2026-09-01T23:20:00+02:00,2026-09-01T23:25:00+02:00,0,0,1,12,0,0,0,0,2,0,0,0,0,0,0,0,0,0,0,0,0,0,0
2026-09-01T23:25:00+02:00,2026-09-01T23:30:00+02:00,0,0,4,23,0,0,0,0,1,1,0,0,10,0,0,0,0,0,0,0,0,3,0
2026-09-01T23:30:00+02:00,2026-09-01T23:35:00+02:00,0,0,4,17,0,0,0,0,3,0,0,0,8,0,0,0,0,0,0,0,0,0,0
2026-09-01T23:35:00+02:00,2026-09-01T23:40:00+02:00,0,0,1,11,0,0,0,0,0,0,0,0,9,0,0,0,0,0,0,0,0,1,0
2026-09-01T23:40:00+02:00,2026-09-01T23:45:00+02:00,0,0,2,14,1,0,0,0,3,1,0,0,9,0,0,0,0,0,0,0,0,2,0
2026-09-01T23:45:00+02:00,2026-09-01T23:50:00+02:00,0,0,0,10,0,0,0,0,0,0,0,0,0,0,0,0,0,0,0,0,0,2,0
2026-09-01T23:50:00+02:00,2026-09-01T23:55:00+02:00,0,0,0,5,0,0,0,0,0,0,0,0,0,0,0,0,0,0,0,0,0,0,0
2026-09-01T23:55:00+02:00,2026-09-02T00:00:00+02:00,0,0,0,7,1,0,0,0,2,1,0,0,0,0,0,0,0,0,0,0,0,0,0
2026-09-02T00:00:00+02:00,2026-09-02T00:05:00+02:00,0,0,0,3,0,0,0,0,1,0,0,0,2,0,0,0,0,0,0,0,0,1,0
2026-09-02T00:05:00+02:00,2026-09-02T00:10:00+02:00,0,1,0,9,0,0,0,0,2,0,0,0,3,0,0,0,0,0,0,0,0,0,0
2026-09-02T00:10:00+02:00,2026-09-02T00:15:00+02:00,0,0,0,10,0,0,0,0,0,0,0,0,0,0,0,0,0,0,0,0,0,0,0
2026-09-02T00:15:00+02:00,2026-09-02T00:20:00+02:00,0,0,0,8,0,0,0,0,0,0,0,0,0,0,0,0,0,0,0,0,0,0,0
2026-09-02T00:20:00+02:00,2026-09-02T00:25:00+02:00,0,0,0,10,0,0,0,0,4,0,0,0,0,0,0,0,0,0,0,0,0,0,0
2026-09-02T00:25:00+02:00,2026-09-02T00:30:00+02:00,0,0,0,9,0,0,0,0,2,0,0,0,0,0,0,0,0,0,0,0,0,0,0
2026-09-02T00:30:00+02:00,2026-09-02T00:35:00+02:00,0,0,0,2,0,0,0,0,0,2,0,0,0,0,0,0,0,0,0,0,0,0,0
2026-09-02T00:35:00+02:00,2026-09-02T00:40:00+02:00,0,0,0,5,0,0,0,0,1,2,0,0,0,0,0,0,0,0,0,0,0,0,0
2026-09-02T00:40:00+02:00,2026-09-02T00:45:00+02:00,0,0,0,5,0,0,0,0,0,0,0,0,2,0,0,0,0,0,0,0,0,1,0
2026-09-02T00:45:00+02:00,2026-09-02T00:50:00+02:00,0,0,0,11,0,0,0,0,2,0,0,0,0,0,0,0,0,0,0,0,0,0,0
2026-09-02T00:50:00+02:00,2026-09-02T00:55:00+02:00,0,1,0,3,0,0,0,0,2,1,0,0,2,0,0,0,0,0,1,0,0,0,0
2026-09-02T00:55:00+02:00,2026-09-02T01:00:00+02:00,0,0,0,5,0,0,0,0,0,0,0,0,0,0,0,0,0,0,0,0,0,2,0
2026-09-02T01:00:00+02:00,2026-09-02T01:05:00+02:00,0,0,0,5,0,0,0,0,0,0,0,0,0,0,0,0,0,0,0,0,0,0,0
2026-09-02T01:05:00+02:00,2026-09-02T01:10:00+02:00,0,0,0,7,0,0,0,0,0,1,0,0,0,0,0,0,0,0,0,0,0,0,0
2026-09-02T01:10:00+02:00,2026-09-02T01:15:00+02:00,0,0,0,2,0,0,0,0,4,0,0,0,2,0,0,0,0,0,0,0,0,0,0
2026-09-02T01:15:00+02:00,2026-09-02T01:20:00+02:00,0,0,0,6,0,0,0,0,0,1,0,0,0,0,0,0,0,0,0,0,0,1,0
2026-09-02T01:20:00+02:00,2026-09-02T01:25:00+02:00,0,0,0,5,0,0,0,0,1,1,0,0,0,0,0,0,0,0,0,0,0,1,0
2026-09-02T01:25:00+02:00,2026-09-02T01:30:00+02:00,0,0,0,6,1,0,0,0,4,2,2,0,0,0,0,0,0,0,0,0,0,0,0
2026-09-02T01:30:00+02:00,2026-09-02T01:35:00+02:00,0,0,0,0,0,0,0,0,2,1,0,0,0,0,0,0,0,0,0,0,0,1,0
2026-09-02T01:35:00+02:00,2026-09-02T01:40:00+02:00,0,0,0,2,0,0,0,0,1,2,0,0,0,0,0,0,0,0,0,0,0,0,0
2026-09-02T01:40:00+02:00,2026-09-02T01:45:00+02:00,0,0,0,5,0,0,0,0,0,0,0,0,0,0,0,0,0,0,0,0,0,2,0
2026-09-02T01:45:00+02:00,2026-09-02T01:50:00+02:00,0,0,0,7,0,0,0,0,2,0,0,0,0,0,0,0,0,0,0,0,0,2,0
2026-09-02T01:50:00+02:00,2026-09-02T01:55:00+02:00,0,0,0,3,0,0,0,0,1,0,0,0,0,0,0,0,0,0,0,0,0,0,0
2026-09-02T01:55:00+02:00,2026-09-02T02:00:00+02:00,0,0,0,2,0,0,0,0,2,2,0,0,0,0,0,0,0,0,1,0,0,0,0
2026-09-02T02:00:00+02:00,2026-09-02T02:05:00+02:00,0,0,0,5,0,0,0,0,0,3,0,0,0,0,0,0,0,0,0,0,0,1,0
2026-09-02T02:05:00+02:00,2026-09-02T02:10:00+02:00,0,1,0,3,2,0,0,0,2,5,0,0,1,0,1,0,0,0,0,0,0,0,0
2026-09-02T02:10:00+02:00,2026-09-02T02:15:00+02:00,0,0,0,4,0,0,0,0,1,2,0,0,0,0,0,0,0,0,0,0,0,0,0
2026-09-02T02:15:00+02:00,2026-09-02T02:20:00+02:00,0,1,0,4,0,0,0,0,3,0,0,0,0,0,0,0,0,0,0,0,0,0,0
2026-09-02T02:20:00+02:00,2026-09-02T02:25:00+02:00,0,0,0,3,0,0,0,0,1,1,0,0,0,0,0,0,0,0,0,0,0,0,0
2026-09-02T02:25:00+02:00,2026-09-02T02:30:00+02:00,0,0,0,4,0,0,0,0,3,0,0,0,0,0,0,0,0,0,0,0,0,2,0
2026-09-02T02:30:00+02:00,2026-09-02T02:35:00+02:00,0,0,0,3,0,0,0,0,1,0,0,0,0,0,0,0,0,0,0,0,0,1,0
2026-09-02T02:35:00+02:00,2026-09-02T02:40:00+02:00,0,0,0,1,0,0,0,0,1,1,0,0,0,0,0,0,0,0,0,0,0,0,0
2026-09-02T02:40:00+02:00,2026-09-02T02:45:00+02:00,0,0,0,4,2,0,0,0,1,0,0,0,0,0,0,0,0,0,0,0,0,0,0
2026-09-02T02:45:00+02:00,2026-09-02T02:50:00+02:00,0,2,0,4,0,0,0,0,1,2,0,0,1,0,0,0,0,0,0,0,0,0,0
2026-09-02T02:50:00+02:00,2026-09-02T02:55:00+02:00,0,0,0,7,0,0,0,0,3,4,0,0,0,0,0,0,0,0,1,0,0,1,0
2026-09-02T02:55:00+02:00,2026-09-02T03:00:00+02:00,0,0,0,4,0,0,0,0,1,0,0,0,0,0,0,0,0,0,0,0,0,0,0
2026-09-02T03:00:00+02:00,2026-09-02T03:05:00+02:00,0,0,0,5,0,0,0,0,0,3,0,0,0,0,0,0,0,0,0,0,0,0,0
2026-09-02T03:05:00+02:00,2026-09-02T03:10:00+02:00,0,0,0,1,0,0,0,0,4,0,0,0,0,0,0,0,0,0,0,0,0,1,0
2026-09-02T03:10:00+02:00,2026-09-02T03:15:00+02:00,0,0,0,3,0,0,0,0,3,4,0,0,0,0,0,0,0,0,0,0,0,1,0
2026-09-02T03:15:00+02:00,2026-09-02T03:20:00+02:00,0,0,0,8,0,0,0,0,5,2,0,0,0,0,0,0,0,0,0,0,0,0,0
2026-09-02T03:20:00+02:00,2026-09-02T03:25:00+02:00,0,0,0,7,1,0,0,0,2,1,0,0,0,0,0,0,0,0,0,0,0,2,0
2026-09-02T03:25:00+02:00,2026-09-02T03:30:00+02:00,0,0,0,6,1,0,0,0,7,1,0,0,8,0,0,0,0,0,0,0,0,2,0
2026-09-02T03:30:00+02:00,2026-09-02T03:35:00+02:00,0,1,0,4,0,0,0,0,3,3,0,0,0,0,0,0,0,0,0,0,0,2,0
2026-09-02T03:35:00+02:00,2026-09-02T03:40:00+02:00,0,0,0,5,0,0,0,0,3,1,0,0,0,0,0,0,0,0,0,0,0,0,0
2026-09-02T03:40:00+02:00,2026-09-02T03:45:00+02:00,0,0,0,2,0,0,0,0,3,0,0,0,0,0,0,0,0,0,0,0,0,0,0
2026-09-02T03:45:00+02:00,2026-09-02T03:50:00+02:00,0,0,0,10,0,0,0,0,5,0,0,0,0,0,0,0,0,0,0,0,0,1,0
2026-09-02T03:50:00+02:00,2026-09-02T03:55:00+02:00,0,1,0,7,0,0,0,0,3,1,0,0,4,0,0,0,0,0,1,0,0,0,0
2026-09-02T03:55:00+02:00,2026-09-02T04:00:00+02:00,0,2,1,7,0,0,0,0,2,3,0,0,3,0,0,0,0,0,0,0,0,0,0
2026-09-02T04:00:00+02:00,2026-09-02T04:05:00+02:00,0,0,0,14,0,0,0,0,2,5,0,0,0,0,0,0,0,0,0,0,0,1,0
2026-09-02T04:05:00+02:00,2026-09-02T04:10:00+02:00,0,0,4,5,0,0,0,0,8,1,2,0,4,0,0,0,0,0,1,0,0,2,0
2026-09-02T04:10:00+02:00,2026-09-02T04:15:00+02:00,0,2,5,9,0,0,0,0,6,1,0,0,3,0,0,0,0,0,0,0,0,0,0
2026-09-02T04:15:00+02:00,2026-09-02T04:20:00+02:00,0,0,4,17,0,0,0,0,4,4,0,0,5,0,0,0,0,0,1,0,0,1,0
2026-09-02T04:20:00+02:00,2026-09-02T04:25:00+02:00,0,0,4,15,0,0,0,0,2,2,0,0,0,0,0,0,0,0,0,0,0,4,0
2026-09-02T04:25:00+02:00,2026-09-02T04:30:00+02:00,0,2,0,19,0,0,0,0,2,3,0,0,10,0,0,0,0,0,1,0,0,4,0
2026-09-02T04:30:00+02:00,2026-09-02T04:35:00+02:00,0,0,2,22,0,0,0,0,1,0,0,0,13,0,0,0,0,0,0,0,0,4,0
2026-09-02T04:35:00+02:00,2026-09-02T04:40:00+02:00,0,0,1,25,0,0,0,0,3,3,1,0,9,0,0,0,0,0,0,0,0,0,0
2026-09-02T04:40:00+02:00,2026-09-02T04:45:00+02:00,0,1,0,32,1,0,0,0,4,4,1,0,0,0,0,0,0,0,0,0,0,1,0
2026-09-02T04:45:00+02:00,2026-09-02T04:50:00+02:00,0,1,0,25,0,0,0,0,4,5,1,0,4,0,0,0,0,0,1,0,0,3,0
2026-09-02T04:50:00+02:00,2026-09-02T04:55:00+02:00,0,5,3,48,1,0,0,0,0,1,0,0,1,0,0,0,0,0,0,0,0,4,0
2026-09-02T04:55:00+02:00,2026-09-02T05:00:00+02:00,0,0,0,36,0,0,0,0,5,0,0,0,0,0,0,0,0,0,0,0,0,3,0
2026-09-02T05:00:00+02:00,2026-09-02T05:05:00+02:00,0,3,1,41,0,0,0,0,5,2,0,0,8,0,0,0,0,0,0,0,0,4,0
2026-09-02T05:05:00+02:00,2026-09-02T05:10:00+02:00,0,3,4,34,0,0,0,0,9,6,0,0,7,0,0,0,0,0,0,0,0,1,0
2026-09-02T05:10:00+02:00,2026-09-02T05:15:00+02:00,0,5,4,50,0,0,0,0,3,5,0,0,3,0,0,0,0,0,0,0,0,1,0
2026-09-02T05:15:00+02:00,2026-09-02T05:20:00+02:00,0,0,3,65,0,0,0,0,11,1,2,0,2,0,0,0,0,0,1,0,0,3,0
2026-09-02T05:20:00+02:00,2026-09-02T05:25:00+02:00,0,3,4,62,0,0,0,0,6,2,0,0,3,0,0,0,0,0,0,0,0,3,0
2026-09-02T05:25:00+02:00,2026-09-02T05:30:00+02:00,0,7,7,62,0,0,0,0,12,1,0,0,9,0,0,0,0,0,0,0,0,3,0
2026-09-02T05:30:00+02:00,2026-09-02T05:35:00+02:00,0,1,3,86,0,0,0,0,6,5,1,0,9,0,0,0,0,0,0,0,0,3,0
2026-09-02T05:35:00+02:00,2026-09-02T05:40:00+02:00,0,5,5,93,0,0,0,0,4,6,2,0,13,0,3,0,0,0,2,0,0,4,0
2026-09-02T05:40:00+02:00,2026-09-02T05:45:00+02:00,0,9,6,92,0,0,0,0,6,2,1,0,14,0,0,0,0,0,0,0,0,4,0
2026-09-02T05:45:00+02:00,2026-09-02T05:50:00+02:00,0,4,1,108,0,0,0,0,12,11,0,0,12,0,0,0,0,0,3,0,0,7,0
2026-09-02T05:50:00+02:00,2026-09-02T05:55:00+02:00,0,0,2,98,1,0,0,0,9,6,1,0,8,0,0,0,0,0,0,0,0,3,0
2026-09-02T05:55:00+02:00,2026-09-02T06:00:00+02:00,0,10,6,92,0,0,0,0,8,6,1,0,31,0,0,0,0,0,1,0,0,7,0
2026-09-02T06:00:00+02:00,2026-09-02T06:05:00+02:00,0,2,1,57,1,0,0,0,6,7,3,0,23,0,0,0,0,0,1,0,0,12,0
2026-09-02T06:05:00+02:00,2026-09-02T06:10:00+02:00,0,7,3,77,0,0,0,0,7,5,0,0,24,0,0,0,0,0,0,0,0,4,0
2026-09-02T06:10:00+02:00,2026-09-02T06:15:00+02:00,0,2,1,101,0,0,0,0,10,6,0,0,47,0,1,0,2,0,1,0,0,6,0
2026-09-02T06:15:00+02:00,2026-09-02T06:20:00+02:00,0,0,5,98,0,0,0,0,5,1,1,0,66,0,0,0,0,0,0,0,0,10,0
2026-09-02T06:20:00+02:00,2026-09-02T06:25:00+02:00,0,3,3,92,1,0,0,0,16,10,0,0,83,0,0,0,0,0,0,0,0,8,0
2026-09-02T06:25:00+02:00,2026-09-02T06:30:00+02:00,0,13,1,122,2,0,0,0,10,9,0,0,70,0,1,0,0,0,0,0,0,7,0
2026-09-02T06:30:00+02:00,2026-09-02T06:35:00+02:00,0,2,2,124,0,0,0,0,10,6,0,0,72,0,1,0,0,0,1,0,0,11,0
2026-09-02T06:35:00+02:00,2026-09-02T06:40:00+02:00,0,5,4,140,3,0,0,0,9,9,2,0,77,0,1,0,0,0,1,0,0,14,0
2026-09-02T06:40:00+02:00,2026-09-02T06:45:00+02:00,0,6,3,139,0,0,0,0,8,20,0,0,85,0,0,0,3,0,2,0,0,7,0
2026-09-02T06:45:00+02:00,2026-09-02T06:50:00+02:00,0,29,2,161,0,0,0,0,10,10,4,0,58,0,0,0,0,0,0,0,0,17,0
2026-09-02T06:50:00+02:00,2026-09-02T06:55:00+02:00,0,7,4,127,1,0,0,0,11,7,1,0,99,2,0,0,0,0,0,0,0,11,0
2026-09-02T06:55:00+02:00,2026-09-02T07:00:00+02:00,0,0,2,150,2,0,0,0,5,15,4,0,90,0,0,0,2,0,0,0,0,10,0
2026-09-02T07:00:00+02:00,2026-09-02T07:05:00+02:00,0,0,0,165,0,0,0,0,10,14,1,0,94,0,0,0,0,0,0,0,0,15,0
2026-09-02T07:05:00+02:00,2026-09-02T07:10:00+02:00,0,12,3,158,4,0,0,0,6,8,0,0,74,0,0,0,2,0,1,0,0,11,0
2026-09-02T07:10:00+02:00,2026-09-02T07:15:00+02:00,0,12,3,184,0,0,0,0,9,13,1,0,105,0,0,0,1,0,2,0,0,17,0
2026-09-02T07:15:00+02:00,2026-09-02T07:20:00+02:00,0,5,2,182,3,0,0,0,10,8,0,0,86,0,0,0,0,0,1,0,0,16,0
2026-09-02T07:20:00+02:00,2026-09-02T07:25:00+02:00,0,16,5,171,0,0,0,0,5,9,4,0,82,0,0,0,0,0,2,0,0,10,0
2026-09-02T07:25:00+02:00,2026-09-02T07:30:00+02:00,0,5,9,169,2,0,0,0,6,13,0,0,167,0,0,0,0,0,0,0,0,12,0
2026-09-02T07:30:00+02:00,2026-09-02T07:35:00+02:00,0,16,10,198,1,0,0,0,4,15,3,0,130,3,1,0,0,0,0,0,0,6,0
2026-09-02T07:35:00+02:00,2026-09-02T07:40:00+02:00,5,34,9,225,0,0,0,0,7,12,1,0,143,6,0,0,0,0,1,0,0,11,0
2026-09-02T07:40:00+02:00,2026-09-02T07:45:00+02:00,1,14,6,227,0,0,0,0,8,19,0,0,175,0,0,0,0,0,0,0,0,6,0
2026-09-02T07:45:00+02:00,2026-09-02T07:50:00+02:00,4,20,4,200,0,0,0,0,5,14,1,0,123,2,0,0,0,0,2,0,0,10,0
2026-09-02T07:50:00+02:00,2026-09-02T07:55:00+02:00,1,7,3,207,4,0,0,0,10,11,0,0,126,0,1,0,5,0,2,0,0,13,0
2026-09-02T07:55:00+02:00,2026-09-02T08:00:00+02:00,0,4,1,188,0,0,0,0,6,12,1,0,76,0,0,0,1,0,1,0,0,17,0
2026-09-02T08:00:00+02:00,2026-09-02T08:05:00+02:00,0,7,7,183,3,0,0,0,8,10,0,0,111,3,0,0,0,0,1,0,0,4,0
2026-09-02T08:05:00+02:00,2026-09-02T08:10:00+02:00,3,5,2,135,4,0,0,0,8,16,3,0,88,0,0,0,3,0,7,0,0,10,0
2026-09-02T08:10:00+02:00,2026-09-02T08:15:00+02:00,0,4,3,162,2,0,0,0,7,19,4,0,72,1,0,0,2,0,3,0,0,15,0
2026-09-02T08:15:00+02:00,2026-09-02T08:20:00+02:00,0,9,0,162,1,0,0,0,11,22,0,0,60,3,1,0,2,0,2,0,0,12,0
2026-09-02T08:20:00+02:00,2026-09-02T08:25:00+02:00,0,6,0,148,2,0,0,0,9,15,0,0,96,2,0,0,0,0,1,0,0,14,0
2026-09-02T08:25:00+02:00,2026-09-02T08:30:00+02:00,0,10,2,147,0,0,0,0,4,7,1,0,68,0,0,0,1,0,1,0,0,20,0
2026-09-02T08:30:00+02:00,2026-09-02T08:35:00+02:00,0,12,2,148,6,0,0,0,11,14,1,0,40,0,0,0,1,0,1,0,0,12,0
2026-09-02T08:35:00+02:00,2026-09-02T08:40:00+02:00,0,6,3,163,2,0,0,0,12,12,2,0,73,0,0,0,1,0,1,0,0,11,0
2026-09-02T08:40:00+02:00,2026-09-02T08:45:00+02:00,0,4,4,174,3,0,0,0,13,10,0,0,94,2,0,0,3,0,0,0,0,13,0
2026-09-02T08:45:00+02:00,2026-09-02T08:50:00+02:00,0,10,4,150,1,0,0,0,14,18,0,0,136,0,0,0,0,0,1,0,0,12,0
2026-09-02T08:50:00+02:00,2026-09-02T08:55:00+02:00,0,8,1,150,2,0,0,0,9,10,0,0,104,4,0,0,2,0,2,0,0,16,0
2026-09-02T08:55:00+02:00,2026-09-02T09:00:00+02:00,0,20,3,169,2,0,0,0,4,13,4,0,71,3,0,0,2,0,5,0,0,19,0
2026-09-02T09:00:00+02:00,2026-09-02T09:05:00+02:00,0,39,0,113,1,0,0,0,17,12,0,0,110,7,0,0,1,0,2,0,0,11,0
2026-09-02T09:05:00+02:00,2026-09-02T09:10:00+02:00,0,20,4,165,0,0,0,0,20,18,1,0,107,0,0,0,2,0,3,0,0,17,0
2026-09-02T09:10:00+02:00,2026-09-02T09:15:00+02:00,0,18,1,119,4,0,0,0,8,15,0,0,117,0,0,0,0,0,0,0,0,5,0
2026-09-02T09:15:00+02:00,2026-09-02T09:20:00+02:00,0,10,3,158,3,0,0,0,11,16,0,0,128,0,1,0,0,0,0,0,0,10,0
2026-09-02T09:20:00+02:00,2026-09-02T09:25:00+02:00,0,25,1,163,3,0,0,0,7,15,5,0,94,4,0,0,1,0,2,0,0,14,0
2026-09-02T09:25:00+02:00,2026-09-02T09:30:00+02:00,0,38,0,178,3,0,0,0,11,9,5,0,125,1,0,0,4,0,3,0,0,15,0
2026-09-02T09:30:00+02:00,2026-09-02T09:35:00+02:00,0,9,3,156,1,0,0,0,12,10,1,0,105,0,0,0,0,0,1,0,0,8,0
2026-09-02T09:35:00+02:00,2026-09-02T09:40:00+02:00,0,27,3,134,1,0,0,0,15,17,1,0,69,7,0,0,0,0,0,0,0,14,0
2026-09-02T09:40:00+02:00,2026-09-02T09:45:00+02:00,1,18,2,208,2,0,0,0,10,23,1,0,151,2,0,0,1,0,1,0,0,5,0
2026-09-02T09:45:00+02:00,2026-09-02T09:50:00+02:00,0,12,1,169,2,0,0,0,9,14,1,0,157,11,0,0,1,0,4,0,0,16,0
2026-09-02T09:50:00+02:00,2026-09-02T09:55:00+02:00,0,8,0,185,5,0,0,0,10,5,0,0,134,5,0,0,0,0,0,0,0,17,0
2026-09-02T09:55:00+02:00,2026-09-02T10:00:00+02:00,0,18,0,174,4,1,0,0,8,10,0,0,129,3,0,0,0,0,0,0,0,7,0
2026-09-02T10:00:00+02:00,2026-09-02T10:05:00+02:00,0,35,4,150,2,0,0,0,15,25,1,0,157,7,0,0,3,0,3,0,0,16,0
2026-09-02T10:05:00+02:00,2026-09-02T10:10:00+02:00,1,33,1,182,4,0,0,0,9,10,3,0,143,4,2,0,0,0,0,0,0,18,0
2026-09-02T10:10:00+02:00,2026-09-02T10:15:00+02:00,1,25,3,177,5,0,0,0,11,11,10,0,130,7,3,0,1,0,1,0,0,12,0
2026-09-02T10:15:00+02:00,2026-09-02T10:20:00+02:00,0,39,1,183,4,0,0,0,9,11,3,0,123,3,0,0,0,0,0,0,0,23,0
2026-09-02T10:20:00+02:00,2026-09-02T10:25:00+02:00,1,30,4,155,3,0,0,0,9,12,1,0,116,14,2,0,0,0,0,0,0,12,0
2026-09-02T10:25:00+02:00,2026-09-02T10:30:00+02:00,0,9,6,176,1,0,0,0,9,13,3,0,122,0,5,0,3,0,4,0,0,19,0
2026-09-02T10:30:00+02:00,2026-09-02T10:35:00+02:00,0,30,3,187,0,0,0,0,17,22,1,0,142,0,0,0,1,0,3,0,0,5,0
2026-09-02T10:35:00+02:00,2026-09-02T10:40:00+02:00,1,44,0,192,5,0,0,0,6,5,1,0,156,0,0,0,0,0,0,0,0,19,0
2026-09-02T10:40:00+02:00,2026-09-02T10:45:00+02:00,0,27,1,163,3,0,0,0,5,6,0,0,94,4,0,0,2,0,1,0,0,10,0
2026-09-02T10:45:00+02:00,2026-09-02T10:50:00+02:00,0,25,1,148,1,0,0,0,16,12,1,0,134,0,0,0,1,0,2,0,0,16,0
2026-09-02T10:50:00+02:00,2026-09-02T10:55:00+02:00,0,23,2,170,1,0,0,0,10,5,0,0,171,1,0,0,3,0,3,0,0,17,0
2026-09-02T10:55:00+02:00,2026-09-02T11:00:00+02:00,0,12,5,155,5,0,0,0,18,22,2,0,129,3,0,0,1,0,3,0,0,21,0
2026-09-02T11:00:00+02:00,2026-09-02T11:05:00+02:00,0,24,2,165,3,0,0,0,15,12,2,0,146,1,3,0,2,0,1,0,0,16,0
2026-09-02T11:05:00+02:00,2026-09-02T11:10:00+02:00,0,18,3,183,4,0,0,0,13,18,0,0,139,0,0,0,0,0,0,0,0,11,0
2026-09-02T11:10:00+02:00,2026-09-02T11:15:00+02:00,0,15,2,144,0,0,0,0,7,9,0,0,131,0,0,0,0,0,1,0,0,13,0
2026-09-02T11:15:00+02:00,2026-09-02T11:20:00+02:00,2,41,0,162,1,0,0,0,15,17,5,0,131,1,0,0,2,0,3,0,0,15,0
2026-09-02T11:20:00+02:00,2026-09-02T11:25:00+02:00,0,31,0,171,1,0,0,0,12,15,1,0,134,0,0,0,1,0,2,0,0,21,0
2026-09-02T11:25:00+02:00,2026-09-02T11:30:00+02:00,0,45,0,175,1,0,0,0,15,12,1,0,158,0,1,0,0,0,0,0,0,15,0
2026-09-02T11:30:00+02:00,2026-09-02T11:35:00+02:00,0,16,0,185,1,0,0,0,9,5,3,0,138,2,0,0,0,0,0,0,0,11,0
2026-09-02T11:35:00+02:00,2026-09-02T11:40:00+02:00,0,31,1,178,0,0,0,0,4,6,3,0,226,4,0,0,0,0,0,0,0,9,0
2026-09-02T11:40:00+02:00,2026-09-02T11:45:00+02:00,0,33,4,183,1,0,0,0,8,10,1,0,239,4,0,0,1,0,2,0,0,16,0
2026-09-02T11:45:00+02:00,2026-09-02T11:50:00+02:00,0,29,1,169,1,0,0,0,7,15,0,0,174,0,0,0,0,0,0,0,0,21,0
2026-09-02T11:50:00+02:00,2026-09-02T11:55:00+02:00,0,32,3,172,1,0,0,0,7,9,6,0,158,0,0,0,0,0,0,0,0,14,0
2026-09-02T11:55:00+02:00,2026-09-02T12:00:00+02:00,0,12,3,182,5,0,0,0,12,6,2,0,267,1,0,0,0,0,0,0,0,17,0
2026-09-02T12:00:00+02:00,2026-09-02T12:05:00+02:00,0,6,5,177,4,0,0,0,7,21,3,0,124,0,0,0,0,0,0,0,0,12,0
2026-09-02T12:05:00+02:00,2026-09-02T12:10:00+02:00,0,17,3,185,0,0,0,0,10,9,1,0,268,0,0,0,0,0,0,0,0,9,0
2026-09-02T12:10:00+02:00,2026-09-02T12:15:00+02:00,0,20,7,163,4,0,0,0,11,8,0,0,248,0,0,0,0,0,0,0,0,9,0
2026-09-02T12:15:00+02:00,2026-09-02T12:20:00+02:00,0,36,6,179,3,0,0,0,18,15,2,0,253,0,0,0,0,0,0,0,0,13,0
2026-09-02T12:20:00+02:00,2026-09-02T12:25:00+02:00,0,19,3,174,1,0,0,0,20,11,5,0,169,0,0,0,2,0,2,0,0,21,0
2026-09-02T12:25:00+02:00,2026-09-02T12:30:00+02:00,0,15,1,174,2,0,0,0,19,16,2,0,139,0,2,0,1,0,2,0,0,12,0
2026-09-02T12:30:00+02:00,2026-09-02T12:35:00+02:00,0,5,2,160,0,0,0,0,6,5,2,0,186,1,0,0,0,0,0,0,0,13,0
2026-09-02T12:35:00+02:00,2026-09-02T12:40:00+02:00,0,14,0,159,5,0,0,0,10,12,1,0,177,0,0,0,0,0,2,0,0,16,0
2026-09-02T12:40:00+02:00,2026-09-02T12:45:00+02:00,0,9,5,144,0,0,0,0,10,17,0,0,227,0,3,0,0,0,1,0,0,10,0
2026-09-02T12:45:00+02:00,2026-09-02T12:50:00+02:00,0,33,4,200,2,0,0,0,11,16,2,0,146,0,0,0,0,0,3,0,0,8,0
2026-09-02T12:50:00+02:00,2026-09-02T12:55:00+02:00,0,10,2,173,0,0,0,0,6,14,1,0,163,0,2,0,0,0,0,0,0,14,0
2026-09-02T12:55:00+02:00,2026-09-02T13:00:00+02:00,0,27,1,178,4,0,0,0,8,8,8,0,131,0,0,0,0,0,0,0,0,15,0
2026-09-02T13:00:00+02:00,2026-09-02T13:05:00+02:00,0,40,3,169,2,0,0,0,8,14,13,0,180,0,3,0,3,0,3,0,0,12,0
2026-09-02T13:05:00+02:00,2026-09-02T13:10:00+02:00,0,36,1,156,1,0,0,0,18,19,2,0,216,0,1,0,1,0,2,0,0,25,0
2026-09-02T13:10:00+02:00,2026-09-02T13:15:00+02:00,0,25,8,178,8,0,0,0,8,13,3,0,142,0,0,0,0,0,2,0,0,12,0
2026-09-02T13:15:00+02:00,2026-09-02T13:20:00+02:00,0,4,1,171,0,0,0,0,5,8,0,0,128,2,0,0,2,0,2,0,0,10,0
2026-09-02T13:20:00+02:00,2026-09-02T13:25:00+02:00,0,29,2,139,3,0,0,0,9,11,4,0,138,1,1,0,3,0,2,0,0,14,0
2026-09-02T13:25:00+02:00,2026-09-02T13:30:00+02:00,0,31,2,176,4,0,0,0,12,15,5,0,173,1,0,0,2,0,1,0,0,7,0
2026-09-02T13:30:00+02:00,2026-09-02T13:35:00+02:00,0,10,4,165,0,0,0,0,17,13,1,0,148,1,0,0,0,0,0,0,0,21,0
2026-09-02T13:35:00+02:00,2026-09-02T13:40:00+02:00,0,24,2,193,3,0,0,0,13,10,4,0,147,2,0,0,1,0,2,0,0,12,0
2026-09-02T13:40:00+02:00,2026-09-02T13:45:00+02:00,0,26,5,150,0,0,0,0,13,8,3,0,115,0,4,0,2,0,1,0,0,13,0
2026-09-02T13:45:00+02:00,2026-09-02T13:50:00+02:00,0,47,2,204,2,0,0,0,17,21,4,0,176,3,0,0,0,0,0,0,0,7,0
2026-09-02T13:50:00+02:00,2026-09-02T13:55:00+02:00,0,33,0,172,2,0,0,0,12,8,4,0,118,6,0,0,0,0,0,0,0,13,0
2026-09-02T13:55:00+02:00,2026-09-02T14:00:00+02:00,0,18,5,155,0,0,0,0,10,6,8,0,71,2,0,0,1,0,2,0,0,13,0
2026-09-02T14:00:00+02:00,2026-09-02T14:05:00+02:00,0,39,1,174,7,0,0,0,10,20,2,0,87,2,0,0,0,0,3,0,0,14,0
2026-09-02T14:05:00+02:00,2026-09-02T14:10:00+02:00,0,32,1,205,0,0,0,0,9,10,2,0,136,0,1,0,0,0,0,0,0,6,0
2026-09-02T14:10:00+02:00,2026-09-02T14:15:00+02:00,0,12,5,192,0,0,0,0,5,9,6,0,120,5,0,0,0,0,0,0,0,7,0
2026-09-02T14:15:00+02:00,2026-09-02T14:20:00+02:00,0,17,2,207,2,0,0,0,13,9,3,0,126,6,1,0,0,0,1,0,0,9,0
2026-09-02T14:20:00+02:00,2026-09-02T14:25:00+02:00,0,32,2,171,0,0,0,0,16,13,3,0,163,0,0,0,0,0,1,0,0,14,0
2026-09-02T14:25:00+02:00,2026-09-02T14:30:00+02:00,1,15,0,186,2,0,0,0,16,12,7,0,131,0,0,0,0,0,0,0,0,19,0
2026-09-02T14:30:00+02:00,2026-09-02T14:35:00+02:00,0,75,8,184,0,0,0,0,7,4,1,0,154,0,0,0,0,0,1,0,0,9,0
2026-09-02T14:35:00+02:00,2026-09-02T14:40:00+02:00,0,21,2,189,1,0,0,0,7,6,4,0,110,0,0,0,1,0,1,0,0,4,0
2026-09-02T14:40:00+02:00,2026-09-02T14:45:00+02:00,0,19,6,194,1,0,0,0,9,7,6,0,144,0,0,0,0,0,1,0,0,18,0
2026-09-02T14:45:00+02:00,2026-09-02T14:50:00+02:00,0,48,1,221,3,0,0,0,6,11,0,0,110,0,0,0,0,0,1,0,0,8,0
2026-09-02T14:50:00+02:00,2026-09-02T14:55:00+02:00,0,45,3,241,2,0,0,0,7,4,1,0,96,9,2,0,0,0,0,0,0,12,0
2026-09-02T14:55:00+02:00,2026-09-02T15:00:00+02:00,0,22,1,201,0,0,0,0,11,6,3,0,114,0,0,0,0,0,0,0,0,13,0
2026-09-02T15:00:00+02:00,2026-09-02T15:05:00+02:00,0,19,6,203,1,0,0,0,8,4,6,0,112,0,0,0,0,0,0,0,0,12,0
2026-09-02T15:05:00+02:00,2026-09-02T15:10:00+02:00,0,32,3,201,0,0,0,0,6,3,1,0,130,0,2,0,0,0,0,0,0,15,0
2026-09-02T15:10:00+02:00,2026-09-02T15:15:00+02:00,0,14,3,199,0,0,0,0,6,5,2,0,93,1,0,0,0,0,0,0,0,13,0
2026-09-02T15:15:00+02:00,2026-09-02T15:20:00+02:00,0,38,1,199,5,0,0,0,7,6,5,0,148,5,0,0,0,0,0,0,0,16,0
2026-09-02T15:20:00+02:00,2026-09-02T15:25:00+02:00,0,44,3,163,3,0,0,0,10,6,14,0,185,7,2,0,0,0,1,0,0,15,0
2026-09-02T15:25:00+02:00,2026-09-02T15:30:00+02:00,0,47,1,213,2,0,0,0,6,8,10,0,91,0,0,0,0,0,1,0,0,10,0
2026-09-02T15:30:00+02:00,2026-09-02T15:35:00+02:00,0,49,5,192,1,0,0,0,4,5,3,0,147,3,1,0,0,0,0,0,0,13,0
2026-09-02T15:35:00+02:00,2026-09-02T15:40:00+02:00,0,20,7,174,0,0,0,0,6,3,2,0,135,1,3,0,1,0,0,0,0,9,0
2026-09-02T15:40:00+02:00,2026-09-02T15:45:00+02:00,0,63,5,196,1,1,0,0,9,17,3,0,128,0,0,0,1,0,1,0,0,12,0
2026-09-02T15:45:00+02:00,2026-09-02T15:50:00+02:00,0,38,5,192,0,0,0,0,6,4,13,0,173,1,0,0,0,0,0,0,0,14,0
2026-09-02T15:50:00+02:00,2026-09-02T15:55:00+02:00,0,54,2,195,0,0,0,0,6,4,6,0,158,2,0,0,1,1,0,0,0,13,0
2026-09-02T15:55:00+02:00,2026-09-02T16:00:00+02:00,0,23,3,154,0,0,0,0,9,7,12,0,127,2,0,0,0,2,0,0,0,9,0
2026-09-02T16:00:00+02:00,2026-09-02T16:05:00+02:00,0,43,4,196,1,1,0,0,6,7,8,0,131,0,0,0,0,0,0,0,0,12,0
2026-09-02T16:05:00+02:00,2026-09-02T16:10:00+02:00,0,13,1,215,2,0,0,0,7,6,4,0,139,0,0,0,0,0,0,0,0,12,0
2026-09-02T16:10:00+02:00,2026-09-02T16:15:00+02:00,0,30,5,208,0,0,0,0,7,2,11,0,124,10,1,0,0,0,0,0,0,10,0
2026-09-02T16:15:00+02:00,2026-09-02T16:20:00+02:00,0,51,1,200,0,0,0,0,6,4,3,0,136,0,0,0,1,0,0,0,0,6,0
2026-09-02T16:20:00+02:00,2026-09-02T16:25:00+02:00,0,23,4,183,1,0,0,0,3,5,3,0,137,5,0,0,0,0,0,0,0,13,0
2026-09-02T16:25:00+02:00,2026-09-02T16:30:00+02:00,0,28,1,152,6,0,0,0,8,6,0,0,175,7,0,0,2,0,0,0,0,11,0
2026-09-02T16:30:00+02:00,2026-09-02T16:35:00+02:00,0,24,4,190,4,0,0,0,16,3,2,0,141,8,0,0,0,0,0,0,0,11,0
2026-09-02T16:35:00+02:00,2026-09-02T16:40:00+02:00,0,23,5,204,0,0,0,0,3,2,2,0,109,10,0,0,0,0,0,0,0,7,0
2026-09-02T16:40:00+02:00,2026-09-02T16:45:00+02:00,0,27,2,203,0,0,0,0,1,1,3,0,149,2,0,0,0,0,1,0,0,8,0
2026-09-02T16:45:00+02:00,2026-09-02T16:50:00+02:00,0,15,5,177,0,0,0,0,5,5,2,0,118,1,0,0,0,0,0,0,0,14,0
2026-09-02T16:50:00+02:00,2026-09-02T16:55:00+02:00,0,34,2,211,2,0,0,0,5,8,3,0,127,5,0,0,0,0,0,0,0,8,0
2026-09-02T16:55:00+02:00,2026-09-02T17:00:00+02:00,0,25,5,164,0,0,0,0,4,1,2,0,79,3,0,0,0,0,0,0,0,10,0
2026-09-02T17:00:00+02:00,2026-09-02T17:05:00+02:00,0,33,3,175,1,0,0,0,18,10,3,0,56,0,0,0,2,0,1,0,0,5,0
2026-09-02T17:05:00+02:00,2026-09-02T17:10:00+02:00,0,26,3,208,0,0,0,0,3,3,5,0,50,0,0,0,0,0,0,0,0,3,0
2026-09-02T17:10:00+02:00,2026-09-02T17:15:00+02:00,0,16,6,175,0,0,0,0,18,6,8,0,50,0,0,0,0,0,1,0,0,4,0
2026-09-02T17:15:00+02:00,2026-09-02T17:20:00+02:00,0,15,2,196,1,0,0,0,4,6,2,0,73,2,0,0,0,0,0,0,0,3,0
2026-09-02T17:20:00+02:00,2026-09-02T17:25:00+02:00,0,33,1,184,0,0,0,0,5,3,1,0,70,0,0,0,0,0,0,0,0,6,0
2026-09-02T17:25:00+02:00,2026-09-02T17:30:00+02:00,0,26,1,178,0,0,0,0,5,8,2,0,89,0,0,0,0,0,0,0,0,4,0
2026-09-02T17:30:00+02:00,2026-09-02T17:35:00+02:00,0,11,3,154,0,0,0,0,4,3,2,0,99,12,1,0,0,0,0,0,0,2,0
2026-09-02T17:35:00+02:00,2026-09-02T17:40:00+02:00,0,20,1,154,2,0,0,0,7,3,1,0,70,0,2,0,0,0,0,0,0,4,0
2026-09-02T17:40:00+02:00,2026-09-02T17:45:00+02:00,0,10,2,142,0,0,0,0,6,3,6,0,77,0,1,0,1,0,1,0,0,3,0
2026-09-02T17:45:00+02:00,2026-09-02T17:50:00+02:00,0,18,2,162,4,0,0,0,10,6,6,0,49,0,1,0,1,0,0,0,0,10,0
2026-09-02T17:50:00+02:00,2026-09-02T17:55:00+02:00,0,13,3,145,0,0,0,0,6,8,4,0,89,0,0,0,0,0,1,0,0,5,0
2026-09-02T17:55:00+02:00,2026-09-02T18:00:00+02:00,0,30,3,140,0,0,0,0,6,6,1,0,78,0,1,0,0,0,0,0,0,2,0
2026-09-02T18:00:00+02:00,2026-09-02T18:05:00+02:00,0,28,1,141,2,0,0,0,1,7,4,0,74,0,2,0,0,0,1,0,0,10,0
2026-09-02T18:05:00+02:00,2026-09-02T18:10:00+02:00,0,11,3,131,1,0,0,0,2,2,1,0,100,0,5,0,0,0,1,0,0,11,0
2026-09-02T18:10:00+02:00,2026-09-02T18:15:00+02:00,1,33,5,141,0,0,0,0,3,4,2,0,93,1,1,0,0,0,1,0,0,6,0
2026-09-02T18:15:00+02:00,2026-09-02T18:20:00+02:00,0,14,2,133,1,0,0,0,4,4,1,0,93,1,0,0,0,0,0,0,0,3,0
2026-09-02T18:20:00+02:00,2026-09-02T18:25:00+02:00,0,24,2,140,1,0,0,0,11,2,2,0,99,1,0,0,3,0,0,0,0,9,0
2026-09-02T18:25:00+02:00,2026-09-02T18:30:00+02:00,0,20,2,125,1,0,0,0,4,1,3,0,89,3,0,0,0,0,0,0,0,7,0
2026-09-02T18:30:00+02:00,2026-09-02T18:35:00+02:00,0,14,1,125,5,0,0,0,6,3,1,0,59,0,0,0,0,0,0,0,0,2,0
2026-09-02T18:35:00+02:00,2026-09-02T18:40:00+02:00,0,15,0,103,0,0,0,0,6,2,1,0,63,0,0,0,0,0,2,0,0,3,0
2026-09-02T18:40:00+02:00,2026-09-02T18:45:00+02:00,0,12,2,135,1,0,0,0,7,4,4,0,34,0,0,0,0,0,2,0,0,6,0
2026-09-02T18:45:00+02:00,2026-09-02T18:50:00+02:00,0,6,1,123,1,0,0,0,0,5,1,0,40,0,0,0,0,0,0,0,0,4,0
2026-09-02T18:50:00+02:00,2026-09-02T18:55:00+02:00,0,7,3,141,2,0,0,0,4,7,3,0,73,0,1,0,0,0,0,0,0,8,0
2026-09-02T18:55:00+02:00,2026-09-02T19:00:00+02:00,0,12,1,124,0,0,0,0,5,0,3,0,58,0,3,0,0,0,0,0,0,6,0
2026-09-02T19:00:00+02:00,2026-09-02T19:05:00+02:00,0,8,3,120,2,0,0,0,1,1,4,0,63,2,2,0,0,0,1,0,0,2,0
2026-09-02T19:05:00+02:00,2026-09-02T19:10:00+02:00,0,6,3,125,4,0,0,0,2,1,7,0,72,0,13,0,0,0,0,0,0,4,0
2026-09-02T19:10:00+02:00,2026-09-02T19:15:00+02:00,0,5,0,124,0,0,0,0,5,0,2,0,60,0,14,0,0,0,0,0,0,3,0
2026-09-02T19:15:00+02:00,2026-09-02T19:20:00+02:00,0,8,0,104,0,0,0,0,3,0,1,0,41,0,5,0,0,0,0,0,0,7,0
2026-09-02T19:20:00+02:00,2026-09-02T19:25:00+02:00,0,3,2,103,0,0,0,0,8,3,0,0,13,2,1,0,0,0,0,0,0,3,0
2026-09-02T19:25:00+02:00,2026-09-02T19:30:00+02:00,0,7,1,101,1,0,0,0,2,3,4,0,37,0,3,0,0,0,0,0,0,0,0
2026-09-02T19:30:00+02:00,2026-09-02T19:35:00+02:00,0,6,1,83,0,0,0,0,3,2,2,0,9,0,0,0,0,0,0,0,0,3,0
2026-09-02T19:35:00+02:00,2026-09-02T19:40:00+02:00,0,16,2,119,0,0,0,0,1,3,0,0,55,0,1,0,0,0,1,0,0,2,0
2026-09-02T19:40:00+02:00,2026-09-02T19:45:00+02:00,1,17,1,109,0,0,0,0,4,2,4,0,115,2,0,0,2,0,0,0,0,0,0
2026-09-02T19:45:00+02:00,2026-09-02T19:50:00+02:00,0,14,0,94,1,0,0,0,3,3,2,0,49,0,0,0,0,0,0,0,0,1,0
2026-09-02T19:50:00+02:00,2026-09-02T19:55:00+02:00,0,0,1,82,1,0,0,0,5,1,1,0,13,0,0,0,0,0,0,0,0,3,0
2026-09-02T19:55:00+02:00,2026-09-02T20:00:00+02:00,0,4,2,105,0,0,0,0,0,0,1,0,17,0,0,0,0,0,0,0,0,6,0
2026-09-02T20:00:00+02:00,2026-09-02T20:05:00+02:00,0,4,0,91,2,0,0,0,2,1,1,0,12,0,0,0,0,0,0,0,0,4,0
2026-09-02T20:05:00+02:00,2026-09-02T20:10:00+02:00,2,8,2,104,0,0,0,0,2,3,2,0,18,2,0,0,0,0,2,0,0,4,0
2026-09-02T20:10:00+02:00,2026-09-02T20:15:00+02:00,0,2,7,95,1,0,0,0,3,0,1,0,8,0,0,0,2,0,1,0,0,4,0
2026-09-02T20:15:00+02:00,2026-09-02T20:20:00+02:00,4,9,5,119,0,0,0,0,2,2,0,0,17,0,0,0,0,0,0,0,0,1,0
2026-09-02T20:20:00+02:00,2026-09-02T20:25:00+02:00,0,4,1,99,0,0,0,0,3,2,2,0,22,0,0,0,2,0,0,0,0,3,0
2026-09-02T20:25:00+02:00,2026-09-02T20:30:00+02:00,0,1,2,85,0,0,0,0,4,2,0,0,30,0,1,0,0,0,0,0,0,1,0
2026-09-02T20:30:00+02:00,2026-09-02T20:35:00+02:00,0,8,2,65,1,0,0,0,9,2,1,0,16,0,0,0,0,0,1,0,0,2,0
2026-09-02T20:35:00+02:00,2026-09-02T20:40:00+02:00,0,3,0,63,0,0,0,0,2,0,0,0,17,0,0,0,0,0,0,0,0,4,0
2026-09-02T20:40:00+02:00,2026-09-02T20:45:00+02:00,0,0,0,67,0,0,0,0,1,0,0,0,3,0,0,0,0,0,0,0,0,0,0
2026-09-02T20:45:00+02:00,2026-09-02T20:50:00+02:00,0,2,2,60,0,1,0,0,2,0,0,0,7,0,0,0,0,0,0,0,0,5,0
2026-09-02T20:50:00+02:00,2026-09-02T20:55:00+02:00,0,0,6,50,0,0,0,0,1,0,2,0,13,0,0,0,0,0,0,0,0,1,0
2026-09-02T20:55:00+02:00,2026-09-02T21:00:00+02:00,0,6,0,48,0,0,0,0,6,1,0,0,21,0,0,0,0,0,0,0,0,4,0
2026-09-02T21:00:00+02:00,2026-09-02T21:05:00+02:00,0,1,0,57,0,0,0,0,4,2,1,0,4,0,0,0,0,0,1,0,0,3,0
2026-09-02T21:05:00+02:00,2026-09-02T21:10:00+02:00,0,0,0,55,0,0,0,0,5,3,0,0,9,0,3,0,2,0,1,0,0,2,0
2026-09-02T21:10:00+02:00,2026-09-02T21:15:00+02:00,0,3,2,43,0,0,0,0,5,0,0,0,3,0,0,0,0,0,0,0,0,1,0
2026-09-02T21:15:00+02:00,2026-09-02T21:20:00+02:00,0,0,4,43,0,0,0,0,1,1,0,0,1,0,0,0,0,0,0,0,0,1,0
2026-09-02T21:20:00+02:00,2026-09-02T21:25:00+02:00,0,1,2,41,0,0,0,0,0,3,0,0,6,0,0,0,0,0,0,0,0,2,0
2026-09-02T21:25:00+02:00,2026-09-02T21:30:00+02:00,0,0,3,28,0,0,0,0,2,4,0,0,4,0,0,0,0,0,0,0,0,0,0
2026-09-02T21:30:00+02:00,2026-09-02T21:35:00+02:00,0,0,2,33,0,0,0,0,0,0,1,0,6,0,0,0,0,0,0,0,0,0,0
2026-09-02T21:35:00+02:00,2026-09-02T21:40:00+02:00,0,0,2,43,0,0,0,0,1,2,0,0,4,0,0,0,0,0,0,0,0,1,0
2026-09-02T21:40:00+02:00,2026-09-02T21:45:00+02:00,0,4,0,30,0,0,0,0,2,0,0,0,1,0,0,0,0,0,0,0,0,0,0
2026-09-02T21:45:00+02:00,2026-09-02T21:50:00+02:00,0,1,2,42,2,0,0,0,0,0,0,0,2,0,0,0,0,0,0,0,0,0,0
2026-09-02T21:50:00+02:00,2026-09-02T21:55:00+02:00,0,0,0,29,0,0,0,0,1,0,0,0,1,0,0,0,0,0,0,0,0,0,0
2026-09-02T21:55:00+02:00,2026-09-02T22:00:00+02:00,1,4,1,19,0,0,0,0,0,1,0,0,2,0,0,0,0,0,0,0,0,2,0
2026-09-02T22:00:00+02:00,2026-09-02T22:05:00+02:00,0,0,0,48,0,0,0,0,5,0,0,0,4,0,0,0,0,0,0,0,0,0,0
2026-09-02T22:05:00+02:00,2026-09-02T22:10:00+02:00,0,2,0,83,0,0,0,0,1,0,0,0,10,0,0,0,0,0,0,0,0,1,0
2026-09-02T22:10:00+02:00,2026-09-02T22:15:00+02:00,0,2,2,50,1,0,0,0,5,2,0,0,14,0,0,0,0,0,0,0,0,1,0
2026-09-02T22:15:00+02:00,2026-09-02T22:20:00+02:00,0,1,2,51,0,0,0,0,3,0,0,0,8,0,0,0,0,0,0,0,0,0,0
2026-09-02T22:20:00+02:00,2026-09-02T22:25:00+02:00,0,4,0,26,0,0,0,0,2,0,1,0,0,0,0,0,0,0,0,0,0,1,0
2026-09-02T22:25:00+02:00,2026-09-02T22:30:00+02:00,0,2,1,28,0,0,0,0,0,0,0,0,9,1,0,0,0,0,0,0,0,0,0
2026-09-02T22:30:00+02:00,2026-09-02T22:35:00+02:00,0,0,0,26,0,0,0,0,3,0,0,0,2,0,2,0,0,0,0,0,0,1,0
2026-09-02T22:35:00+02:00,2026-09-02T22:40:00+02:00,0,0,0,30,0,0,0,0,1,0,0,0,0,0,0,0,0,0,0,0,0,1,0
2026-09-02T22:40:00+02:00,2026-09-02T22:45:00+02:00,0,2,0,16,0,0,0,0,0,0,0,0,9,0,0,0,0,0,0,0,0,1,0
2026-09-02T22:45:00+02:00,2026-09-02T22:50:00+02:00,0,0,0,18,0,0,0,0,1,0,0,0,7,0,0,0,0,0,0,0,0,0,0
2026-09-02T22:50:00+02:00,2026-09-02T22:55:00+02:00,0,0,0,30,0,0,0,0,2,1,0,0,2,0,0,0,0,0,0,0,0,0,0
2026-09-02T22:55:00+02:00,2026-09-02T23:00:00+02:00,0,0,0,19,1,0,0,0,1,4,0,0,1,0,0,0,0,0,0,0,0,0,0
2026-09-02T23:00:00+02:00,2026-09-02T23:05:00+02:00,0,0,0,22,0,0,0,0,4,0,0,0,3,0,0,0,0,0,0,0,0,0,0
2026-09-02T23:05:00+02:00,2026-09-02T23:10:00+02:00,0,0,0,18,1,0,0,0,1,1,0,0,4,0,0,0,0,0,0,0,0,2,0
2026-09-02T23:10:00+02:00,2026-09-02T23:15:00+02:00,0,0,1,16,0,0,0,0,4,0,0,0,0,0,0,0,0,0,0,0,0,0,0
2026-09-02T23:15:00+02:00,2026-09-02T23:20:00+02:00,0,0,1,11,0,0,0,0,0,1,0,0,5,0,0,0,0,0,0,0,0,0,0
2026-09-02T23:20:00+02:00,2026-09-02T23:25:00+02:00,0,0,1,15,0,0,0,0,0,0,0,0,0,0,0,0,0,0,0,0,0,0,0
2026-09-02T23:25:00+02:00,2026-09-02T23:30:00+02:00,0,0,5,15,0,0,0,0,1,0,0,0,3,0,0,0,0,0,0,0,0,0,0
2026-09-02T23:30:00+02:00,2026-09-02T23:35:00+02:00,0,0,2,15,0,0,0,0,1,0,0,0,8,0,0,0,0,0,0,0,0,0,0
2026-09-02T23:35:00+02:00,2026-09-02T23:40:00+02:00,0,0,1,8,0,0,0,0,3,2,0,0,1,0,0,0,0,0,0,0,0,1,0
2026-09-02T23:40:00+02:00,2026-09-02T23:45:00+02:00,0,2,1,14,0,0,0,0,0,0,0,0,14,0,0,0,0,0,0,0,0,1,0
2026-09-02T23:45:00+02:00,2026-09-02T23:50:00+02:00,0,0,0,12,2,0,0,0,2,2,0,0,0,0,0,0,0,0,0,0,0,0,0
2026-09-02T23:50:00+02:00,2026-09-02T23:55:00+02:00,0,0,0,16,0,0,0,0,1,1,0,0,0,0,0,0,0,0,1,0,0,1,0
2026-09-02T23:55:00+02:00,2026-09-03T00:00:00+02:00,0,0,1,8,0,0,0,0,1,0,0,0,0,0,0,0,0,0,0,0,0,2,0
2026-09-03T00:00:00+02:00,2026-09-03T00:05:00+02:00,0,0,0,8,0,0,0,0,2,0,0,0,0,0,0,0,0,0,0,0,0,0,0
2026-09-03T00:05:00+02:00,2026-09-03T00:10:00+02:00,0,0,0,7,2,0,0,0,2,2,0,0,2,0,0,0,0,0,0,0,0,0,0
2026-09-03T00:10:00+02:00,2026-09-03T00:15:00+02:00,0,0,0,8,0,0,0,0,2,0,0,0,0,0,0,0,0,0,0,0,0,0,0
2026-09-03T00:15:00+02:00,2026-09-03T00:20:00+02:00,0,0,0,11,0,0,0,0,1,0,0,0,0,0,0,0,0,0,0,0,0,0,0
2026-09-03T00:20:00+02:00,2026-09-03T00:25:00+02:00,0,0,0,6,0,0,0,0,0,2,0,0,0,0,0,0,0,0,0,0,0,0,0
2026-09-03T00:25:00+02:00,2026-09-03T00:30:00+02:00,0,0,0,7,0,0,0,0,0,0,0,0,0,0,0,0,0,0,0,0,0,0,0
2026-09-03T00:30:00+02:00,2026-09-03T00:35:00+02:00,0,0,0,2,0,0,0,0,3,0,0,0,0,0,0,0,0,0,0,0,0,4,0
2026-09-03T00:35:00+02:00,2026-09-03T00:40:00+02:00,0,1,0,0,0,0,0,0,2,2,0,0,0,0,0,0,0,0,0,0,0,1,0
2026-09-03T00:40:00+02:00,2026-09-03T00:45:00+02:00,0,0,0,8,0,0,0,0,0,1,0,0,0,0,0,0,0,0,0,0,0,0,0
2026-09-03T00:45:00+02:00,2026-09-03T00:50:00+02:00,0,0,0,14,0,0,0,0,1,1,0,0,0,0,0,0,0,0,0,0,0,0,0
2026-09-03T00:50:00+02:00,2026-09-03T00:55:00+02:00,0,0,0,6,0,0,0,0,0,1,0,0,0,0,0,0,0,0,0,0,0,0,0
2026-09-03T00:55:00+02:00,2026-09-03T01:00:00+02:00,0,0,0,7,0,0,0,0,3,0,0,0,0,0,0,0,0,0,0,0,0,1,0
2026-09-03T01:00:00+02:00,2026-09-03T01:05:00+02:00,0,0,0,4,0,0,0,0,3,1,0,0,0,0,0,0,0,0,0,0,0,0,0
2026-09-03T01:05:00+02:00,2026-09-03T01:10:00+02:00,0,1,0,4,2,0,0,0,1,0,0,0,0,0,0,0,0,0,0,0,0,2,0
2026-09-03T01:10:00+02:00,2026-09-03T01:15:00+02:00,0,0,0,5,0,0,0,0,2,0,0,0,0,0,0,0,0,0,0,0,0,0,0
2026-09-03T01:15:00+02:00,2026-09-03T01:20:00+02:00,0,0,0,3,0,0,0,0,0,0,0,0,0,0,0,0,0,0,0,0,0,0,0
2026-09-03T01:20:00+02:00,2026-09-03T01:25:00+02:00,0,0,0,5,1,0,0,0,1,2,0,0,5,0,0,0,0,0,0,0,0,1,0
2026-09-03T01:25:00+02:00,2026-09-03T01:30:00+02:00,0,0,0,5,0,0,0,0,3,2,0,0,0,0,0,0,0,0,0,0,0,0,0
2026-09-03T01:30:00+02:00,2026-09-03T01:35:00+02:00,0,0,0,4,0,0,0,0,3,0,0,0,0,0,0,0,0,0,0,0,0,0,0
2026-09-03T01:35:00+02:00,2026-09-03T01:40:00+02:00,0,0,0,4,0,0,0,0,0,0,0,0,0,0,0,0,0,0,0,0,0,2,0
2026-09-03T01:40:00+02:00,2026-09-03T01:45:00+02:00,0,0,0,5,0,0,0,0,0,1,0,0,0,0,0,0,0,0,1,0,0,0,0
2026-09-03T01:45:00+02:00,2026-09-03T01:50:00+02:00,0,0,0,6,0,0,0,0,2,0,0,0,0,0,0,0,0,0,0,0,0,0,0
2026-09-03T01:50:00+02:00,2026-09-03T01:55:00+02:00,0,0,0,0,0,0,0,0,2,2,0,0,0,0,0,0,0,0,0,0,0,1,0
2026-09-03T01:55:00+02:00,2026-09-03T02:00:00+02:00,0,0,0,3,0,0,0,0,1,1,0,0,2,0,0,0,0,0,0,0,0,0,0
2026-09-03T02:00:00+02:00,2026-09-03T02:05:00+02:00,0,0,0,5,0,0,0,0,2,5,0,0,0,0,0,0,0,0,0,0,0,1,0
2026-09-03T02:05:00+02:00,2026-09-03T02:10:00+02:00,0,0,0,5,0,0,0,0,3,3,0,0,1,0,0,0,0,0,0,0,0,2,0
2026-09-03T02:10:00+02:00,2026-09-03T02:15:00+02:00,0,0,0,2,0,0,0,0,0,0,0,0,1,0,0,0,0,0,0,0,0,1,0
2026-09-03T02:15:00+02:00,2026-09-03T02:20:00+02:00,0,0,0,4,0,0,0,0,0,1,0,0,0,0,0,0,0,0,0,0,0,0,0
2026-09-03T02:20:00+02:00,2026-09-03T02:25:00+02:00,0,0,0,6,0,0,0,0,5,0,1,0,1,0,1,0,0,0,0,0,0,0,0
2026-09-03T02:25:00+02:00,2026-09-03T02:30:00+02:00,0,0,0,10,0,0,0,0,1,1,0,0,0,0,0,0,0,0,0,0,0,1,0
2026-09-03T02:30:00+02:00,2026-09-03T02:35:00+02:00,0,0,0,3,0,0,0,0,3,0,0,0,0,0,0,0,0,0,0,0,0,2,0
2026-09-03T02:35:00+02:00,2026-09-03T02:40:00+02:00,0,0,0,0,0,0,0,0,2,1,0,0,0,0,0,0,0,0,0,0,0,0,0
2026-09-03T02:40:00+02:00,2026-09-03T02:45:00+02:00,0,0,0,2,0,0,0,0,0,1,0,0,0,0,0,0,0,0,0,0,0,0,0
2026-09-03T02:45:00+02:00,2026-09-03T02:50:00+02:00,0,0,0,4,0,0,0,0,1,2,0,0,0,0,0,0,0,0,0,0,0,0,0
2026-09-03T02:50:00+02:00,2026-09-03T02:55:00+02:00,0,0,0,6,0,0,0,0,2,2,0,0,0,0,0,0,0,0,0,0,0,0,0
2026-09-03T02:55:00+02:00,2026-09-03T03:00:00+02:00,0,1,0,3,0,0,0,0,1,3,0,0,0,0,0,0,0,0,0,0,0,1,0
2026-09-03T03:00:00+02:00,2026-09-03T03:05:00+02:00,0,0,0,4,0,0,0,0,1,0,0,0,0,0,0,0,0,0,0,0,0,1,0
2026-09-03T03:05:00+02:00,2026-09-03T03:10:00+02:00,0,0,0,3,0,0,0,0,2,2,0,0,0,0,0,0,0,0,0,0,0,0,0
2026-09-03T03:10:00+02:00,2026-09-03T03:15:00+02:00,0,0,0,5,0,0,0,0,5,3,0,0,0,0,0,0,0,0,0,0,0,0,0
2026-09-03T03:15:00+02:00,2026-09-03T03:20:00+02:00,0,0,0,3,0,0,0,0,2,2,0,0,0,0,0,0,0,0,0,0,0,1,0
2026-09-03T03:20:00+02:00,2026-09-03T03:25:00+02:00,0,0,0,6,0,0,0,0,1,1,0,0,0,0,0,0,0,0,0,0,0,0,0
2026-09-03T03:25:00+02:00,2026-09-03T03:30:00+02:00,0,0,0,7,0,0,0,0,2,1,0,0,0,0,0,0,0,0,0,0,0,1,0
2026-09-03T03:30:00+02:00,2026-09-03T03:35:00+02:00,0,1,0,4,0,0,0,0,2,3,0,0,0,0,0,0,0,0,0,0,0,0,0
2026-09-03T03:35:00+02:00,2026-09-03T03:40:00+02:00,0,0,2,4,0,0,0,0,2,1,0,0,0,0,0,0,0,0,0,0,0,0,0
2026-09-03T03:40:00+02:00,2026-09-03T03:45:00+02:00,0,3,0,8,0,0,0,0,2,0,0,0,2,0,0,0,0,0,0,0,0,0,0
2026-09-03T03:45:00+02:00,2026-09-03T03:50:00+02:00,0,0,0,7,0,0,0,0,7,0,0,0,0,0,0,0,0,0,0,0,0,0,0
2026-09-03T03:50:00+02:00,2026-09-03T03:55:00+02:00,0,1,0,16,0,0,0,0,4,2,0,0,0,0,0,0,0,0,0,0,0,0,0
2026-09-03T03:55:00+02:00,2026-09-03T04:00:00+02:00,0,2,0,7,0,0,0,0,5,3,0,0,0,0,0,0,0,0,0,0,0,0,0
2026-09-03T04:00:00+02:00,2026-09-03T04:05:00+02:00,0,0,0,9,0,0,0,0,4,0,0,0,0,0,0,0,0,0,0,0,0,1,0
2026-09-03T04:05:00+02:00,2026-09-03T04:10:00+02:00,0,0,2,10,0,0,0,0,8,2,0,0,5,0,0,0,0,0,0,0,0,0,0
2026-09-03T04:10:00+02:00,2026-09-03T04:15:00+02:00,0,0,4,17,0,0,0,0,4,4,0,0,3,0,0,0,0,0,2,0,0,2,0
2026-09-03T04:15:00+02:00,2026-09-03T04:20:00+02:00,0,0,5,20,0,0,0,0,2,1,0,0,2,0,0,0,0,0,0,0,0,2,0
2026-09-03T04:20:00+02:00,2026-09-03T04:25:00+02:00,0,3,2,13,0,0,0,0,1,0,0,0,0,0,0,0,0,0,0,0,0,2,0
2026-09-03T04:25:00+02:00,2026-09-03T04:30:00+02:00,0,1,3,13,0,0,0,0,11,0,0,0,4,0,0,0,0,0,0,0,0,7,0
2026-09-03T04:30:00+02:00,2026-09-03T04:35:00+02:00,0,0,2,17,0,0,0,0,4,1,0,0,11,0,0,0,0,0,0,0,0,3,0
2026-09-03T04:35:00+02:00,2026-09-03T04:40:00+02:00,0,0,0,21,0,0,0,0,4,2,0,0,8,0,0,0,0,0,0,0,0,2,0
2026-09-03T04:40:00+02:00,2026-09-03T04:45:00+02:00,0,0,1,36,0,0,0,0,4,4,1,0,0,0,0,0,0,0,0,0,0,2,0
2026-09-03T04:45:00+02:00,2026-09-03T04:50:00+02:00,0,6,0,27,1,0,0,0,3,2,0,0,1,0,0,0,0,0,1,0,0,4,0
2026-09-03T04:50:00+02:00,2026-09-03T04:55:00+02:00,0,1,2,30,0,0,0,0,5,5,1,0,3,0,0,0,0,0,1,0,0,0,0
2026-09-03T04:55:00+02:00,2026-09-03T05:00:00+02:00,0,8,0,46,0,0,0,0,5,3,1,0,0,0,0,0,0,0,2,0,0,4,0
2026-09-03T05:00:00+02:00,2026-09-03T05:05:00+02:00,0,2,1,33,0,0,0,0,4,1,1,0,0,0,0,0,0,0,0,0,0,2,0
2026-09-03T05:05:00+02:00,2026-09-03T05:10:00+02:00,0,4,2,42,0,0,0,0,5,7,0,0,4,0,0,0,0,0,0,0,0,5,0
2026-09-03T05:10:00+02:00,2026-09-03T05:15:00+02:00,0,3,6,57,0,0,0,0,10,9,1,0,3,0,0,0,0,0,1,0,0,2,0
2026-09-03T05:15:00+02:00,2026-09-03T05:20:00+02:00,0,0,7,57,0,0,0,0,15,8,0,0,6,0,0,0,0,0,1,0,0,6,0
2026-09-03T05:20:00+02:00,2026-09-03T05:25:00+02:00,0,4,6,70,0,0,0,0,7,4,1,0,14,0,0,0,0,0,0,0,0,2,0
2026-09-03T05:25:00+02:00,2026-09-03T05:30:00+02:00,0,5,4,75,0,0,0,0,7,4,0,0,6,0,0,0,0,0,0,0,0,3,0
2026-09-03T05:30:00+02:00,2026-09-03T05:35:00+02:00,0,3,5,96,1,0,0,0,12,2,4,0,4,0,0,0,0,0,1,0,0,4,0
2026-09-03T05:35:00+02:00,2026-09-03T05:40:00+02:00,1,3,5,81,0,0,0,0,4,4,2,0,37,0,0,0,0,0,0,0,0,5,0
2026-09-03T05:40:00+02:00,2026-09-03T05:45:00+02:00,0,8,5,88,0,0,0,0,1,4,3,0,22,0,1,0,0,0,0,0,0,10,0
2026-09-03T05:45:00+02:00,2026-09-03T05:50:00+02:00,0,7,2,105,0,0,0,0,8,5,1,0,21,0,0,0,1,0,1,0,0,9,0
2026-09-03T05:50:00+02:00,2026-09-03T05:55:00+02:00,0,7,4,101,0,0,0,0,8,2,0,0,11,0,0,0,0,0,0,0,0,14,0
2026-09-03T05:55:00+02:00,2026-09-03T06:00:00+02:00,0,1,2,81,0,0,0,0,5,6,2,0,34,0,0,0,0,0,2,0,0,9,0
2026-09-03T06:00:00+02:00,2026-09-03T06:05:00+02:00,0,7,3,73,0,0,0,0,5,8,0,0,37,0,0,0,0,0,0,0,0,6,0
2026-09-03T06:05:00+02:00,2026-09-03T06:10:00+02:00,0,3,2,94,0,0,0,0,11,8,0,0,56,0,0,0,0,0,0,0,0,6,0
2026-09-03T06:10:00+02:00,2026-09-03T06:15:00+02:00,0,12,2,82,1,0,0,0,12,9,0,0,35,0,1,0,0,0,0,0,0,16,0
2026-09-03T06:15:00+02:00,2026-09-03T06:20:00+02:00,0,3,4,90,2,0,0,0,10,11,0,0,22,0,0,0,0,0,0,0,0,8,0
2026-09-03T06:20:00+02:00,2026-09-03T06:25:00+02:00,0,1,0,87,0,0,0,0,6,11,1,0,36,0,0,0,0,0,1,0,0,16,0
2026-09-03T06:25:00+02:00,2026-09-03T06:30:00+02:00,0,7,3,105,0,0,0,0,11,8,0,0,23,0,2,0,0,0,1,0,0,8,0
2026-09-03T06:30:00+02:00,2026-09-03T06:35:00+02:00,0,0,3,123,1,0,0,0,13,15,0,0,28,0,0,0,0,0,2,0,0,8,0
2026-09-03T06:35:00+02:00,2026-09-03T06:40:00+02:00,0,6,3,113,0,0,0,0,14,7,2,0,44,0,0,0,0,0,1,0,0,5,0
2026-09-03T06:40:00+02:00,2026-09-03T06:45:00+02:00,0,7,1,132,2,0,0,0,8,9,6,0,29,0,0,0,0,0,2,0,0,3,0
2026-09-03T06:45:00+02:00,2026-09-03T06:50:00+02:00,0,4,2,199,4,0,0,0,11,9,1,0,32,0,0,0,0,0,0,0,0,17,0
2026-09-03T06:50:00+02:00,2026-09-03T06:55:00+02:00,0,11,3,169,1,0,0,0,7,17,0,0,44,0,0,0,0,0,1,0,0,14,0
2026-09-03T06:55:00+02:00,2026-09-03T07:00:00+02:00,0,11,3,170,0,0,0,0,15,7,0,0,47,1,0,0,0,0,1,0,0,14,0
2026-09-03T07:00:00+02:00,2026-09-03T07:05:00+02:00,0,28,0,175,2,0,0,0,9,6,1,0,29,0,0,0,2,0,1,0,0,18,0
2026-09-03T07:05:00+02:00,2026-09-03T07:10:00+02:00,0,12,3,154,0,0,0,0,7,10,1,0,48,0,0,0,1,0,1,0,0,13,0
2026-09-03T07:10:00+02:00,2026-09-03T07:15:00+02:00,0,8,5,172,3,0,0,0,14,16,0,0,83,0,0,0,3,0,0,0,0,19,0
2026-09-03T07:15:00+02:00,2026-09-03T07:20:00+02:00,0,35,2,180,1,0,0,0,8,11,0,0,30,0,0,0,0,0,0,0,0,16,0
2026-09-03T07:20:00+02:00,2026-09-03T07:25:00+02:00,0,21,6,159,3,0,0,0,4,12,1,0,100,11,1,0,0,0,0,0,0,12,0
2026-09-03T07:25:00+02:00,2026-09-03T07:30:00+02:00,2,29,7,163,0,0,0,0,9,12,0,0,179,0,0,0,0,0,0,0,0,24,0
2026-09-03T07:30:00+02:00,2026-09-03T07:35:00+02:00,0,24,12,194,1,0,0,0,2,10,0,0,116,0,0,0,1,0,0,0,0,10,0
2026-09-03T07:35:00+02:00,2026-09-03T07:40:00+02:00,1,15,5,197,1,0,0,0,5,16,3,0,161,1,2,0,0,0,3,0,0,18,0
2026-09-03T07:40:00+02:00,2026-09-03T07:45:00+02:00,0,22,8,204,0,0,0,0,5,7,4,0,113,0,0,0,0,0,0,0,0,18,0
2026-09-03T07:45:00+02:00,2026-09-03T07:50:00+02:00,0,5,3,195,0,0,0,0,7,12,1,0,122,1,0,0,0,0,0,0,0,19,0
2026-09-03T07:50:00+02:00,2026-09-03T07:55:00+02:00,0,8,4,196,1,0,0,0,6,25,0,0,82,2,0,0,0,0,1,0,0,13,0
2026-09-03T07:55:00+02:00,2026-09-03T08:00:00+02:00,0,25,5,228,0,0,0,0,8,19,0,0,77,0,0,0,0,0,1,0,0,18,0
2026-09-03T08:00:00+02:00,2026-09-03T08:05:00+02:00,0,3,6,213,3,0,0,0,8,20,0,0,35,0,0,0,0,0,0,0,0,25,0
2026-09-03T08:05:00+02:00,2026-09-03T08:10:00+02:00,0,11,2,167,1,0,0,0,10,18,0,0,61,0,0,0,2,0,4,0,0,26,0
2026-09-03T08:10:00+02:00,2026-09-03T08:15:00+02:00,0,0,0,178,1,0,0,0,11,10,2,0,75,0,0,0,3,0,3,0,0,15,0
2026-09-03T08:15:00+02:00,2026-09-03T08:20:00+02:00,1,11,3,149,0,0,0,0,9,21,2,0,71,1,0,0,4,0,2,0,0,6,0
2026-09-03T08:20:00+02:00,2026-09-03T08:25:00+02:00,0,9,2,162,0,0,0,0,18,18,0,0,45,2,0,0,0,0,2,0,0,3,0
2026-09-03T08:25:00+02:00,2026-09-03T08:30:00+02:00,0,0,1,151,4,0,0,0,9,17,2,0,106,1,0,0,0,0,1,0,0,15,0
2026-09-03T08:30:00+02:00,2026-09-03T08:35:00+02:00,0,16,4,178,1,0,0,0,9,14,0,0,109,3,0,0,0,0,2,0,0,14,0
2026-09-03T08:35:00+02:00,2026-09-03T08:40:00+02:00,2,24,1,146,0,0,0,0,6,20,1,0,148,0,0,0,1,0,0,0,0,12,0
2026-09-03T08:40:00+02:00,2026-09-03T08:45:00+02:00,0,4,3,190,5,0,0,0,9,20,4,0,88,0,0,0,1,0,0,0,0,21,0
2026-09-03T08:45:00+02:00,2026-09-03T08:50:00+02:00,0,25,2,166,2,0,0,0,15,14,2,0,123,1,1,0,0,0,1,0,0,24,0
2026-09-03T08:50:00+02:00,2026-09-03T08:55:00+02:00,0,9,1,154,1,0,0,0,11,14,2,0,65,0,0,0,0,0,1,0,0,6,0
2026-09-03T08:55:00+02:00,2026-09-03T09:00:00+02:00,0,12,1,168,0,0,0,0,16,13,0,0,57,0,1,0,1,0,2,0,0,9,0
2026-09-03T09:00:00+02:00,2026-09-03T09:05:00+02:00,0,29,5,147,3,0,0,0,15,15,0,0,115,0,2,0,0,0,2,0,0,15,0
2026-09-03T09:05:00+02:00,2026-09-03T09:10:00+02:00,0,20,4,135,2,0,0,0,9,13,3,0,75,0,1,0,0,0,1,0,0,17,0
2026-09-03T09:10:00+02:00,2026-09-03T09:15:00+02:00,0,3,3,154,2,0,0,0,13,19,0,0,114,3,0,0,1,0,1,0,0,12,0
2026-09-03T09:15:00+02:00,2026-09-03T09:20:00+02:00,0,4,3,156,1,0,0,0,11,16,1,0,114,1,1,0,0,0,0,0,0,14,0
2026-09-03T09:20:00+02:00,2026-09-03T09:25:00+02:00,1,21,0,169,1,0,0,0,14,12,2,0,111,7,0,0,1,0,6,0,0,15,0
2026-09-03T09:25:00+02:00,2026-09-03T09:30:00+02:00,0,29,0,158,3,0,0,0,11,18,1,0,112,0,0,0,2,0,2,0,0,19,0
2026-09-03T09:30:00+02:00,2026-09-03T09:35:00+02:00,0,23,1,159,2,0,0,0,15,14,4,0,84,3,2,0,0,0,1,0,0,11,0
2026-09-03T09:35:00+02:00,2026-09-03T09:40:00+02:00,0,19,0,148,1,0,0,0,12,14,5,0,92,4,0,0,1,0,1,0,0,14,0
2026-09-03T09:40:00+02:00,2026-09-03T09:45:00+02:00,0,11,5,191,0,0,0,0,8,11,1,0,77,0,2,0,0,0,0,0,0,13,0
2026-09-03T09:45:00+02:00,2026-09-03T09:50:00+02:00,0,41,0,150,2,0,0,0,15,14,0,0,76,0,0,0,0,0,4,0,0,13,0
2026-09-03T09:50:00+02:00,2026-09-03T09:55:00+02:00,0,42,1,170,4,0,0,0,16,18,6,0,134,1,0,0,1,0,2,0,0,15,0
2026-09-03T09:55:00+02:00,2026-09-03T10:00:00+02:00,0,19,0,148,1,0,0,0,11,12,10,0,130,3,0,0,0,0,0,0,0,10,0
2026-09-03T10:00:00+02:00,2026-09-03T10:05:00+02:00,0,59,4,168,1,0,0,0,11,12,3,0,166,6,0,0,6,0,1,0,0,16,0
2026-09-03T10:05:00+02:00,2026-09-03T10:10:00+02:00,2,16,2,146,2,0,0,0,6,10,4,0,128,4,1,0,0,0,1,0,0,9,0
2026-09-03T10:10:00+02:00,2026-09-03T10:15:00+02:00,0,8,2,151,0,0,0,0,11,14,0,0,153,11,1,0,0,0,2,0,0,12,0
2026-09-03T10:15:00+02:00,2026-09-03T10:20:00+02:00,0,21,1,152,4,0,0,0,13,15,0,0,129,7,0,0,0,0,2,0,0,14,0
2026-09-03T10:20:00+02:00,2026-09-03T10:25:00+02:00,0,19,3,182,2,0,0,0,10,10,3,0,111,1,0,0,1,0,1,0,0,10,0
2026-09-03T10:25:00+02:00,2026-09-03T10:30:00+02:00,0,45,3,170,6,0,0,0,9,11,1,0,71,2,0,0,0,0,0,0,0,17,0
2026-09-03T10:30:00+02:00,2026-09-03T10:35:00+02:00,0,22,8,136,0,0,0,0,12,15,9,0,111,0,2,0,0,0,0,0,0,19,0
2026-09-03T10:35:00+02:00,2026-09-03T10:40:00+02:00,0,24,0,179,4,0,0,0,15,8,3,0,191,3,0,0,0,0,0,0,0,12,0
2026-09-03T10:40:00+02:00,2026-09-03T10:45:00+02:00,0,26,1,188,3,0,0,0,11,15,1,0,109,2,0,0,0,0,1,0,0,8,0
2026-09-03T10:45:00+02:00,2026-09-03T10:50:00+02:00,0,11,5,176,1,0,0,0,10,7,2,0,139,2,0,0,0,0,0,0,0,22,0
2026-09-03T10:50:00+02:00,2026-09-03T10:55:00+02:00,0,12,1,160,0,0,0,0,11,8,1,0,176,0,1,0,0,0,0,0,0,15,0
2026-09-03T10:55:00+02:00,2026-09-03T11:00:00+02:00,0,30,1,170,1,0,0,0,13,13,2,0,175,0,2,0,0,0,3,0,0,14,0
2026-09-03T11:00:00+02:00,2026-09-03T11:05:00+02:00,0,20,5,160,1,0,0,0,6,17,3,0,187,0,0,0,2,0,2,0,0,10,0
2026-09-03T11:05:00+02:00,2026-09-03T11:10:00+02:00,0,27,4,135,0,0,0,0,8,5,9,0,174,8,0,0,0,0,0,0,0,12,0
2026-09-03T11:10:00+02:00,2026-09-03T11:15:00+02:00,1,26,5,180,2,0,0,0,11,14,7,0,177,7,0,0,0,0,1,0,0,13,0
2026-09-03T11:15:00+02:00,2026-09-03T11:20:00+02:00,1,28,0,149,2,0,0,0,16,9,1,0,164,0,0,0,0,0,0,0,0,10,0
2026-09-03T11:20:00+02:00,2026-09-03T11:25:00+02:00,0,20,0,182,3,0,0,0,8,6,0,0,163,0,0,0,0,0,0,0,0,8,0
2026-09-03T11:25:00+02:00,2026-09-03T11:30:00+02:00,0,18,0,161,2,0,0,0,11,15,8,0,152,0,1,0,5,0,4,0,0,21,0
2026-09-03T11:30:00+02:00,2026-09-03T11:35:00+02:00,0,32,0,192,1,0,0,0,8,8,0,0,186,4,0,0,0,0,1,0,0,8,0
2026-09-03T11:35:00+02:00,2026-09-03T11:40:00+02:00,0,30,2,186,0,0,0,0,9,13,3,0,251,3,0,0,0,0,2,0,0,14,0
2026-09-03T11:40:00+02:00,2026-09-03T11:45:00+02:00,0,30,2,183,1,0,0,0,6,13,3,0,185,9,0,0,0,0,1,0,0,16,0
2026-09-03T11:45:00+02:00,2026-09-03T11:50:00+02:00,0,16,3,197,2,0,0,0,13,23,3,0,183,10,0,0,1,0,2,0,0,12,0
2026-09-03T11:50:00+02:00,2026-09-03T11:55:00+02:00,0,5,1,166,5,0,0,0,14,10,3,0,205,0,0,0,1,0,2,0,0,13,0
2026-09-03T11:55:00+02:00,2026-09-03T12:00:00+02:00,0,16,0,170,2,0,0,0,17,10,5,0,184,2,1,0,0,0,1,0,0,13,0
2026-09-03T12:00:00+02:00,2026-09-03T12:05:00+02:00,0,28,9,157,0,0,0,0,8,13,2,0,183,3,1,0,0,0,0,0,0,11,0
2026-09-03T12:05:00+02:00,2026-09-03T12:10:00+02:00,0,26,1,175,2,0,0,0,9,7,1,0,160,6,2,0,0,0,0,0,0,15,0
2026-09-03T12:10:00+02:00,2026-09-03T12:15:00+02:00,0,7,3,143,1,0,0,0,5,19,3,0,144,0,0,0,2,0,2,0,0,15,0
2026-09-03T12:15:00+02:00,2026-09-03T12:20:00+02:00,0,15,6,150,0,0,0,0,12,8,3,0,170,0,0,0,0,0,0,0,0,10,0
2026-09-03T12:20:00+02:00,2026-09-03T12:25:00+02:00,0,13,4,150,1,0,0,0,15,14,2,0,185,0,0,0,1,0,1,0,0,10,0
2026-09-03T12:25:00+02:00,2026-09-03T12:30:00+02:00,0,8,0,161,2,0,0,0,11,12,6,0,216,0,0,0,0,0,2,0,0,17,0
2026-09-03T12:30:00+02:00,2026-09-03T12:35:00+02:00,0,23,2,164,0,0,0,0,14,16,1,0,185,0,0,0,2,0,1,0,0,24,0
2026-09-03T12:35:00+02:00,2026-09-03T12:40:00+02:00,0,26,3,168,0,0,0,0,8,7,4,0,166,2,0,0,3,0,1,0,0,8,0
2026-09-03T12:40:00+02:00,2026-09-03T12:45:00+02:00,0,22,3,146,2,0,0,0,4,11,6,0,135,0,0,0,0,0,1,0,0,8,0
2026-09-03T12:45:00+02:00,2026-09-03T12:50:00+02:00,0,12,1,169,0,0,0,0,10,13,3,0,164,0,0,0,3,0,1,0,0,10,0
2026-09-03T12:50:00+02:00,2026-09-03T12:55:00+02:00,0,7,2,131,1,0,0,0,7,22,4,0,130,0,0,0,0,0,2,0,0,10,0
2026-09-03T12:55:00+02:00,2026-09-03T13:00:00+02:00,0,10,0,155,2,0,0,0,8,19,7,0,115,0,1,0,0,0,0,0,0,8,0
2026-09-03T13:00:00+02:00,2026-09-03T13:05:00+02:00,0,14,0,149,0,0,0,0,10,21,3,0,145,1,2,0,0,0,1,0,0,14,0
2026-09-03T13:05:00+02:00,2026-09-03T13:10:00+02:00,0,28,4,148,2,0,0,0,11,11,2,0,101,9,0,0,3,0,1,0,0,3,0
2026-09-03T13:10:00+02:00,2026-09-03T13:15:00+02:00,1,19,7,157,1,0,0,0,7,15,5,0,123,0,0,0,1,0,1,0,0,12,0
2026-09-03T13:15:00+02:00,2026-09-03T13:20:00+02:00,0,14,0,164,4,0,0,0,14,11,1,0,152,1,0,0,0,0,0,0,0,9,0
2026-09-03T13:20:00+02:00,2026-09-03T13:25:00+02:00,0,19,4,158,0,0,0,0,11,17,4,0,168,0,0,0,0,0,0,0,0,8,0
2026-09-03T13:25:00+02:00,2026-09-03T13:30:00+02:00,0,13,2,161,3,0,0,0,5,14,0,0,132,2,1,0,1,0,0,0,0,10,0
2026-09-03T13:30:00+02:00,2026-09-03T13:35:00+02:00,0,13,2,161,2,0,0,0,12,10,3,0,156,0,0,0,6,0,2,0,0,15,0
2026-09-03T13:35:00+02:00,2026-09-03T13:40:00+02:00,0,16,1,162,2,0,0,0,8,14,3,0,142,5,2,0,0,0,2,0,0,17,0
2026-09-03T13:40:00+02:00,2026-09-03T13:45:00+02:00,0,26,7,146,1,0,0,0,10,7,2,0,169,4,0,0,0,0,0,0,0,6,0
2026-09-03T13:45:00+02:00,2026-09-03T13:50:00+02:00,0,40,3,154,1,0,0,0,8,12,1,0,184,2,2,0,0,0,1,0,0,19,0
2026-09-03T13:50:00+02:00,2026-09-03T13:55:00+02:00,0,38,0,163,0,0,0,0,11,15,5,0,201,4,0,0,0,0,2,0,0,14,0
2026-09-03T13:55:00+02:00,2026-09-03T14:00:00+02:00,0,58,3,183,0,0,0,0,8,9,12,0,289,1,0,0,0,0,0,0,0,10,0
2026-09-03T14:00:00+02:00,2026-09-03T14:05:00+02:00,0,33,2,167,1,0,0,0,12,20,7,0,187,1,0,0,0,0,1,0,0,25,0
2026-09-03T14:05:00+02:00,2026-09-03T14:10:00+02:00,0,66,0,200,0,0,0,0,13,12,2,0,190,4,3,0,0,0,0,0,0,11,0
2026-09-03T14:10:00+02:00,2026-09-03T14:15:00+02:00,2,32,8,184,2,0,0,0,8,10,0,0,125,2,1,0,0,0,0,0,0,4,0
2026-09-03T14:15:00+02:00,2026-09-03T14:20:00+02:00,3,34,1,183,0,0,0,0,5,10,5,0,146,4,0,0,0,0,0,0,0,9,0
2026-09-03T14:20:00+02:00,2026-09-03T14:25:00+02:00,0,26,1,176,1,0,0,0,14,19,1,0,193,0,0,0,0,0,0,0,0,14,0
2026-09-03T14:25:00+02:00,2026-09-03T14:30:00+02:00,0,6,3,168,0,0,0,0,9,11,3,0,228,2,1,0,0,0,0,0,0,6,0
2026-09-03T14:30:00+02:00,2026-09-03T14:35:00+02:00,0,16,7,189,0,0,0,0,15,11,1,0,172,4,0,0,0,0,2,0,0,12,0
2026-09-03T14:35:00+02:00,2026-09-03T14:40:00+02:00,0,31,3,192,1,0,0,0,10,9,2,0,143,5,0,0,0,0,0,0,0,23,0
2026-09-03T14:40:00+02:00,2026-09-03T14:45:00+02:00,0,27,7,208,2,0,0,0,7,10,8,0,139,1,0,0,1,0,0,0,0,9,0
2026-09-03T14:45:00+02:00,2026-09-03T14:50:00+02:00,0,30,3,189,7,0,0,0,9,8,5,0,124,0,0,0,0,0,0,0,0,16,0
2026-09-03T14:50:00+02:00,2026-09-03T14:55:00+02:00,0,30,2,197,0,0,0,0,6,7,6,0,147,4,0,0,0,0,1,0,0,9,0
2026-09-03T14:55:00+02:00,2026-09-03T15:00:00+02:00,0,31,0,211,4,0,0,0,7,7,3,0,168,2,0,0,0,0,0,0,0,7,0
2026-09-03T15:00:00+02:00,2026-09-03T15:05:00+02:00,0,15,1,190,1,0,0,0,18,12,7,0,189,2,0,0,0,0,2,0,0,6,0
2026-09-03T15:05:00+02:00,2026-09-03T15:10:00+02:00,0,30,3,203,8,0,0,0,11,4,2,0,84,1,0,0,0,0,0,0,0,10,0
2026-09-03T15:10:00+02:00,2026-09-03T15:15:00+02:00,2,11,5,182,1,0,0,0,7,7,11,0,191,0,1,0,1,0,0,0,0,17,0
2026-09-03T15:15:00+02:00,2026-09-03T15:20:00+02:00,0,13,4,207,1,0,0,0,8,5,0,0,151,2,0,0,0,0,0,0,0,13,0
2026-09-03T15:20:00+02:00,2026-09-03T15:25:00+02:00,1,16,1,192,4,0,0,0,7,10,4,0,103,0,0,0,0,0,0,0,0,16,0
2026-09-03T15:25:00+02:00,2026-09-03T15:30:00+02:00,0,28,3,187,0,0,0,0,8,5,7,0,156,1,1,0,0,0,0,0,0,12,0
2026-09-03T15:30:00+02:00,2026-09-03T15:35:00+02:00,0,65,3,179,0,0,0,0,13,3,1,0,154,0,4,0,0,0,0,0,0,11,0
2026-09-03T15:35:00+02:00,2026-09-03T15:40:00+02:00,2,69,5,217,0,0,0,0,2,6,4,0,152,0,0,0,0,0,1,0,0,10,0
2026-09-03T15:40:00+02:00,2026-09-03T15:45:00+02:00,0,31,5,202,0,0,0,0,7,11,3,0,109,1,0,0,0,0,2,0,0,12,0
2026-09-03T15:45:00+02:00,2026-09-03T15:50:00+02:00,0,37,5,200,0,0,0,0,7,12,0,0,144,3,0,0,0,0,0,0,0,4,0
2026-09-03T15:50:00+02:00,2026-09-03T15:55:00+02:00,0,51,4,211,0,0,0,0,8,5,7,0,120,1,0,0,0,0,3,0,0,5,0
2026-09-03T15:55:00+02:00,2026-09-03T16:00:00+02:00,0,49,9,206,0,0,0,0,9,2,3,0,90,0,3,0,0,0,0,0,0,7,0
2026-09-03T16:00:00+02:00,2026-09-03T16:05:00+02:00,0,37,4,233,2,0,0,0,6,10,6,0,204,0,2,0,0,0,0,0,0,11,0
2026-09-03T16:05:00+02:00,2026-09-03T16:10:00+02:00,0,27,0,212,0,0,0,0,4,4,1,0,136,12,0,0,0,0,0,0,0,12,0
2026-09-03T16:10:00+02:00,2026-09-03T16:15:00+02:00,0,36,6,207,4,0,0,0,5,4,0,0,192,4,0,0,0,0,1,0,0,11,0
2026-09-03T16:15:00+02:00,2026-09-03T16:20:00+02:00,0,14,1,215,2,0,0,0,4,2,3,0,149,6,1,0,0,0,0,0,0,6,0
2026-09-03T16:20:00+02:00,2026-09-03T16:25:00+02:00,0,35,2,222,1,0,0,0,2,2,1,0,96,7,4,0,2,0,1,0,0,15,0
2026-09-03T16:25:00+02:00,2026-09-03T16:30:00+02:00,0,43,4,167,2,0,0,0,3,5,0,0,108,2,1,0,0,0,1,0,0,7,0
2026-09-03T16:30:00+02:00,2026-09-03T16:35:00+02:00,0,28,1,162,1,0,0,0,13,7,2,0,112,2,0,0,0,0,0,0,0,8,0
2026-09-03T16:35:00+02:00,2026-09-03T16:40:00+02:00,0,28,5,183,6,0,0,0,4,2,1,0,159,2,1,0,2,0,1,0,0,16,0
2026-09-03T16:40:00+02:00,2026-09-03T16:45:00+02:00,2,34,5,185,4,0,0,0,4,7,1,0,117,4,1,0,0,0,0,0,0,5,0
2026-09-03T16:45:00+02:00,2026-09-03T16:50:00+02:00,0,37,4,198,2,1,0,0,2,10,4,0,85,2,2,0,1,0,2,0,0,5,0
2026-09-03T16:50:00+02:00,2026-09-03T16:55:00+02:00,0,34,1,168,0,0,0,0,5,2,5,0,68,0,0,0,0,0,0,0,0,4,0
2026-09-03T16:55:00+02:00,2026-09-03T17:00:00+02:00,0,11,1,195,2,0,0,0,4,8,0,0,54,0,0,0,1,0,0,0,0,5,0
2026-09-03T17:00:00+02:00,2026-09-03T17:05:00+02:00,0,19,1,182,0,0,0,0,8,12,0,0,82,1,0,0,0,0,2,0,0,10,0
2026-09-03T17:05:00+02:00,2026-09-03T17:10:00+02:00,0,16,3,159,1,0,0,0,5,5,5,0,48,2,0,0,1,0,1,0,0,7,0
2026-09-03T17:10:00+02:00,2026-09-03T17:15:00+02:00,0,21,2,191,2,0,0,0,6,9,0,0,79,0,0,0,1,0,0,0,0,5,0
2026-09-03T17:15:00+02:00,2026-09-03T17:20:00+02:00,0,23,2,163,0,0,0,0,1,1,1,0,107,5,0,0,0,0,0,0,0,6,0
2026-09-03T17:20:00+02:00,2026-09-03T17:25:00+02:00,0,22,0,182,3,0,0,0,7,10,1,0,97,6,0,0,0,0,1,0,0,9,0
2026-09-03T17:25:00+02:00,2026-09-03T17:30:00+02:00,0,28,0,161,2,0,0,0,2,5,1,0,93,2,0,0,0,0,0,0,0,5,0
2026-09-03T17:30:00+02:00,2026-09-03T17:35:00+02:00,1,32,3,170,2,0,0,0,9,5,0,0,82,10,0,0,1,0,0,0,0,11,0
2026-09-03T17:35:00+02:00,2026-09-03T17:40:00+02:00,0,36,1,171,5,0,0,0,7,6,1,0,41,5,1,0,0,0,2,0,0,5,0
2026-09-03T17:40:00+02:00,2026-09-03T17:45:00+02:00,0,20,3,164,0,0,0,0,4,4,3,0,86,5,0,0,0,0,0,0,0,13,0
2026-09-03T17:45:00+02:00,2026-09-03T17:50:00+02:00,0,4,0,141,0,0,0,0,2,2,4,0,105,0,2,0,0,0,0,0,0,4,0
2026-09-03T17:50:00+02:00,2026-09-03T17:55:00+02:00,0,16,4,162,2,0,0,0,5,4,8,0,91,0,1,0,1,0,1,0,0,5,0
2026-09-03T17:55:00+02:00,2026-09-03T18:00:00+02:00,0,5,5,142,2,0,0,0,7,5,5,0,28,0,0,0,1,0,2,0,0,3,0
2026-09-03T18:00:00+02:00,2026-09-03T18:05:00+02:00,0,9,2,172,0,0,0,0,9,7,2,0,85,2,3,0,0,0,1,0,0,10,0
2026-09-03T18:05:00+02:00,2026-09-03T18:10:00+02:00,0,9,3,167,0,0,0,0,9,3,3,0,55,5,0,0,0,0,0,0,0,9,0
2026-09-03T18:10:00+02:00,2026-09-03T18:15:00+02:00,0,18,1,169,0,0,0,0,2,2,7,0,74,0,2,0,0,0,0,0,0,7,0
2026-09-03T18:15:00+02:00,2026-09-03T18:20:00+02:00,0,15,2,154,0,0,0,0,6,3,0,0,61,0,0,0,0,0,1,0,0,9,0
2026-09-03T18:20:00+02:00,2026-09-03T18:25:00+02:00,1,14,1,136,1,0,0,0,2,2,6,0,46,0,2,0,0,0,2,0,0,2,0
2026-09-03T18:25:00+02:00,2026-09-03T18:30:00+02:00,0,10,4,149,2,0,0,0,4,0,1,0,19,0,0,0,2,0,1,0,0,8,0
2026-09-03T18:30:00+02:00,2026-09-03T18:35:00+02:00,0,9,2,127,0,0,0,0,3,1,2,0,50,0,1,0,0,0,1,0,0,4,0
2026-09-03T18:35:00+02:00,2026-09-03T18:40:00+02:00,0,14,1,129,2,0,0,0,5,2,3,0,44,0,0,0,0,0,0,0,0,3,0
2026-09-03T18:40:00+02:00,2026-09-03T18:45:00+02:00,0,14,0,139,0,0,0,0,5,1,10,0,64,0,0,0,0,0,0,0,0,9,0
2026-09-03T18:45:00+02:00,2026-09-03T18:50:00+02:00,0,8,4,117,0,0,0,0,4,3,0,0,58,0,0,0,0,0,2,0,0,5,0
2026-09-03T18:50:00+02:00,2026-09-03T18:55:00+02:00,0,5,3,107,1,0,0,0,8,3,5,0,31,0,0,0,0,0,1,0,0,3,0
2026-09-03T18:55:00+02:00,2026-09-03T19:00:00+02:00,0,8,1,113,2,0,0,0,5,1,3,0,40,0,0,0,0,0,0,0,0,8,0
2026-09-03T19:00:00+02:00,2026-09-03T19:05:00+02:00,0,5,3,129,3,0,0,0,4,1,2,0,46,0,0,0,0,0,0,0,0,3,0
2026-09-03T19:05:00+02:00,2026-09-03T19:10:00+02:00,0,17,2,157,0,0,0,0,6,2,5,0,50,0,0,0,0,0,0,0,0,9,0
2026-09-03T19:10:00+02:00,2026-09-03T19:15:00+02:00,0,8,2,131,0,0,0,0,6,3,3,0,51,3,0,0,0,0,0,0,0,5,0
2026-09-03T19:15:00+02:00,2026-09-03T19:20:00+02:00,0,13,2,119,0,0,0,0,7,0,2,0,37,0,1,0,0,0,0,0,0,11,0
2026-09-03T19:20:00+02:00,2026-09-03T19:25:00+02:00,0,22,2,138,0,0,0,0,6,1,9,0,44,0,2,0,0,0,0,0,0,3,0
2026-09-03T19:25:00+02:00,2026-09-03T19:30:00+02:00,0,7,1,110,2,0,0,0,3,1,2,0,61,0,0,0,0,0,0,0,0,4,0
2026-09-03T19:30:00+02:00,2026-09-03T19:35:00+02:00,3,6,3,147,0,0,0,0,4,0,0,0,61,1,0,0,0,0,0,0,0,4,0
2026-09-03T19:35:00+02:00,2026-09-03T19:40:00+02:00,0,1,0,112,2,0,0,0,1,0,1,0,27,0,0,0,0,0,0,0,0,6,0
2026-09-03T19:40:00+02:00,2026-09-03T19:45:00+02:00,0,2,1,107,6,0,0,0,2,1,2,0,34,0,0,0,0,0,0,0,0,1,0
2026-09-03T19:45:00+02:00,2026-09-03T19:50:00+02:00,0,4,3,95,0,0,0,0,1,0,4,0,20,0,0,0,0,0,0,0,0,7,0
2026-09-03T19:50:00+02:00,2026-09-03T19:55:00+02:00,0,11,3,106,0,0,0,0,6,0,0,0,47,0,0,0,0,0,0,0,0,1,0
2026-09-03T19:55:00+02:00,2026-09-03T20:00:00+02:00,0,2,0,109,0,0,0,0,5,1,2,0,34,0,0,0,0,0,0,0,0,10,0
2026-09-03T20:00:00+02:00,2026-09-03T20:05:00+02:00,0,4,1,94,0,0,0,0,5,3,2,0,30,0,0,0,0,0,1,0,0,3,0
2026-09-03T20:05:00+02:00,2026-09-03T20:10:00+02:00,0,2,1,99,2,0,0,0,2,1,2,0,13,0,0,0,0,0,0,0,0,4,0
2026-09-03T20:10:00+02:00,2026-09-03T20:15:00+02:00,0,5,7,91,4,0,0,0,1,6,4,0,6,0,0,0,0,0,2,0,0,8,0
2026-09-03T20:15:00+02:00,2026-09-03T20:20:00+02:00,0,4,3,102,1,0,0,0,3,1,1,0,18,0,0,0,0,0,0,0,0,4,0
2026-09-03T20:20:00+02:00,2026-09-03T20:25:00+02:00,0,0,1,89,0,0,0,0,1,1,2,0,15,0,0,0,0,0,1,0,0,5,0
2026-09-03T20:25:00+02:00,2026-09-03T20:30:00+02:00,0,5,2,72,0,0,0,0,1,0,0,0,12,0,0,0,0,0,0,0,0,4,0
2026-09-03T20:30:00+02:00,2026-09-03T20:35:00+02:00,0,0,2,81,2,0,0,0,5,1,5,0,20,0,0,0,0,0,0,0,0,5,0
2026-09-03T20:35:00+02:00,2026-09-03T20:40:00+02:00,0,2,0,75,0,0,0,0,9,1,0,0,9,0,0,0,0,0,0,0,0,4,0
2026-09-03T20:40:00+02:00,2026-09-03T20:45:00+02:00,0,5,1,57,1,0,0,0,1,1,3,0,6,0,0,0,0,0,0,0,0,1,0
2026-09-03T20:45:00+02:00,2026-09-03T20:50:00+02:00,0,0,0,61,1,0,0,0,3,0,2,0,9,0,0,0,0,0,0,0,0,3,0
2026-09-03T20:50:00+02:00,2026-09-03T20:55:00+02:00,0,2,6,69,0,0,0,0,1,0,0,0,24,0,0,0,0,0,0,0,0,1,0
2026-09-03T20:55:00+02:00,2026-09-03T21:00:00+02:00,0,3,0,73,0,0,0,0,1,1,0,0,31,0,0,0,0,0,0,0,0,1,0
2026-09-03T21:00:00+02:00,2026-09-03T21:05:00+02:00,0,2,0,59,0,0,0,0,4,1,0,0,19,0,0,0,0,0,1,0,0,2,0
2026-09-03T21:05:00+02:00,2026-09-03T21:10:00+02:00,0,3,1,72,0,0,0,0,2,2,1,0,8,0,0,0,0,0,1,0,0,1,0
2026-09-03T21:10:00+02:00,2026-09-03T21:15:00+02:00,0,10,1,60,0,0,0,0,2,0,0,0,8,0,0,0,0,0,0,0,0,0,0
2026-09-03T21:15:00+02:00,2026-09-03T21:20:00+02:00,0,0,4,37,0,0,0,0,1,0,2,0,0,0,0,0,0,0,0,0,0,0,0
2026-09-03T21:20:00+02:00,2026-09-03T21:25:00+02:00,0,0,5,36,0,0,0,0,3,0,1,0,6,0,0,0,0,0,0,0,0,2,0
2026-09-03T21:25:00+02:00,2026-09-03T21:30:00+02:00,0,3,1,56,3,0,0,0,2,4,2,0,11,0,0,0,0,0,1,0,0,0,0
2026-09-03T21:30:00+02:00,2026-09-03T21:35:00+02:00,0,0,3,50,0,0,0,0,2,1,1,0,0,0,0,0,0,0,0,0,0,0,0
2026-09-03T21:35:00+02:00,2026-09-03T21:40:00+02:00,0,0,3,42,0,0,0,0,5,0,0,0,9,0,0,0,0,0,0,0,0,1,0
2026-09-03T21:40:00+02:00,2026-09-03T21:45:00+02:00,0,1,0,45,0,0,0,0,2,0,0,0,20,0,0,0,0,0,0,0,0,0,0
2026-09-03T21:45:00+02:00,2026-09-03T21:50:00+02:00,0,0,0,40,0,0,0,0,4,1,0,0,7,0,0,0,0,0,1,0,0,0,0
2026-09-03T21:50:00+02:00,2026-09-03T21:55:00+02:00,0,0,2,51,0,0,0,0,5,4,0,0,5,0,0,0,0,0,0,0,0,1,0
2026-09-03T21:55:00+02:00,2026-09-03T22:00:00+02:00,0,0,1,35,0,0,0,0,5,1,0,0,0,0,0,0,0,0,0,0,0,2,0
2026-09-03T22:00:00+02:00,2026-09-03T22:05:00+02:00,0,0,0,51,0,0,0,0,0,1,0,0,19,0,0,0,0,0,0,0,0,0,0
2026-09-03T22:05:00+02:00,2026-09-03T22:10:00+02:00,0,5,0,63,0,0,0,0,0,0,0,0,1,0,0,0,0,0,0,0,0,1,0
2026-09-03T22:10:00+02:00,2026-09-03T22:15:00+02:00,0,5,1,57,0,0,0,0,0,0,0,0,3,0,0,0,0,0,0,0,0,0,0
2026-09-03T22:15:00+02:00,2026-09-03T22:20:00+02:00,0,0,3,39,0,0,0,0,0,0,0,0,5,0,0,0,0,0,0,0,0,0,0
2026-09-03T22:20:00+02:00,2026-09-03T22:25:00+02:00,0,4,0,21,0,0,0,0,3,0,0,0,13,0,0,0,0,0,0,0,0,1,0
2026-09-03T22:25:00+02:00,2026-09-03T22:30:00+02:00,0,0,2,44,0,0,0,0,0,0,0,0,2,0,0,0,0,0,0,0,0,0,0
2026-09-03T22:30:00+02:00,2026-09-03T22:35:00+02:00,0,0,0,39,0,0,0,0,0,0,0,0,6,0,0,0,0,0,0,0,0,1,0
2026-09-03T22:35:00+02:00,2026-09-03T22:40:00+02:00,0,0,0,36,3,0,0,0,2,1,0,0,1,0,0,0,0,0,0,0,0,2,0
2026-09-03T22:40:00+02:00,2026-09-03T22:45:00+02:00,0,0,0,27,0,0,0,0,0,0,0,0,1,0,0,0,0,0,0,0,0,0,0
2026-09-03T22:45:00+02:00,2026-09-03T22:50:00+02:00,0,0,0,27,0,0,0,0,0,0,0,0,0,0,0,0,0,0,0,0,0,1,0
2026-09-03T22:50:00+02:00,2026-09-03T22:55:00+02:00,0,2,0,24,2,0,0,0,4,2,0,0,9,0,0,0,0,0,0,0,0,0,0
2026-09-03T22:55:00+02:00,2026-09-03T23:00:00+02:00,0,0,0,22,0,0,0,0,5,0,0,0,0,0,0,0,0,0,0,0,0,1,0
2026-09-03T23:00:00+02:00,2026-09-03T23:05:00+02:00,0,0,0,25,0,0,0,0,0,0,0,0,2,0,0,0,0,0,0,0,0,1,0
2026-09-03T23:05:00+02:00,2026-09-03T23:10:00+02:00,0,0,1,9,0,0,0,0,0,1,0,0,3,0,0,0,0,0,1,0,0,7,0
2026-09-03T23:10:00+02:00,2026-09-03T23:15:00+02:00,0,0,3,18,0,0,0,0,5,2,0,0,0,0,0,0,0,0,1,0,0,0,0
2026-09-03T23:15:00+02:00,2026-09-03T23:20:00+02:00,0,0,1,25,0,0,0,0,2,0,0,0,7,0,0,0,0,0,0,0,0,0,0
2026-09-03T23:20:00+02:00,2026-09-03T23:25:00+02:00,0,1,2,21,0,0,0,0,3,0,0,0,9,0,0,0,0,0,0,0,0,0,0
2026-09-03T23:25:00+02:00,2026-09-03T23:30:00+02:00,0,0,2,13,0,0,0,0,2,0,0,0,0,0,0,0,0,0,0,0,0,1,0
2026-09-03T23:30:00+02:00,2026-09-03T23:35:00+02:00,0,0,4,10,0,0,0,0,2,0,0,0,10,0,0,0,0,0,0,0,0,2,0
2026-09-03T23:35:00+02:00,2026-09-03T23:40:00+02:00,0,0,3,9,0,0,0,0,3,0,0,0,8,0,0,0,0,0,0,0,0,3,0
2026-09-03T23:40:00+02:00,2026-09-03T23:45:00+02:00,0,1,3,11,0,0,0,0,4,0,0,0,21,0,0,0,0,0,0,0,0,5,0
2026-09-03T23:45:00+02:00,2026-09-03T23:50:00+02:00,0,0,0,13,0,0,0,0,1,0,0,0,0,0,0,0,0,0,0,0,0,0,0
2026-09-03T23:50:00+02:00,2026-09-03T23:55:00+02:00,0,0,0,9,0,0,0,0,1,0,0,0,0,0,0,0,0,0,0,0,0,0,0
2026-09-03T23:55:00+02:00,2026-09-04T00:00:00+02:00,0,0,0,13,0,0,0,0,2,0,0,0,0,0,0,0,0,0,0,0,0,0,0
2026-09-04T00:00:00+02:00,2026-09-04T00:05:00+02:00,0,0,0,9,1,0,0,0,0,0,0,0,0,0,0,0,0,0,0,0,0,1,0
2026-09-04T00:05:00+02:00,2026-09-04T00:10:00+02:00,0,0,0,8,1,0,0,0,2,1,0,0,0,0,0,0,0,0,1,0,0,0,0
2026-09-04T00:10:00+02:00,2026-09-04T00:15:00+02:00,0,0,0,7,0,0,0,0,1,0,0,0,4,0,0,0,0,0,0,0,0,0,0
2026-09-04T00:15:00+02:00,2026-09-04T00:20:00+02:00,1,1,0,1,0,0,0,0,0,0,0,0,8,0,0,0,0,0,0,0,0,0,0
2026-09-04T00:20:00+02:00,2026-09-04T00:25:00+02:00,0,1,0,6,0,0,0,0,1,0,0,0,0,0,0,0,0,0,0,0,0,0,0
2026-09-04T00:25:00+02:00,2026-09-04T00:30:00+02:00,0,0,0,3,0,0,0,0,0,4,0,0,0,0,0,0,0,0,0,0,0,1,0
2026-09-04T00:30:00+02:00,2026-09-04T00:35:00+02:00,3,3,0,5,0,0,0,0,1,0,0,0,12,0,1,0,0,0,0,0,0,0,0
2026-09-04T00:35:00+02:00,2026-09-04T00:40:00+02:00,0,0,0,6,0,0,0,0,1,0,0,0,0,0,0,0,0,0,0,0,0,0,0
2026-09-04T00:40:00+02:00,2026-09-04T00:45:00+02:00,0,0,0,4,0,0,0,0,1,2,0,0,4,0,0,0,0,0,0,0,0,1,0
2026-09-04T00:45:00+02:00,2026-09-04T00:50:00+02:00,0,0,0,9,0,0,0,0,3,0,0,0,0,0,0,0,0,0,0,0,0,0,0
2026-09-04T00:50:00+02:00,2026-09-04T00:55:00+02:00,0,0,0,2,0,0,0,0,3,0,0,0,0,0,0,0,0,0,0,0,0,0,0
2026-09-04T00:55:00+02:00,2026-09-04T01:00:00+02:00,0,0,0,7,1,0,0,0,3,0,2,0,0,0,0,0,0,0,0,0,0,5,0
2026-09-04T01:00:00+02:00,2026-09-04T01:05:00+02:00,0,0,0,6,0,0,0,0,1,4,0,0,0,0,0,0,0,0,0,0,0,2,0
2026-09-04T01:05:00+02:00,2026-09-04T01:10:00+02:00,0,0,0,8,0,0,0,0,1,2,0,0,2,0,0,0,0,0,0,0,0,0,0
2026-09-04T01:10:00+02:00,2026-09-04T01:15:00+02:00,0,0,0,7,0,0,0,0,2,0,0,0,0,0,0,0,0,0,0,0,0,1,0
2026-09-04T01:15:00+02:00,2026-09-04T01:20:00+02:00,0,0,0,2,0,0,0,0,3,2,0,0,0,0,0,0,0,0,0,0,0,0,0
2026-09-04T01:20:00+02:00,2026-09-04T01:25:00+02:00,0,0,0,4,0,0,0,0,4,2,2,0,0,0,0,0,0,0,1,0,0,1,0
2026-09-04T01:25:00+02:00,2026-09-04T01:30:00+02:00,0,0,0,5,0,0,0,0,2,0,0,0,8,0,0,0,0,0,0,0,0,0,0
2026-09-04T01:30:00+02:00,2026-09-04T01:35:00+02:00,0,0,0,2,0,0,0,0,2,0,0,0,0,0,0,0,0,0,0,0,0,0,0
2026-09-04T01:35:00+02:00,2026-09-04T01:40:00+02:00,0,0,0,4,0,0,0,0,0,2,0,0,0,0,0,0,0,0,1,0,0,0,0
2026-09-04T01:40:00+02:00,2026-09-04T01:45:00+02:00,0,0,0,3,0,0,0,0,2,1,0,0,0,0,0,0,0,0,0,0,0,0,0
2026-09-04T01:45:00+02:00,2026-09-04T01:50:00+02:00,0,0,0,5,0,0,0,0,2,1,0,0,0,0,0,0,0,0,0,0,0,0,0
2026-09-04T01:50:00+02:00,2026-09-04T01:55:00+02:00,0,0,0,2,0,0,0,0,1,0,0,0,0,0,0,0,0,0,0,0,0,0,0
2026-09-04T01:55:00+02:00,2026-09-04T02:00:00+02:00,0,0,0,2,0,0,0,0,3,1,0,0,0,0,0,0,0,0,0,0,0,0,0
2026-09-04T02:00:00+02:00,2026-09-04T02:05:00+02:00,0,0,0,2,0,0,0,0,2,1,0,0,19,0,0,0,0,0,0,0,0,0,0
2026-09-04T02:05:00+02:00,2026-09-04T02:10:00+02:00,0,0,0,4,0,0,0,0,1,3,0,0,3,0,0,0,0,0,0,0,0,2,0
2026-09-04T02:10:00+02:00,2026-09-04T02:15:00+02:00,0,0,0,6,0,0,0,0,0,1,0,0,0,0,0,0,0,0,0,0,0,0,0
2026-09-04T02:15:00+02:00,2026-09-04T02:20:00+02:00,0,0,0,7,0,0,0,0,4,3,0,0,0,0,0,0,0,0,0,0,0,0,0
2026-09-04T02:20:00+02:00,2026-09-04T02:25:00+02:00,0,0,0,1,0,0,0,0,3,4,0,0,0,0,0,0,0,0,0,0,0,0,0
2026-09-04T02:25:00+02:00,2026-09-04T02:30:00+02:00,0,0,0,1,0,0,0,0,1,1,0,0,3,0,0,0,0,0,0,0,0,0,0
2026-09-04T02:30:00+02:00,2026-09-04T02:35:00+02:00,0,0,0,1,0,0,0,0,2,1,0,0,0,0,0,0,0,0,0,0,0,0,0
2026-09-04T02:35:00+02:00,2026-09-04T02:40:00+02:00,0,0,0,2,0,0,0,0,0,1,0,0,0,0,0,0,0,0,0,0,0,0,0
2026-09-04T02:40:00+02:00,2026-09-04T02:45:00+02:00,0,0,0,8,0,0,0,0,0,3,0,0,0,0,0,0,0,0,0,0,0,0,0
2026-09-04T02:45:00+02:00,2026-09-04T02:50:00+02:00,0,0,0,7,0,0,0,0,0,0,0,0,0,0,0,0,0,0,0,0,0,5,0
2026-09-04T02:50:00+02:00,2026-09-04T02:55:00+02:00,0,0,0,4,0,0,0,0,3,1,0,0,0,0,0,0,0,0,0,0,0,1,0
2026-09-04T02:55:00+02:00,2026-09-04T03:00:00+02:00,0,0,0,1,0,0,0,0,1,2,0,0,0,0,0,0,0,0,0,0,0,1,0
2026-09-04T03:00:00+02:00,2026-09-04T03:05:00+02:00,0,1,0,5,0,0,0,0,9,0,0,0,1,0,0,0,0,0,0,0,0,0,0
2026-09-04T03:05:00+02:00,2026-09-04T03:10:00+02:00,0,0,0,6,0,0,0,0,0,0,0,0,0,0,0,0,0,0,0,0,0,0,0
2026-09-04T03:10:00+02:00,2026-09-04T03:15:00+02:00,0,0,0,5,0,0,0,0,2,2,0,0,0,0,0,0,0,0,1,0,0,0,0
2026-09-04T03:15:00+02:00,2026-09-04T03:20:00+02:00,0,0,0,7,0,0,0,0,5,0,0,0,2,0,0,0,0,0,0,0,0,0,0
2026-09-04T03:20:00+02:00,2026-09-04T03:25:00+02:00,0,0,0,5,0,0,0,0,2,3,0,0,0,0,0,0,0,0,1,0,0,2,0
2026-09-04T03:25:00+02:00,2026-09-04T03:30:00+02:00,0,0,0,7,1,0,0,0,3,4,0,0,1,0,0,0,0,0,0,0,0,0,0
2026-09-04T03:30:00+02:00,2026-09-04T03:35:00+02:00,0,1,0,6,1,0,0,0,6,1,0,0,0,0,0,0,0,0,0,0,0,1,0
2026-09-04T03:35:00+02:00,2026-09-04T03:40:00+02:00,0,0,0,4,0,0,0,0,1,0,0,0,0,0,0,0,0,0,0,0,0,2,0
2026-09-04T03:40:00+02:00,2026-09-04T03:45:00+02:00,0,2,0,3,0,0,0,0,5,0,0,0,2,0,1,0,0,0,0,0,0,1,0
2026-09-04T03:45:00+02:00,2026-09-04T03:50:00+02:00,0,0,0,13,0,0,0,0,5,1,0,0,0,0,0,0,0,0,0,0,0,1,0
2026-09-04T03:50:00+02:00,2026-09-04T03:55:00+02:00,0,2,0,9,0,0,0,0,4,1,0,0,0,0,0,0,0,0,1,0,0,0,0
2026-09-04T03:55:00+02:00,2026-09-04T04:00:00+02:00,0,0,0,9,0,0,0,0,7,1,0,0,0,0,0,0,0,0,0,0,0,0,0
2026-09-04T04:00:00+02:00,2026-09-04T04:05:00+02:00,0,0,3,7,0,0,0,0,4,3,0,0,1,0,0,0,0,0,0,0,0,2,0
2026-09-04T04:05:00+02:00,2026-09-04T04:10:00+02:00,0,0,3,8,0,0,0,0,8,1,0,0,5,0,0,0,0,0,2,0,0,0,0
2026-09-04T04:10:00+02:00,2026-09-04T04:15:00+02:00,0,0,4,14,0,0,0,0,8,4,0,0,4,0,0,0,0,0,1,0,0,1,0
2026-09-04T04:15:00+02:00,2026-09-04T04:20:00+02:00,0,0,3,11,0,0,0,0,1,0,0,0,1,0,0,0,0,0,0,0,0,1,0
2026-09-04T04:20:00+02:00,2026-09-04T04:25:00+02:00,0,3,3,8,0,0,0,0,4,2,0,0,9,0,0,0,0,0,0,0,0,1,0
2026-09-04T04:25:00+02:00,2026-09-04T04:30:00+02:00,0,0,1,16,0,0,0,0,4,5,0,0,6,0,0,0,0,0,3,0,0,4,0
2026-09-04T04:30:00+02:00,2026-09-04T04:35:00+02:00,0,1,2,17,0,0,0,0,5,3,0,0,0,0,0,0,0,0,0,0,0,7,0
2026-09-04T04:35:00+02:00,2026-09-04T04:40:00+02:00,0,1,2,30,0,0,0,0,4,1,0,0,1,0,0,0,0,0,0,0,0,0,0
2026-09-04T04:40:00+02:00,2026-09-04T04:45:00+02:00,0,1,0,38,0,0,0,0,4,4,0,0,3,0,0,0,0,0,1,0,0,2,0
2026-09-04T04:45:00+02:00,2026-09-04T04:50:00+02:00,0,1,0,27,0,0,0,0,6,3,0,0,4,0,0,0,0,0,0,0,0,3,0
2026-09-04T04:50:00+02:00,2026-09-04T04:55:00+02:00,0,0,2,41,0,0,0,0,6,6,0,0,7,0,0,0,0,0,1,0,0,4,0
2026-09-04T04:55:00+02:00,2026-09-04T05:00:00+02:00,0,1,0,27,1,0,0,0,4,6,0,0,0,0,0,0,0,0,0,0,0,4,0
2026-09-04T05:00:00+02:00,2026-09-04T05:05:00+02:00,0,2,1,28,0,0,0,0,8,3,0,0,1,0,0,0,0,0,0,0,0,2,0
2026-09-04T05:05:00+02:00,2026-09-04T05:10:00+02:00,0,3,2,43,0,0,0,0,9,5,0,0,2,0,0,0,0,0,0,0,0,2,0
2026-09-04T05:10:00+02:00,2026-09-04T05:15:00+02:00,0,2,7,43,0,0,0,0,7,4,0,0,1,0,0,0,0,0,1,0,0,3,0
2026-09-04T05:15:00+02:00,2026-09-04T05:20:00+02:00,1,0,7,42,1,0,0,0,2,4,0,0,5,0,0,0,0,0,0,0,0,3,0
2026-09-04T05:20:00+02:00,2026-09-04T05:25:00+02:00,0,4,6,72,1,0,0,0,5,3,0,0,3,1,0,0,0,0,0,0,0,1,0
2026-09-04T05:25:00+02:00,2026-09-04T05:30:00+02:00,0,4,6,63,0,0,0,0,10,6,0,0,14,0,0,0,0,0,2,0,0,4,0
2026-09-04T05:30:00+02:00,2026-09-04T05:35:00+02:00,0,6,7,87,0,0,0,0,6,2,0,0,11,0,0,0,0,0,0,0,0,8,0
2026-09-04T05:35:00+02:00,2026-09-04T05:40:00+02:00,0,0,3,65,3,0,0,0,11,7,4,0,9,0,0,0,0,0,1,0,0,6,0
2026-09-04T05:40:00+02:00,2026-09-04T05:45:00+02:00,0,9,4,99,0,0,0,0,7,5,3,0,12,0,0,0,0,0,2,0,0,11,0
2026-09-04T05:45:00+02:00,2026-09-04T05:50:00+02:00,0,2,1,104,0,0,0,0,4,1,0,0,18,0,0,0,0,0,0,0,0,3,0
2026-09-04T05:50:00+02:00,2026-09-04T05:55:00+02:00,0,15,4,86,0,0,0,0,9,8,0,0,4,0,0,0,0,0,1,0,0,16,0
2026-09-04T05:55:00+02:00,2026-09-04T06:00:00+02:00,0,0,3,93,0,0,0,0,5,7,1,0,16,0,0,0,0,0,1,0,0,8,0
2026-09-04T06:00:00+02:00,2026-09-04T06:05:00+02:00,0,6,2,66,2,0,0,0,11,11,2,0,13,0,0,0,0,0,1,0,0,8,0
2026-09-04T06:05:00+02:00,2026-09-04T06:10:00+02:00,0,1,1,89,0,0,0,0,3,4,1,0,7,0,0,0,0,0,3,0,0,7,0
2026-09-04T06:10:00+02:00,2026-09-04T06:15:00+02:00,0,3,4,111,0,0,0,0,16,11,2,0,17,0,1,0,0,0,1,0,0,11,0
2026-09-04T06:15:00+02:00,2026-09-04T06:20:00+02:00,0,8,5,85,1,0,0,0,6,3,1,0,35,0,0,0,0,0,0,0,0,13,0
2026-09-04T06:20:00+02:00,2026-09-04T06:25:00+02:00,1,14,1,78,0,0,0,0,10,4,4,0,37,0,0,0,0,0,0,0,0,6,0
2026-09-04T06:25:00+02:00,2026-09-04T06:30:00+02:00,0,6,2,108,0,0,0,0,3,7,0,0,36,0,0,0,0,0,0,0,0,9,0
2026-09-04T06:30:00+02:00,2026-09-04T06:35:00+02:00,0,2,1,93,0,0,0,0,15,6,0,0,21,0,0,0,0,0,0,0,0,12,0
2026-09-04T06:35:00+02:00,2026-09-04T06:40:00+02:00,0,9,2,131,0,0,0,0,8,13,0,0,25,0,2,0,0,0,1,0,0,8,0
2026-09-04T06:40:00+02:00,2026-09-04T06:45:00+02:00,0,4,5,146,0,0,0,0,3,10,6,0,19,0,0,0,0,0,1,0,0,14,0
2026-09-04T06:45:00+02:00,2026-09-04T06:50:00+02:00,0,5,2,141,2,0,0,0,12,2,0,0,40,0,0,0,0,0,0,0,0,5,0
2026-09-04T06:50:00+02:00,2026-09-04T06:55:00+02:00,0,14,4,137,1,0,0,0,16,11,1,0,30,0,0,0,1,0,0,0,0,8,0
2026-09-04T06:55:00+02:00,2026-09-04T07:00:00+02:00,0,6,3,159,0,0,0,0,7,10,2,0,31,0,1,0,0,0,1,0,0,10,0
2026-09-04T07:00:00+02:00,2026-09-04T07:05:00+02:00,0,6,0,125,0,0,0,0,12,5,0,0,25,0,0,0,2,0,1,0,0,12,0
2026-09-04T07:05:00+02:00,2026-09-04T07:10:00+02:00,0,9,5,164,2,0,0,0,10,6,0,0,41,0,0,0,0,0,0,0,0,13,0
2026-09-04T07:10:00+02:00,2026-09-04T07:15:00+02:00,0,2,7,162,1,0,0,0,12,1,1,0,47,0,2,0,0,0,0,0,0,10,0
2026-09-04T07:15:00+02:00,2026-09-04T07:20:00+02:00,0,10,3,163,3,0,0,0,10,9,8,0,79,0,0,0,1,0,0,0,0,9,0
2026-09-04T07:20:00+02:00,2026-09-04T07:25:00+02:00,0,11,8,165,1,0,0,0,6,23,2,0,55,0,0,0,0,0,1,0,0,21,0
2026-09-04T07:25:00+02:00,2026-09-04T07:30:00+02:00,0,16,6,186,1,0,0,0,7,14,1,0,179,0,0,0,2,0,0,0,0,10,0
2026-09-04T07:30:00+02:00,2026-09-04T07:35:00+02:00,0,10,11,173,0,0,0,0,7,11,0,0,138,0,3,0,0,0,0,0,0,25,0
2026-09-04T07:35:00+02:00,2026-09-04T07:40:00+02:00,2,11,12,192,0,0,0,0,4,8,0,0,134,0,0,0,2,0,0,0,0,21,0
2026-09-04T07:40:00+02:00,2026-09-04T07:45:00+02:00,0,17,8,226,3,0,0,0,11,17,2,0,132,0,0,0,1,0,3,0,0,18,0
2026-09-04T07:45:00+02:00,2026-09-04T07:50:00+02:00,0,30,6,213,2,0,0,0,9,9,0,0,95,0,2,0,0,0,1,0,0,16,0
2026-09-04T07:50:00+02:00,2026-09-04T07:55:00+02:00,0,23,3,295,3,0,0,0,7,11,3,0,92,0,0,0,3,0,0,0,0,15,0
2026-09-04T07:55:00+02:00,2026-09-04T08:00:00+02:00,0,7,5,187,3,0,0,0,10,18,13,0,91,0,1,0,3,0,0,0,0,24,0
2026-09-04T08:00:00+02:00,2026-09-04T08:05:00+02:00,0,4,5,212,5,0,0,0,19,32,26,0,76,0,0,0,1,0,4,0,0,6,0
2026-09-04T08:05:00+02:00,2026-09-04T08:10:00+02:00,0,11,2,168,2,0,0,0,17,13,13,0,109,1,0,0,1,0,3,0,0,22,0
2026-09-04T08:10:00+02:00,2026-09-04T08:15:00+02:00,0,5,3,155,0,0,0,0,13,18,19,0,103,0,0,0,0,0,1,0,0,19,0
2026-09-04T08:15:00+02:00,2026-09-04T08:20:00+02:00,0,11,1,146,2,0,0,0,9,13,11,0,89,0,0,0,2,0,0,0,0,14,0
2026-09-04T08:20:00+02:00,2026-09-04T08:25:00+02:00,0,11,0,177,3,0,0,0,16,16,17,0,130,0,0,0,0,0,2,0,0,26,0
2026-09-04T08:25:00+02:00,2026-09-04T08:30:00+02:00,0,18,1,163,1,0,0,0,16,12,14,0,141,1,0,0,0,0,0,0,0,18,0
2026-09-04T08:30:00+02:00,2026-09-04T08:35:00+02:00,0,8,3,147,3,0,0,0,8,13,25,0,69,0,4,0,2,0,2,0,0,15,0
2026-09-04T08:35:00+02:00,2026-09-04T08:40:00+02:00,0,26,2,147,3,0,0,0,9,16,11,0,149,5,3,0,1,0,2,0,0,29,0
2026-09-04T08:40:00+02:00,2026-09-04T08:45:00+02:00,0,12,3,157,2,0,0,0,16,13,18,0,131,4,1,0,0,0,0,0,0,13,0
2026-09-04T08:45:00+02:00,2026-09-04T08:50:00+02:00,2,34,3,169,4,0,0,0,7,11,19,0,204,1,3,0,0,0,0,0,0,17,0
2026-09-04T08:50:00+02:00,2026-09-04T08:55:00+02:00,0,21,3,173,0,0,0,0,10,13,11,0,138,3,0,0,0,0,0,0,0,13,0
2026-09-04T08:55:00+02:00,2026-09-04T09:00:00+02:00,0,8,2,168,0,0,0,0,13,14,19,0,107,0,0,0,0,0,0,0,0,21,0
2026-09-04T09:00:00+02:00,2026-09-04T09:05:00+02:00,0,37,2,180,3,0,0,0,14,11,10,0,144,5,1,0,1,0,0,0,0,13,0
2026-09-04T09:05:00+02:00,2026-09-04T09:10:00+02:00,0,11,2,169,5,0,0,0,8,17,6,0,224,0,1,0,0,0,2,0,0,17,0
2026-09-04T09:10:00+02:00,2026-09-04T09:15:00+02:00,0,31,3,168,3,0,0,0,11,16,1,0,184,1,1,0,0,0,1,0,0,16,0
2026-09-04T09:15:00+02:00,2026-09-04T09:20:00+02:00,1,31,5,170,3,0,0,0,12,14,20,0,152,3,2,0,3,0,0,0,0,9,0
2026-09-04T09:20:00+02:00,2026-09-04T09:25:00+02:00,0,19,0,187,1,0,0,0,11,9,19,0,127,1,0,0,4,0,2,0,0,10,0
2026-09-04T09:25:00+02:00,2026-09-04T09:30:00+02:00,0,7,1,192,4,0,0,0,13,5,20,0,137,5,0,0,0,0,1,0,0,9,0
2026-09-04T09:30:00+02:00,2026-09-04T09:35:00+02:00,0,28,1,155,1,0,0,0,12,15,25,0,177,0,0,0,1,0,2,0,0,20,0
2026-09-04T09:35:00+02:00,2026-09-04T09:40:00+02:00,0,21,2,192,0,0,0,0,9,22,16,0,189,11,6,0,1,0,2,0,0,20,0
2026-09-04T09:40:00+02:00,2026-09-04T09:45:00+02:00,0,16,4,193,2,0,0,0,9,15,20,0,174,4,0,0,1,0,1,0,0,18,0
2026-09-04T09:45:00+02:00,2026-09-04T09:50:00+02:00,2,33,0,188,0,0,0,0,15,20,15,0,251,5,0,0,0,0,1,0,0,20,0
2026-09-04T09:50:00+02:00,2026-09-04T09:55:00+02:00,0,44,1,183,2,0,0,0,16,18,23,0,233,7,0,0,0,0,0,0,0,15,0
2026-09-04T09:55:00+02:00,2026-09-04T10:00:00+02:00,0,4,1,182,4,0,0,0,14,23,7,0,166,0,0,0,0,0,0,0,0,19,0
2026-09-04T10:00:00+02:00,2026-09-04T10:05:00+02:00,0,24,2,160,0,0,0,0,13,20,11,0,125,12,0,0,0,0,2,0,0,16,0
2026-09-04T10:05:00+02:00,2026-09-04T10:10:00+02:00,0,17,1,197,1,0,0,0,3,20,19,0,155,1,0,0,1,0,3,0,0,19,0
2026-09-04T10:10:00+02:00,2026-09-04T10:15:00+02:00,0,59,3,179,2,0,0,0,13,22,16,0,150,9,0,0,0,0,0,0,0,27,0
2026-09-04T10:15:00+02:00,2026-09-04T10:20:00+02:00,0,39,0,197,1,0,0,0,10,20,29,0,171,6,0,0,0,0,2,0,0,21,0
2026-09-04T10:20:00+02:00,2026-09-04T10:25:00+02:00,1,26,3,181,7,0,0,0,7,11,23,0,178,2,0,0,0,0,1,0,0,26,0
2026-09-04T10:25:00+02:00,2026-09-04T10:30:00+02:00,0,34,2,197,2,1,0,0,6,27,25,0,203,0,0,0,1,0,0,0,0,15,0
2026-09-04T10:30:00+02:00,2026-09-04T10:35:00+02:00,0,30,4,178,2,0,0,0,7,23,4,0,231,0,0,0,1,0,1,0,0,24,0
2026-09-04T10:35:00+02:00,2026-09-04T10:40:00+02:00,0,24,0,157,1,0,0,0,6,31,21,0,236,5,0,0,0,0,4,0,0,19,0
2026-09-04T10:40:00+02:00,2026-09-04T10:45:00+02:00,0,37,2,207,0,0,0,0,10,12,16,0,159,0,0,0,0,0,0,0,0,19,0
2026-09-04T10:45:00+02:00,2026-09-04T10:50:00+02:00,0,21,2,168,1,0,0,0,8,17,4,0,149,5,0,0,0,0,1,0,0,22,0
2026-09-04T10:50:00+02:00,2026-09-04T10:55:00+02:00,0,23,2,164,2,0,0,0,14,32,3,0,121,0,0,0,0,0,1,0,0,23,0
2026-09-04T10:55:00+02:00,2026-09-04T11:00:00+02:00,0,23,2,168,1,0,0,0,6,19,9,0,139,0,0,0,0,0,2,0,0,20,0
2026-09-04T11:00:00+02:00,2026-09-04T11:05:00+02:00,0,51,2,181,0,0,0,0,9,29,2,0,143,9,0,0,0,0,4,0,0,34,0
2026-09-04T11:05:00+02:00,2026-09-04T11:10:00+02:00,0,34,1,201,3,0,0,0,14,18,1,0,154,0,0,0,0,0,2,0,0,23,0
2026-09-04T11:10:00+02:00,2026-09-04T11:15:00+02:00,0,26,1,159,3,0,0,0,9,25,2,0,133,0,0,0,0,0,1,0,0,22,0
2026-09-04T11:15:00+02:00,2026-09-04T11:20:00+02:00,0,27,2,150,1,0,0,0,6,36,3,0,133,2,0,0,0,0,3,0,0,20,0
2026-09-04T11:20:00+02:00,2026-09-04T11:25:00+02:00,0,24,2,160,2,0,0,0,17,19,3,0,138,3,0,0,0,0,0,0,0,21,0
2026-09-04T11:25:00+02:00,2026-09-04T11:30:00+02:00,0,16,1,197,0,0,0,0,16,26,5,0,144,1,0,0,0,0,2,0,0,15,0
2026-09-04T11:30:00+02:00,2026-09-04T11:35:00+02:00,0,19,1,201,2,0,0,0,12,24,0,0,178,3,0,0,0,4,0,0,0,21,0
2026-09-04T11:35:00+02:00,2026-09-04T11:40:00+02:00,0,25,1,199,0,0,0,0,15,25,3,0,159,5,2,0,0,0,1,0,0,28,0
2026-09-04T11:40:00+02:00,2026-09-04T11:45:00+02:00,0,51,1,191,1,0,0,0,9,18,7,0,204,2,0,0,0,0,1,0,0,21,0
2026-09-04T11:45:00+02:00,2026-09-04T11:50:00+02:00,0,35,2,210,0,0,0,0,8,16,2,0,164,0,0,0,0,0,0,0,0,17,0
2026-09-04T11:50:00+02:00,2026-09-04T11:55:00+02:00,0,47,3,185,1,0,0,0,4,15,2,0,167,0,0,0,0,0,1,0,0,16,0
2026-09-04T11:55:00+02:00,2026-09-04T12:00:00+02:00,1,18,2,161,2,0,0,0,10,14,0,0,123,0,0,0,0,0,1,0,0,12,0
2026-09-04T12:00:00+02:00,2026-09-04T12:05:00+02:00,1,26,3,194,1,0,0,0,17,26,3,0,226,0,0,0,0,0,1,0,0,15,0
2026-09-04T12:05:00+02:00,2026-09-04T12:10:00+02:00,0,22,5,189,1,0,0,0,4,15,2,0,175,0,0,0,0,0,0,0,0,8,0
2026-09-04T12:10:00+02:00,2026-09-04T12:15:00+02:00,2,16,2,190,9,0,0,0,3,20,2,0,161,0,0,0,0,0,1,0,0,9,0
2026-09-04T12:15:00+02:00,2026-09-04T12:20:00+02:00,0,22,4,183,2,0,0,0,8,16,3,0,125,0,0,0,0,0,1,0,0,14,0
2026-09-04T12:20:00+02:00,2026-09-04T12:25:00+02:00,0,12,4,126,0,0,0,0,6,19,2,0,96,0,1,0,1,0,0,0,0,25,0
2026-09-04T12:25:00+02:00,2026-09-04T12:30:00+02:00,0,32,0,160,5,0,0,0,9,21,4,0,151,0,1,0,0,0,0,0,0,23,0
2026-09-04T12:30:00+02:00,2026-09-04T12:35:00+02:00,0,19,2,175,0,0,0,0,7,17,0,0,167,3,0,0,2,0,1,0,0,21,0
2026-09-04T12:35:00+02:00,2026-09-04T12:40:00+02:00,0,35,1,184,2,0,0,0,8,18,4,0,98,6,0,0,2,0,2,0,0,27,0
2026-09-04T12:40:00+02:00,2026-09-04T12:45:00+02:00,0,7,1,233,2,0,0,0,6,16,2,0,109,0,0,0,0,0,0,0,0,15,0
2026-09-04T12:45:00+02:00,2026-09-04T12:50:00+02:00,0,14,3,171,4,0,0,0,9,13,2,0,104,1,0,0,1,0,1,0,0,18,0
2026-09-04T12:50:00+02:00,2026-09-04T12:55:00+02:00,0,22,2,168,1,0,0,0,10,20,0,0,153,0,1,0,0,0,0,0,0,24,0
2026-09-04T12:55:00+02:00,2026-09-04T13:00:00+02:00,0,26,2,187,4,0,0,0,7,18,0,0,87,0,1,0,0,0,2,0,0,21,0
2026-09-04T13:00:00+02:00,2026-09-04T13:05:00+02:00,0,26,3,142,2,0,0,0,5,20,8,0,89,0,0,0,0,0,0,0,0,21,0
2026-09-04T13:05:00+02:00,2026-09-04T13:10:00+02:00,0,23,2,137,1,0,0,0,18,13,4,0,130,10,0,0,0,0,0,0,0,15,0
2026-09-04T13:10:00+02:00,2026-09-04T13:15:00+02:00,0,10,3,143,1,0,0,0,10,20,1,0,74,0,0,0,2,0,0,0,0,19,0
2026-09-04T13:15:00+02:00,2026-09-04T13:20:00+02:00,0,13,2,188,2,0,0,0,7,17,3,0,168,1,0,0,0,0,0,0,0,22,0
2026-09-04T13:20:00+02:00,2026-09-04T13:25:00+02:00,0,26,5,221,0,0,0,0,13,17,6,0,145,4,0,0,0,0,2,0,0,30,0
2026-09-04T13:25:00+02:00,2026-09-04T13:30:00+02:00,0,28,2,189,2,0,0,0,12,21,2,0,143,0,0,0,0,0,0,0,0,22,0
2026-09-04T13:30:00+02:00,2026-09-04T13:35:00+02:00,0,32,0,190,1,0,0,0,8,19,7,0,156,4,0,0,1,0,1,0,0,19,0
2026-09-04T13:35:00+02:00,2026-09-04T13:40:00+02:00,0,29,6,176,1,0,0,0,11,16,3,0,168,1,1,0,0,0,1,0,0,19,0
2026-09-04T13:40:00+02:00,2026-09-04T13:45:00+02:00,1,24,3,172,2,0,0,0,7,13,14,0,185,0,1,0,0,0,0,0,0,16,0
2026-09-04T13:45:00+02:00,2026-09-04T13:50:00+02:00,0,33,5,161,2,0,0,0,12,30,3,0,106,6,1,0,0,0,0,0,0,15,0
2026-09-04T13:50:00+02:00,2026-09-04T13:55:00+02:00,0,36,0,199,1,0,0,0,12,21,3,0,140,5,1,0,0,0,1,0,0,19,0
2026-09-04T13:55:00+02:00,2026-09-04T14:00:00+02:00,1,31,1,211,0,0,0,0,7,23,3,0,256,2,0,0,0,0,0,0,0,21,0
2026-09-04T14:00:00+02:00,2026-09-04T14:05:00+02:00,1,39,5,181,3,0,0,0,9,26,2,0,215,5,0,0,0,0,3,0,0,17,0
2026-09-04T14:05:00+02:00,2026-09-04T14:10:00+02:00,0,42,0,238,3,0,0,0,9,17,2,0,153,0,0,0,0,0,0,0,0,16,0
2026-09-04T14:10:00+02:00,2026-09-04T14:15:00+02:00,0,30,7,199,2,0,0,0,8,23,5,0,109,0,0,0,0,0,1,0,0,10,0
2026-09-04T14:15:00+02:00,2026-09-04T14:20:00+02:00,0,12,3,237,0,0,0,0,9,13,6,0,170,0,0,0,0,1,0,0,0,10,0
2026-09-04T14:20:00+02:00,2026-09-04T14:25:00+02:00,0,43,2,212,0,0,0,0,7,20,2,0,214,0,4,0,1,0,1,0,0,13,0
2026-09-04T14:25:00+02:00,2026-09-04T14:30:00+02:00,0,22,0,208,0,0,0,0,7,19,12,0,139,2,0,0,3,0,1,0,0,17,0
2026-09-04T14:30:00+02:00,2026-09-04T14:35:00+02:00,0,32,6,221,1,0,0,0,1,11,1,0,109,0,0,0,0,0,0,0,0,9,0
2026-09-04T14:35:00+02:00,2026-09-04T14:40:00+02:00,0,13,2,195,0,0,0,0,4,5,5,0,125,0,0,0,0,0,0,0,0,9,0
2026-09-04T14:40:00+02:00,2026-09-04T14:45:00+02:00,0,18,4,185,3,0,0,0,7,14,2,0,97,0,0,0,0,0,0,0,0,19,0
2026-09-04T14:45:00+02:00,2026-09-04T14:50:00+02:00,0,21,5,214,1,0,0,0,6,8,3,0,108,0,5,0,1,0,0,0,0,16,0
2026-09-04T14:50:00+02:00,2026-09-04T14:55:00+02:00,0,16,2,196,1,0,0,0,7,5,2,0,75,0,2,0,0,0,0,0,0,17,0
2026-09-04T14:55:00+02:00,2026-09-04T15:00:00+02:00,0,18,1,200,0,0,0,0,1,6,3,0,97,1,0,0,0,0,1,0,0,13,0
2026-09-04T15:00:00+02:00,2026-09-04T15:05:00+02:00,0,45,7,183,2,0,0,0,5,6,4,0,85,0,0,0,0,0,0,0,0,13,0
2026-09-04T15:05:00+02:00,2026-09-04T15:10:00+02:00,0,36,3,174,2,0,0,0,3,3,1,0,49,2,4,0,0,0,0,0,0,15,0
2026-09-04T15:10:00+02:00,2026-09-04T15:15:00+02:00,0,29,3,231,3,0,0,0,5,9,2,0,81,10,0,0,0,0,0,0,0,12,0
2026-09-04T15:15:00+02:00,2026-09-04T15:20:00+02:00,0,57,2,210,1,0,0,0,14,5,3,0,74,0,0,0,0,0,0,0,0,13,0
2026-09-04T15:20:00+02:00,2026-09-04T15:25:00+02:00,0,31,1,197,1,0,0,0,8,5,2,0,111,2,0,0,0,0,0,0,0,17,0
2026-09-04T15:25:00+02:00,2026-09-04T15:30:00+02:00,0,48,2,197,3,0,0,0,6,5,6,0,141,0,0,0,0,0,0,0,0,12,0
2026-09-04T15:30:00+02:00,2026-09-04T15:35:00+02:00,0,28,3,215,1,0,0,0,1,6,1,0,148,3,1,0,0,0,0,0,0,11,0
2026-09-04T15:35:00+02:00,2026-09-04T15:40:00+02:00,0,20,6,208,0,0,0,0,4,7,5,0,226,7,1,0,0,0,0,0,0,7,0
2026-09-04T15:40:00+02:00,2026-09-04T15:45:00+02:00,0,30,4,199,2,0,0,0,9,6,8,0,163,22,0,0,1,0,0,0,0,11,0
2026-09-04T15:45:00+02:00,2026-09-04T15:50:00+02:00,0,40,6,210,4,0,0,0,7,3,3,0,189,3,1,0,0,0,0,0,0,14,0
2026-09-04T15:50:00+02:00,2026-09-04T15:55:00+02:00,0,49,5,190,2,0,0,0,9,8,4,0,145,5,0,0,2,0,1,0,0,12,0
2026-09-04T15:55:00+02:00,2026-09-04T16:00:00+02:00,0,25,6,201,3,0,0,0,5,8,1,0,191,4,0,0,0,0,0,0,0,9,0
2026-09-04T16:00:00+02:00,2026-09-04T16:05:00+02:00,0,24,9,227,0,0,0,0,7,9,3,0,136,5,0,0,0,0,0,0,0,13,0
2026-09-04T16:05:00+02:00,2026-09-04T16:10:00+02:00,0,43,1,195,0,0,0,0,4,6,4,0,115,2,0,0,0,0,0,0,0,9,0
2026-09-04T16:10:00+02:00,2026-09-04T16:15:00+02:00,0,16,6,185,2,0,0,0,4,6,3,0,97,0,0,0,0,0,0,0,0,2,0
2026-09-04T16:15:00+02:00,2026-09-04T16:20:00+02:00,0,21,0,204,3,0,0,0,8,3,4,0,120,0,0,0,0,0,0,0,0,7,0
2026-09-04T16:20:00+02:00,2026-09-04T16:25:00+02:00,0,15,1,204,2,0,0,0,5,1,11,0,64,0,0,0,0,0,0,0,0,8,0
2026-09-04T16:25:00+02:00,2026-09-04T16:30:00+02:00,0,28,1,196,4,0,0,0,5,4,2,0,99,0,1,0,0,0,0,0,0,6,0
2026-09-04T16:30:00+02:00,2026-09-04T16:35:00+02:00,0,28,2,196,4,0,0,0,4,2,5,0,101,1,0,0,0,0,0,0,0,9,0
2026-09-04T16:35:00+02:00,2026-09-04T16:40:00+02:00,0,34,10,198,2,0,0,0,3,5,1,0,103,0,0,0,0,0,0,0,0,6,0
2026-09-04T16:40:00+02:00,2026-09-04T16:45:00+02:00,0,22,6,224,3,0,0,0,5,4,6,0,105,1,0,0,0,0,1,0,0,8,0
2026-09-04T16:45:00+02:00,2026-09-04T16:50:00+02:00,0,19,8,233,5,0,0,0,2,1,2,0,70,0,0,0,0,0,0,0,0,10,0
2026-09-04T16:50:00+02:00,2026-09-04T16:55:00+02:00,0,25,1,231,2,0,0,0,1,6,2,0,98,6,2,0,0,0,0,0,0,4,0
2026-09-04T16:55:00+02:00,2026-09-04T17:00:00+02:00,0,33,2,194,0,0,0,0,7,7,1,0,112,0,0,0,0,0,0,0,0,3,0
2026-09-04T17:00:00+02:00,2026-09-04T17:05:00+02:00,0,35,2,172,0,0,0,0,4,5,3,0,104,0,0,0,0,0,0,0,0,4,0
2026-09-04T17:05:00+02:00,2026-09-04T17:10:00+02:00,0,17,3,180,1,0,0,0,1,2,3,0,61,0,0,0,0,0,0,0,0,4,0
2026-09-04T17:10:00+02:00,2026-09-04T17:15:00+02:00,0,28,1,194,2,0,0,0,1,3,0,0,76,0,0,0,0,0,0,0,0,8,0
2026-09-04T17:15:00+02:00,2026-09-04T17:20:00+02:00,0,18,0,162,1,0,0,0,4,5,5,0,70,2,0,0,0,0,1,0,0,2,0
2026-09-04T17:20:00+02:00,2026-09-04T17:25:00+02:00,0,34,1,168,5,0,0,0,5,2,2,0,30,1,0,0,0,0,0,0,0,2,0
2026-09-04T17:25:00+02:00,2026-09-04T17:30:00+02:00,0,33,0,159,0,0,0,0,6,3,3,0,86,1,0,0,0,0,0,0,0,4,0
2026-09-04T17:30:00+02:00,2026-09-04T17:35:00+02:00,0,16,1,144,0,0,0,0,5,4,3,0,46,1,0,0,0,0,0,0,0,5,0
2026-09-04T17:35:00+02:00,2026-09-04T17:40:00+02:00,0,5,5,149,0,0,0,0,7,0,14,0,80,1,0,0,0,0,0,0,0,5,0
2026-09-04T17:40:00+02:00,2026-09-04T17:45:00+02:00,0,22,4,163,0,0,0,0,11,6,0,0,75,4,1,0,0,0,0,0,0,7,0
2026-09-04T17:45:00+02:00,2026-09-04T17:50:00+02:00,0,33,0,178,1,0,0,0,3,4,3,0,117,5,0,0,0,0,0,0,0,8,0
2026-09-04T17:50:00+02:00,2026-09-04T17:55:00+02:00,0,12,5,150,1,0,0,0,5,4,4,0,116,0,0,0,0,0,1,0,0,4,0
2026-09-04T17:55:00+02:00,2026-09-04T18:00:00+02:00,0,17,3,138,3,0,0,0,4,2,5,0,95,0,0,0,0,0,0,0,0,5,0
2026-09-04T18:00:00+02:00,2026-09-04T18:05:00+02:00,0,9,1,166,1,0,0,0,4,3,6,0,74,0,0,0,0,0,0,0,0,10,0
2026-09-04T18:05:00+02:00,2026-09-04T18:10:00+02:00,1,9,2,192,0,0,0,0,2,1,0,0,48,0,0,0,0,0,0,0,0,9,0
2026-09-04T18:10:00+02:00,2026-09-04T18:15:00+02:00,3,11,2,155,2,0,0,0,2,5,4,0,87,5,0,0,0,0,1,0,0,5,0
2026-09-04T18:15:00+02:00,2026-09-04T18:20:00+02:00,2,27,0,147,0,0,0,0,2,2,2,0,37,0,0,0,3,0,1,0,0,8,0
2026-09-04T18:20:00+02:00,2026-09-04T18:25:00+02:00,0,15,4,155,1,0,0,0,3,2,6,0,13,3,0,0,0,0,0,0,0,8,0
2026-09-04T18:25:00+02:00,2026-09-04T18:30:00+02:00,0,12,2,144,2,0,0,0,5,1,3,0,41,5,0,0,0,0,0,0,0,3,0
2026-09-04T18:30:00+02:00,2026-09-04T18:35:00+02:00,0,15,1,115,1,0,0,0,3,4,9,0,37,1,0,0,0,0,0,0,0,4,0
2026-09-04T18:35:00+02:00,2026-09-04T18:40:00+02:00,0,6,0,130,1,0,0,0,3,2,3,0,55,3,0,0,0,0,0,0,0,1,0
2026-09-04T18:40:00+02:00,2026-09-04T18:45:00+02:00,0,6,3,156,1,0,0,0,4,5,3,0,61,0,1,0,0,0,0,0,0,3,0
2026-09-04T18:45:00+02:00,2026-09-04T18:50:00+02:00,0,4,1,145,0,0,0,0,0,1,3,0,77,0,1,0,0,0,0,0,0,3,0
2026-09-04T18:50:00+02:00,2026-09-04T18:55:00+02:00,0,2,1,129,1,0,0,0,5,1,3,0,70,0,0,0,0,0,1,0,0,1,0
2026-09-04T18:55:00+02:00,2026-09-04T19:00:00+02:00,0,4,1,150,1,0,0,0,9,3,2,0,21,0,0,0,0,0,2,0,0,3,0
2026-09-04T19:00:00+02:00,2026-09-04T19:05:00+02:00,0,7,3,147,0,0,0,0,2,0,2,0,54,0,0,0,0,0,0,0,0,3,0
2026-09-04T19:05:00+02:00,2026-09-04T19:10:00+02:00,0,9,4,157,0,0,0,0,2,5,4,0,79,3,0,0,0,0,0,0,0,3,0
2026-09-04T19:10:00+02:00,2026-09-04T19:15:00+02:00,0,18,0,174,1,0,0,0,1,0,3,0,69,0,0,0,2,0,0,0,0,5,0
2026-09-04T19:15:00+02:00,2026-09-04T19:20:00+02:00,0,4,0,129,0,0,0,0,0,0,1,0,51,0,0,0,0,0,0,0,0,6,0
2026-09-04T19:20:00+02:00,2026-09-04T19:25:00+02:00,0,19,1,166,2,0,0,0,1,0,3,0,70,4,0,0,0,0,0,0,0,5,0
2026-09-04T19:25:00+02:00,2026-09-04T19:30:00+02:00,1,5,1,131,0,0,0,0,1,0,3,0,55,0,0,0,0,0,0,0,0,2,0
2026-09-04T19:30:00+02:00,2026-09-04T19:35:00+02:00,0,9,0,134,0,0,0,0,7,1,0,0,85,0,1,0,0,0,0,0,0,6,0
2026-09-04T19:35:00+02:00,2026-09-04T19:40:00+02:00,0,9,1,159,1,0,0,0,3,2,2,0,63,0,1,0,0,0,0,0,0,6,0
2026-09-04T19:40:00+02:00,2026-09-04T19:45:00+02:00,2,2,2,156,0,0,0,0,2,1,6,0,58,2,1,0,0,0,0,0,0,4,0
2026-09-04T19:45:00+02:00,2026-09-04T19:50:00+02:00,0,3,0,125,1,0,0,0,0,0,1,0,56,0,0,0,0,0,0,0,0,1,0
2026-09-04T19:50:00+02:00,2026-09-04T19:55:00+02:00,0,9,2,128,0,0,0,0,5,0,4,0,74,1,0,0,0,0,0,0,0,7,0
2026-09-04T19:55:00+02:00,2026-09-04T20:00:00+02:00,1,2,0,110,0,0,0,0,0,0,3,0,30,0,0,0,0,0,0,0,0,0,0
2026-09-04T20:00:00+02:00,2026-09-04T20:05:00+02:00,1,3,2,141,0,0,0,0,3,3,3,0,13,0,0,0,0,0,1,0,0,7,0
2026-09-04T20:05:00+02:00,2026-09-04T20:10:00+02:00,0,13,2,132,0,0,0,0,2,0,4,0,18,0,1,0,0,0,0,0,0,6,0
2026-09-04T20:10:00+02:00,2026-09-04T20:15:00+02:00,0,6,5,101,0,0,0,0,0,0,3,0,17,0,0,0,0,0,0,0,0,1,0
2026-09-04T20:15:00+02:00,2026-09-04T20:20:00+02:00,0,4,4,128,0,0,0,0,0,3,4,0,36,0,1,0,0,0,0,0,0,5,0
2026-09-04T20:20:00+02:00,2026-09-04T20:25:00+02:00,0,15,2,108,0,0,0,0,6,2,0,0,36,0,0,0,0,0,1,0,0,3,0
2026-09-04T20:25:00+02:00,2026-09-04T20:30:00+02:00,0,6,2,102,1,0,0,0,1,0,1,0,23,0,0,0,0,0,0,0,0,4,0
2026-09-04T20:30:00+02:00,2026-09-04T20:35:00+02:00,0,9,1,91,0,0,0,0,2,1,0,0,6,0,0,0,0,0,0,0,0,5,0
2026-09-04T20:35:00+02:00,2026-09-04T20:40:00+02:00,0,4,1,80,0,0,0,0,0,3,0,0,9,1,0,0,0,0,0,0,0,5,0
2026-09-04T20:40:00+02:00,2026-09-04T20:45:00+02:00,0,5,1,96,0,0,0,0,5,2,0,0,25,0,0,0,0,0,1,0,0,1,0
2026-09-04T20:45:00+02:00,2026-09-04T20:50:00+02:00,0,0,0,59,2,0,0,0,1,2,0,0,13,0,0,0,0,0,0,0,0,1,0
2026-09-04T20:50:00+02:00,2026-09-04T20:55:00+02:00,0,0,2,71,0,0,0,0,2,0,0,0,11,0,2,0,0,0,0,0,0,1,0
2026-09-04T20:55:00+02:00,2026-09-04T21:00:00+02:00,0,1,1,94,0,0,0,0,3,1,0,0,2,0,0,0,0,0,1,0,0,3,0
2026-09-04T21:00:00+02:00,2026-09-04T21:05:00+02:00,0,1,0,75,0,0,0,0,0,0,2,0,2,0,0,0,0,0,0,0,0,2,0
2026-09-04T21:05:00+02:00,2026-09-04T21:10:00+02:00,0,2,0,90,0,0,0,0,1,0,0,0,3,0,0,0,0,0,0,0,0,1,0
2026-09-04T21:10:00+02:00,2026-09-04T21:15:00+02:00,0,1,0,65,1,0,0,0,4,1,0,0,2,0,0,0,0,0,0,0,0,1,0
2026-09-04T21:15:00+02:00,2026-09-04T21:20:00+02:00,0,0,2,58,1,0,0,0,2,0,0,0,25,0,0,0,0,0,0,0,0,2,0
2026-09-04T21:20:00+02:00,2026-09-04T21:25:00+02:00,0,0,2,66,1,0,0,0,0,0,0,0,7,0,0,0,0,0,0,0,0,0,0
2026-09-04T21:25:00+02:00,2026-09-04T21:30:00+02:00,0,0,4,67,0,0,0,0,2,1,0,0,20,0,0,0,0,0,0,0,0,2,0
2026-09-04T21:30:00+02:00,2026-09-04T21:35:00+02:00,0,3,3,81,1,0,0,0,0,0,0,0,32,1,0,0,0,0,0,0,0,2,0
2026-09-04T21:35:00+02:00,2026-09-04T21:40:00+02:00,0,6,2,61,0,0,0,0,2,0,0,0,5,0,0,0,0,0,0,0,0,0,0
2026-09-04T21:40:00+02:00,2026-09-04T21:45:00+02:00,0,6,0,60,0,0,0,0,1,0,0,0,12,0,0,0,0,0,0,0,0,1,0
2026-09-04T21:45:00+02:00,2026-09-04T21:50:00+02:00,0,1,0,77,1,0,0,0,0,0,0,0,23,0,0,0,0,0,0,0,0,1,0
2026-09-04T21:50:00+02:00,2026-09-04T21:55:00+02:00,0,5,2,53,0,0,0,0,4,3,2,0,33,0,3,0,1,0,0,0,0,1,0
2026-09-04T21:55:00+02:00,2026-09-04T22:00:00+02:00,1,2,0,50,2,0,0,0,1,1,4,0,5,0,0,0,0,0,0,0,0,0,0
2026-09-04T22:00:00+02:00,2026-09-04T22:05:00+02:00,0,0,1,58,0,0,0,0,3,1,0,0,7,0,0,0,0,0,0,0,0,1,0
2026-09-04T22:05:00+02:00,2026-09-04T22:10:00+02:00,0,4,0,97,0,0,0,0,1,1,0,0,9,0,0,0,0,0,0,0,0,1,0
2026-09-04T22:10:00+02:00,2026-09-04T22:15:00+02:00,0,0,1,68,0,0,0,0,3,0,0,0,9,5,0,0,0,0,0,0,0,1,0
2026-09-04T22:15:00+02:00,2026-09-04T22:20:00+02:00,0,2,2,51,0,0,0,0,1,0,0,0,5,0,0,0,0,0,0,0,0,0,0
2026-09-04T22:20:00+02:00,2026-09-04T22:25:00+02:00,0,4,1,77,0,0,0,0,2,1,0,0,10,0,0,0,0,0,1,0,0,1,0
2026-09-04T22:25:00+02:00,2026-09-04T22:30:00+02:00,0,4,1,50,0,0,0,0,1,1,0,0,9,0,0,0,0,0,0,0,0,0,0
2026-09-04T22:30:00+02:00,2026-09-04T22:35:00+02:00,0,4,0,52,1,0,0,0,4,3,0,0,3,0,0,0,0,0,0,0,0,0,0
2026-09-04T22:35:00+02:00,2026-09-04T22:40:00+02:00,0,2,0,65,0,0,0,0,2,0,0,0,7,0,0,0,0,0,0,0,0,0,0
2026-09-04T22:40:00+02:00,2026-09-04T22:45:00+02:00,0,0,0,47,0,0,0,0,0,2,0,0,0,0,0,0,0,0,2,0,0,0,0
2026-09-04T22:45:00+02:00,2026-09-04T22:50:00+02:00,0,0,0,71,0,0,0,0,5,0,0,0,13,0,0,0,0,0,0,0,0,1,0
2026-09-04T22:50:00+02:00,2026-09-04T22:55:00+02:00,0,1,0,53,0,0,0,0,2,0,0,0,5,0,0,0,0,0,0,0,0,1,0
2026-09-04T22:55:00+02:00,2026-09-04T23:00:00+02:00,0,0,0,33,0,0,0,0,5,0,1,0,2,0,0,0,0,0,0,0,0,0,0
2026-09-04T23:00:00+02:00,2026-09-04T23:05:00+02:00,0,2,0,38,0,0,0,0,2,0,0,0,2,0,0,0,0,0,0,0,0,4,0
2026-09-04T23:05:00+02:00,2026-09-04T23:10:00+02:00,0,4,0,39,0,0,0,0,1,2,0,0,18,0,0,0,0,0,0,0,0,2,0
2026-09-04T23:10:00+02:00,2026-09-04T23:15:00+02:00,0,0,0,28,0,0,0,0,0,0,0,0,7,0,0,0,0,0,0,0,0,2,0
2026-09-04T23:15:00+02:00,2026-09-04T23:20:00+02:00,0,0,3,35,0,0,0,0,2,0,0,0,1,0,0,0,0,0,0,0,0,0,0
2026-09-04T23:20:00+02:00,2026-09-04T23:25:00+02:00,0,0,2,35,0,0,0,0,2,0,0,0,2,0,0,0,0,0,0,0,0,1,0
2026-09-04T23:25:00+02:00,2026-09-04T23:30:00+02:00,0,1,1,36,0,0,0,0,0,0,2,0,13,2,0,0,0,0,0,0,0,2,0
2026-09-04T23:30:00+02:00,2026-09-04T23:35:00+02:00,0,2,5,35,1,0,0,0,1,0,2,0,17,0,0,0,0,0,0,0,0,0,0
2026-09-04T23:35:00+02:00,2026-09-04T23:40:00+02:00,0,1,1,36,0,0,0,0,0,1,0,0,15,0,0,0,0,0,0,0,0,2,0
2026-09-04T23:40:00+02:00,2026-09-04T23:45:00+02:00,0,9,0,23,0,0,0,0,2,0,0,0,9,0,0,0,0,0,0,0,0,1,0
2026-09-04T23:45:00+02:00,2026-09-04T23:50:00+02:00,0,1,0,18,0,0,0,0,7,0,0,0,0,0,0,0,0,0,0,0,0,4,0
2026-09-04T23:50:00+02:00,2026-09-04T23:55:00+02:00,0,0,0,33,0,0,0,0,1,2,0,0,3,0,0,0,0,0,0,0,0,3,0
2026-09-04T23:55:00+02:00,2026-09-05T00:00:00+02:00,0,4,0,37,0,0,0,0,0,1,0,0,12,0,0,0,0,0,0,0,0,1,0
2026-09-05T00:00:00+02:00,2026-09-05T00:05:00+02:00,0,1,0,32,0,0,0,0,2,0,0,0,10,0,0,0,0,0,0,0,0,1,0
2026-09-05T00:05:00+02:00,2026-09-05T00:10:00+02:00,0,0,0,30,0,0,0,0,3,0,0,0,0,0,0,0,0,0,0,0,0,0,0
2026-09-05T00:10:00+02:00,2026-09-05T00:15:00+02:00,0,2,0,24,0,0,0,0,1,0,0,0,0,0,0,0,0,0,0,0,0,0,0
2026-09-05T00:15:00+02:00,2026-09-05T00:20:00+02:00,0,1,0,32,0,0,0,0,0,0,0,0,2,0,0,0,0,0,0,0,0,0,0
2026-09-05T00:20:00+02:00,2026-09-05T00:25:00+02:00,0,0,0,25,0,0,0,0,0,2,0,0,0,0,0,0,0,0,0,0,0,1,0
2026-09-05T00:25:00+02:00,2026-09-05T00:30:00+02:00,0,4,0,40,0,0,0,0,2,1,2,0,9,0,1,0,0,0,0,0,0,0,0
2026-09-05T00:30:00+02:00,2026-09-05T00:35:00+02:00,0,5,0,20,0,0,0,0,0,0,0,0,6,0,0,0,0,0,0,0,0,1,0
2026-09-05T00:35:00+02:00,2026-09-05T00:40:00+02:00,0,0,0,21,0,0,0,0,2,0,0,0,22,0,0,0,0,0,0,0,0,1,0
2026-09-05T00:40:00+02:00,2026-09-05T00:45:00+02:00,0,0,0,18,0,0,0,0,2,1,0,0,42,0,0,0,0,0,0,0,0,0,0
2026-09-05T00:45:00+02:00,2026-09-05T00:50:00+02:00,0,0,0,15,0,0,0,0,1,0,0,0,20,0,0,0,0,0,0,0,0,0,0
2026-09-05T00:50:00+02:00,2026-09-05T00:55:00+02:00,0,0,0,19,0,0,0,0,2,1,0,0,8,0,0,0,0,0,0,0,0,0,0
2026-09-05T00:55:00+02:00,2026-09-05T01:00:00+02:00,0,0,0,18,0,0,0,0,1,0,0,0,11,0,0,0,0,0,0,0,0,0,0
2026-09-05T01:00:00+02:00,2026-09-05T01:05:00+02:00,0,0,0,19,0,0,0,0,1,0,0,0,6,0,0,0,0,0,0,0,0,0,0
2026-09-05T01:05:00+02:00,2026-09-05T01:10:00+02:00,0,0,0,19,0,0,0,0,3,1,0,0,5,0,0,0,0,0,1,0,0,3,0
2026-09-05T01:10:00+02:00,2026-09-05T01:15:00+02:00,0,0,0,13,0,0,0,0,0,1,0,0,7,0,0,0,0,0,0,0,0,1,0
2026-09-05T01:15:00+02:00,2026-09-05T01:20:00+02:00,0,0,0,9,0,0,0,0,3,1,0,0,5,0,0,0,0,0,0,0,0,0,0
2026-09-05T01:20:00+02:00,2026-09-05T01:25:00+02:00,0,0,0,22,0,0,0,0,1,1,0,0,0,0,0,0,0,0,0,0,0,1,0
2026-09-05T01:25:00+02:00,2026-09-05T01:30:00+02:00,0,0,0,23,0,0,0,0,2,0,0,0,0,0,0,0,0,0,0,0,0,1,0
2026-09-05T01:30:00+02:00,2026-09-05T01:35:00+02:00,0,0,0,16,0,0,0,0,2,1,0,0,0,0,0,0,0,0,0,0,0,3,0
2026-09-05T01:35:00+02:00,2026-09-05T01:40:00+02:00,0,2,0,16,0,0,0,0,0,1,0,0,1,0,0,0,0,0,0,0,0,0,0
2026-09-05T01:40:00+02:00,2026-09-05T01:45:00+02:00,0,0,0,8,0,0,0,0,0,0,0,0,0,0,0,0,0,0,0,0,0,0,0
2026-09-05T01:45:00+02:00,2026-09-05T01:50:00+02:00,0,0,0,9,0,0,0,0,0,0,0,0,3,0,0,0,0,0,0,0,0,1,0
2026-09-05T01:50:00+02:00,2026-09-05T01:55:00+02:00,0,0,0,13,0,0,0,0,0,0,0,0,0,0,0,0,0,0,0,0,0,0,0
2026-09-05T01:55:00+02:00,2026-09-05T02:00:00+02:00,0,1,0,9,0,0,0,0,2,3,0,0,0,0,0,0,0,0,0,0,0,0,0
2026-09-05T02:00:00+02:00,2026-09-05T02:05:00+02:00,0,0,0,6,0,0,0,0,2,0,0,0,0,0,0,0,0,0,0,0,0,1,0
2026-09-05T02:05:00+02:00,2026-09-05T02:10:00+02:00,0,0,0,11,0,0,0,0,3,2,0,0,0,0,0,0,0,0,0,0,0,0,0
2026-09-05T02:10:00+02:00,2026-09-05T02:15:00+02:00,0,0,0,3,0,0,0,0,2,2,0,0,0,0,0,0,0,0,0,0,0,2,0
2026-09-05T02:15:00+02:00,2026-09-05T02:20:00+02:00,0,1,0,7,0,0,0,0,0,0,0,0,0,0,0,0,0,0,0,0,0,2,0
2026-09-05T02:20:00+02:00,2026-09-05T02:25:00+02:00,0,0,0,5,0,0,0,0,2,2,0,0,0,0,0,0,0,0,0,0,0,0,0
2026-09-05T02:25:00+02:00,2026-09-05T02:30:00+02:00,0,3,0,11,0,0,0,0,0,1,0,0,14,0,0,0,0,0,0,0,0,0,0
2026-09-05T02:30:00+02:00,2026-09-05T02:35:00+02:00,0,0,0,5,0,0,0,0,0,0,0,0,0,0,0,0,0,0,0,0,0,0,0
2026-09-05T02:35:00+02:00,2026-09-05T02:40:00+02:00,0,0,0,11,0,0,0,0,0,0,0,0,5,0,0,0,0,0,0,0,0,0,0
2026-09-05T02:40:00+02:00,2026-09-05T02:45:00+02:00,0,2,0,8,0,0,0,0,1,1,0,0,3,0,0,0,0,0,0,0,0,0,0
2026-09-05T02:45:00+02:00,2026-09-05T02:50:00+02:00,0,0,0,13,0,0,0,0,2,0,0,0,0,0,0,0,0,0,0,0,0,1,0
2026-09-05T02:50:00+02:00,2026-09-05T02:55:00+02:00,0,0,0,8,0,0,0,0,0,1,0,0,0,0,0,0,0,0,0,0,0,0,0
2026-09-05T02:55:00+02:00,2026-09-05T03:00:00+02:00,0,0,0,4,0,0,0,0,2,2,0,0,1,0,0,0,0,0,0,0,0,0,0
2026-09-05T03:00:00+02:00,2026-09-05T03:05:00+02:00,0,0,0,7,1,0,0,0,0,0,0,0,12,0,1,0,0,0,0,0,0,0,0
2026-09-05T03:05:00+02:00,2026-09-05T03:10:00+02:00,0,0,0,15,0,0,0,0,5,2,0,0,4,0,0,0,0,0,1,0,0,1,0
2026-09-05T03:10:00+02:00,2026-09-05T03:15:00+02:00,0,3,0,10,0,0,0,0,1,2,0,0,1,0,0,0,0,0,0,0,0,0,0
2026-09-05T03:15:00+02:00,2026-09-05T03:20:00+02:00,0,0,0,6,0,0,0,0,3,0,0,0,0,0,0,0,0,0,0,0,0,0,0
2026-09-05T03:20:00+02:00,2026-09-05T03:25:00+02:00,0,0,1,5,0,0,0,0,1,1,0,0,1,0,0,0,0,0,0,0,0,0,0
2026-09-05T03:25:00+02:00,2026-09-05T03:30:00+02:00,0,0,0,16,0,0,0,0,1,6,0,0,0,0,0,0,0,0,0,0,0,0,0
2026-09-05T03:30:00+02:00,2026-09-05T03:35:00+02:00,0,0,0,5,0,0,0,0,0,0,0,0,0,0,0,0,0,0,0,0,0,0,0
2026-09-05T03:35:00+02:00,2026-09-05T03:40:00+02:00,0,0,0,6,0,0,0,0,0,2,0,0,2,0,0,0,0,0,0,0,0,0,0
2026-09-05T03:40:00+02:00,2026-09-05T03:45:00+02:00,0,0,0,10,0,0,0,0,0,0,0,0,0,0,0,0,0,0,0,0,0,0,0
2026-09-05T03:45:00+02:00,2026-09-05T03:50:00+02:00,0,0,0,9,0,0,0,0,2,0,0,0,0,0,0,0,0,0,0,0,0,2,0
2026-09-05T03:50:00+02:00,2026-09-05T03:55:00+02:00,0,0,0,5,0,0,0,0,2,0,0,0,0,0,0,0,0,0,0,0,0,0,0
2026-09-05T03:55:00+02:00,2026-09-05T04:00:00+02:00,0,0,0,14,0,0,0,0,2,0,0,0,4,0,0,0,0,0,0,0,0,0,0
2026-09-05T04:00:00+02:00,2026-09-05T04:05:00+02:00,0,0,0,10,0,0,0,0,1,0,0,0,1,0,0,0,0,0,0,0,0,0,0
2026-09-05T04:05:00+02:00,2026-09-05T04:10:00+02:00,0,0,0,10,0,0,0,0,2,3,0,0,0,0,0,0,0,0,2,0,0,0,0
2026-09-05T04:10:00+02:00,2026-09-05T04:15:00+02:00,0,0,2,13,0,0,0,0,0,1,0,0,0,0,0,0,0,0,0,0,0,2,0
2026-09-05T04:15:00+02:00,2026-09-05T04:20:00+02:00,0,3,0,9,0,0,0,0,2,1,0,0,1,0,0,0,0,0,0,0,0,0,0
2026-09-05T04:20:00+02:00,2026-09-05T04:25:00+02:00,0,0,2,6,0,0,0,0,0,1,0,0,0,0,0,0,0,0,0,0,0,0,0
2026-09-05T04:25:00+02:00,2026-09-05T04:30:00+02:00,0,0,0,7,1,0,0,0,3,0,0,0,6,1,0,0,0,0,0,0,0,0,0
2026-09-05T04:30:00+02:00,2026-09-05T04:35:00+02:00,0,0,0,19,0,0,0,0,2,0,0,0,3,0,0,0,0,0,0,0,0,1,0
2026-09-05T04:35:00+02:00,2026-09-05T04:40:00+02:00,0,0,2,13,0,0,0,0,0,0,0,0,0,0,0,0,0,0,0,0,0,0,0
2026-09-05T04:40:00+02:00,2026-09-05T04:45:00+02:00,1,0,1,19,0,0,0,0,3,1,0,0,2,0,0,0,0,0,0,0,0,1,0
2026-09-05T04:45:00+02:00,2026-09-05T04:50:00+02:00,0,0,0,18,0,0,0,0,2,1,0,0,1,0,0,0,0,0,1,0,0,4,0
2026-09-05T04:50:00+02:00,2026-09-05T04:55:00+02:00,0,0,0,11,0,0,0,0,2,4,0,0,3,0,0,0,0,0,1,0,0,0,0
2026-09-05T04:55:00+02:00,2026-09-05T05:00:00+02:00,0,4,0,18,0,0,0,0,4,3,0,0,3,0,0,0,0,0,0,0,0,1,0
2026-09-05T05:00:00+02:00,2026-09-05T05:05:00+02:00,0,0,1,17,0,0,0,0,0,2,0,0,6,0,0,0,0,0,0,0,0,3,0
2026-09-05T05:05:00+02:00,2026-09-05T05:10:00+02:00,0,0,0,20,0,0,0,0,1,0,0,0,1,0,0,0,0,0,0,0,0,0,0
2026-09-05T05:10:00+02:00,2026-09-05T05:15:00+02:00,0,1,2,21,0,0,0,0,2,4,0,0,1,0,0,0,0,0,0,0,0,3,0
2026-09-05T05:15:00+02:00,2026-09-05T05:20:00+02:00,0,0,3,22,0,0,0,0,4,2,0,0,0,0,0,0,0,0,0,0,0,1,0
2026-09-05T05:20:00+02:00,2026-09-05T05:25:00+02:00,0,1,1,30,0,0,0,0,0,0,0,0,4,0,0,0,0,0,0,0,0,3,0
2026-09-05T05:25:00+02:00,2026-09-05T05:30:00+02:00,0,0,7,26,0,0,0,0,2,1,0,0,3,0,0,0,0,0,0,0,0,2,0
2026-09-05T05:30:00+02:00,2026-09-05T05:35:00+02:00,0,0,4,31,0,0,0,0,5,2,0,0,2,0,0,0,0,0,0,0,0,3,0
2026-09-05T05:35:00+02:00,2026-09-05T05:40:00+02:00,0,0,0,39,0,0,0,0,1,1,0,0,2,0,0,0,0,0,0,0,0,1,0
2026-09-05T05:40:00+02:00,2026-09-05T05:45:00+02:00,0,6,1,35,0,0,0,0,0,0,0,0,0,0,0,0,0,0,0,0,0,5,0
2026-09-05T05:45:00+02:00,2026-09-05T05:50:00+02:00,0,0,1,33,0,0,0,0,4,3,0,0,11,0,0,0,0,0,1,0,0,2,0
2026-09-05T05:50:00+02:00,2026-09-05T05:55:00+02:00,0,0,0,23,0,0,0,0,5,3,0,0,9,0,0,0,0,0,0,0,0,2,0
2026-09-05T05:55:00+02:00,2026-09-05T06:00:00+02:00,0,2,0,25,0,0,0,0,3,1,0,0,14,0,0,0,0,0,0,0,0,2,0
2026-09-05T06:00:00+02:00,2026-09-05T06:05:00+02:00,0,3,2,26,0,0,0,0,2,1,2,0,17,0,0,0,0,0,0,0,0,3,0
2026-09-05T06:05:00+02:00,2026-09-05T06:10:00+02:00,0,10,0,49,0,0,0,0,1,5,0,0,11,0,0,0,0,0,1,0,0,6,0
2026-09-05T06:10:00+02:00,2026-09-05T06:15:00+02:00,0,3,1,34,0,0,0,0,2,2,4,0,1,0,0,0,0,0,0,0,0,2,0
2026-09-05T06:15:00+02:00,2026-09-05T06:20:00+02:00,0,7,5,36,4,0,0,0,3,4,0,0,24,0,0,0,0,0,2,0,0,9,0
2026-09-05T06:20:00+02:00,2026-09-05T06:25:00+02:00,0,0,0,33,2,0,0,0,2,2,0,0,8,0,0,0,0,0,0,0,0,8,0
2026-09-05T06:25:00+02:00,2026-09-05T06:30:00+02:00,0,0,1,38,1,0,0,0,2,2,0,0,2,0,0,0,0,0,0,0,0,5,0
2026-09-05T06:30:00+02:00,2026-09-05T06:35:00+02:00,0,2,4,40,0,0,0,0,5,4,2,0,11,0,0,0,0,0,0,0,0,6,0
2026-09-05T06:35:00+02:00,2026-09-05T06:40:00+02:00,0,0,3,49,0,0,0,0,4,3,0,0,21,0,0,0,0,0,0,0,0,1,0
2026-09-05T06:40:00+02:00,2026-09-05T06:45:00+02:00,0,0,3,56,0,0,0,0,2,4,0,0,23,0,0,0,0,0,0,0,0,1,0
2026-09-05T06:45:00+02:00,2026-09-05T06:50:00+02:00,0,2,3,50,1,0,0,0,1,2,1,0,10,0,0,0,0,0,0,0,0,2,0
2026-09-05T06:50:00+02:00,2026-09-05T06:55:00+02:00,0,1,0,56,2,0,0,0,4,1,0,0,11,0,0,0,0,0,0,0,0,5,0
2026-09-05T06:55:00+02:00,2026-09-05T07:00:00+02:00,0,0,1,70,1,0,0,0,1,6,0,0,24,0,0,0,1,0,0,0,0,2,0
2026-09-05T07:00:00+02:00,2026-09-05T07:05:00+02:00,0,4,0,72,1,0,0,0,2,1,0,0,27,0,0,0,0,0,0,0,0,9,0
2026-09-05T07:05:00+02:00,2026-09-05T07:10:00+02:00,0,2,2,56,0,0,0,0,4,3,0,0,39,0,0,0,0,0,0,0,0,3,0
2026-09-05T07:10:00+02:00,2026-09-05T07:15:00+02:00,0,0,0,58,1,0,0,0,2,2,0,0,39,0,0,0,0,0,0,0,0,3,0
2026-09-05T07:15:00+02:00,2026-09-05T07:20:00+02:00,0,3,2,70,0,0,0,0,0,3,1,0,9,0,0,0,0,0,1,0,0,5,1
2026-09-05T07:20:00+02:00,2026-09-05T07:25:00+02:00,0,15,4,69,1,0,0,0,3,3,2,0,37,0,0,0,0,0,0,0,0,4,0
2026-09-05T07:25:00+02:00,2026-09-05T07:30:00+02:00,0,4,3,81,2,0,0,0,5,4,2,0,18,0,0,0,0,0,3,0,0,3,0
2026-09-05T07:30:00+02:00,2026-09-05T07:35:00+02:00,0,3,2,73,0,0,0,0,2,2,0,0,26,0,0,0,0,0,0,0,0,8,0
2026-09-05T07:35:00+02:00,2026-09-05T07:40:00+02:00,0,5,1,74,1,0,0,0,3,1,1,0,41,0,0,0,0,0,0,0,0,8,0
2026-09-05T07:40:00+02:00,2026-09-05T07:45:00+02:00,0,3,2,80,0,0,0,0,4,1,0,0,74,0,0,0,0,0,0,0,0,3,0
2026-09-05T07:45:00+02:00,2026-09-05T07:50:00+02:00,0,6,2,111,2,0,0,0,2,1,0,0,60,0,0,0,0,0,0,0,0,0,0
2026-09-05T07:50:00+02:00,2026-09-05T07:55:00+02:00,0,11,3,98,1,0,0,0,1,1,1,0,50,0,0,0,0,0,0,0,0,5,0
2026-09-05T07:55:00+02:00,2026-09-05T08:00:00+02:00,0,8,3,109,0,0,0,0,4,4,1,0,55,8,1,0,0,0,0,0,0,6,0
2026-09-05T08:00:00+02:00,2026-09-05T08:05:00+02:00,0,11,2,87,4,0,0,0,4,0,1,0,39,1,0,0,0,0,0,0,0,3,0
2026-09-05T08:05:00+02:00,2026-09-05T08:10:00+02:00,0,5,1,82,1,0,0,0,2,3,0,0,36,0,0,0,0,0,0,0,0,4,0
2026-09-05T08:10:00+02:00,2026-09-05T08:15:00+02:00,0,6,2,105,2,0,0,0,5,4,0,0,17,0,0,0,0,0,0,0,0,1,0
2026-09-05T08:15:00+02:00,2026-09-05T08:20:00+02:00,0,0,2,112,0,0,0,0,3,2,0,0,33,0,0,0,0,0,0,0,0,4,0
2026-09-05T08:20:00+02:00,2026-09-05T08:25:00+02:00,0,2,4,136,1,0,0,0,0,0,0,0,20,0,0,0,1,0,0,0,0,3,0
2026-09-05T08:25:00+02:00,2026-09-05T08:30:00+02:00,0,6,0,134,5,0,0,0,2,1,1,0,39,0,0,0,0,0,0,0,0,3,0
2026-09-05T08:30:00+02:00,2026-09-05T08:35:00+02:00,0,1,2,118,1,0,0,0,1,3,0,0,28,0,0,0,0,0,0,0,0,7,0
2026-09-05T08:35:00+02:00,2026-09-05T08:40:00+02:00,0,5,0,150,2,0,0,0,5,2,1,0,14,0,0,0,0,0,0,0,0,8,0
2026-09-05T08:40:00+02:00,2026-09-05T08:45:00+02:00,0,4,1,126,1,0,0,0,1,5,0,0,48,0,0,0,0,0,0,0,0,8,0
2026-09-05T08:45:00+02:00,2026-09-05T08:50:00+02:00,0,9,2,116,3,0,0,0,2,2,0,0,39,0,2,0,0,0,0,0,0,10,0
2026-09-05T08:50:00+02:00,2026-09-05T08:55:00+02:00,0,5,1,157,3,0,0,0,3,2,0,0,32,0,0,0,0,0,0,0,0,2,0
2026-09-05T08:55:00+02:00,2026-09-05T09:00:00+02:00,0,7,2,149,4,0,0,0,1,4,0,0,51,0,0,0,0,0,1,0,0,7,0
2026-09-05T09:00:00+02:00,2026-09-05T09:05:00+02:00,0,2,1,141,1,0,0,0,5,1,0,0,23,0,0,0,0,0,0,0,0,10,0
2026-09-05T09:05:00+02:00,2026-09-05T09:10:00+02:00,1,2,0,162,2,0,0,0,2,3,0,0,58,0,0,0,0,0,1,0,0,7,0
2026-09-05T09:10:00+02:00,2026-09-05T09:15:00+02:00,0,8,2,158,1,0,0,0,2,2,0,0,73,0,0,0,0,0,0,0,0,3,0
2026-09-05T09:15:00+02:00,2026-09-05T09:20:00+02:00,0,20,1,174,1,0,0,0,2,0,0,0,109,0,0,0,2,0,0,0,0,7,0
2026-09-05T09:20:00+02:00,2026-09-05T09:25:00+02:00,0,0,0,153,3,0,0,0,3,0,7,0,48,8,0,0,0,0,0,0,0,7,0
2026-09-05T09:25:00+02:00,2026-09-05T09:30:00+02:00,0,8,0,166,0,0,0,0,1,3,0,0,79,0,0,0,0,0,0,0,0,13,0
2026-09-05T09:30:00+02:00,2026-09-05T09:35:00+02:00,0,3,0,150,3,0,0,0,2,2,0,0,68,0,0,0,2,0,0,0,0,9,0
2026-09-05T09:35:00+02:00,2026-09-05T09:40:00+02:00,0,7,0,154,3,0,0,0,1,3,0,0,58,0,0,0,0,0,0,0,0,3,0
2026-09-05T09:40:00+02:00,2026-09-05T09:45:00+02:00,0,12,2,184,1,0,0,0,3,2,3,0,65,0,0,0,0,0,0,0,0,5,0
2026-09-05T09:45:00+02:00,2026-09-05T09:50:00+02:00,0,4,0,178,3,0,0,0,0,1,0,0,66,0,0,0,0,0,0,0,0,7,0
2026-09-05T09:50:00+02:00,2026-09-05T09:55:00+02:00,0,12,0,194,2,0,0,0,1,2,0,0,64,1,0,0,0,0,0,0,0,9,0
2026-09-05T09:55:00+02:00,2026-09-05T10:00:00+02:00,0,2,0,189,3,0,0,0,0,3,2,0,37,0,0,0,0,0,0,0,0,11,0
2026-09-05T10:00:00+02:00,2026-09-05T10:05:00+02:00,0,4,5,172,2,0,0,0,1,1,3,0,62,3,0,0,0,0,0,0,0,4,0
2026-09-05T10:05:00+02:00,2026-09-05T10:10:00+02:00,0,5,4,185,1,0,0,0,0,3,2,0,51,0,0,0,0,0,0,0,0,8,0
2026-09-05T10:10:00+02:00,2026-09-05T10:15:00+02:00,0,6,2,182,2,0,0,0,3,0,1,0,47,0,0,0,0,0,0,0,0,2,0
2026-09-05T10:15:00+02:00,2026-09-05T10:20:00+02:00,0,7,0,195,1,0,0,0,2,2,4,0,43,0,0,0,0,0,0,0,0,5,0
2026-09-05T10:20:00+02:00,2026-09-05T10:25:00+02:00,0,4,2,194,0,0,0,0,2,0,2,0,55,0,0,0,0,0,0,0,0,9,0
2026-09-05T10:25:00+02:00,2026-09-05T10:30:00+02:00,0,8,1,175,2,0,0,0,1,0,3,0,57,3,0,0,0,0,0,0,0,6,0
2026-09-05T10:30:00+02:00,2026-09-05T10:35:00+02:00,0,13,0,221,4,1,0,0,3,3,0,0,60,0,0,0,0,0,0,0,0,8,0
2026-09-05T10:35:00+02:00,2026-09-05T10:40:00+02:00,0,8,0,180,2,0,0,0,7,5,0,0,74,0,0,0,0,0,1,0,0,5,0
2026-09-05T10:40:00+02:00,2026-09-05T10:45:00+02:00,3,10,0,202,0,0,0,0,1,1,0,0,67,0,0,0,0,0,0,0,0,10,0
2026-09-05T10:45:00+02:00,2026-09-05T10:50:00+02:00,0,13,2,184,1,0,0,0,3,1,4,0,57,0,0,0,0,0,0,0,0,10,0
2026-09-05T10:50:00+02:00,2026-09-05T10:55:00+02:00,0,11,1,172,3,0,0,0,1,1,0,0,86,0,0,0,0,0,0,0,0,5,0
2026-09-05T10:55:00+02:00,2026-09-05T11:00:00+02:00,0,7,0,201,4,0,0,0,3,0,0,0,98,0,0,0,0,0,0,0,0,2,0
2026-09-05T11:00:00+02:00,2026-09-05T11:05:00+02:00,0,10,3,212,0,0,0,0,1,4,4,0,55,0,0,0,0,0,0,0,0,5,0
2026-09-05T11:05:00+02:00,2026-09-05T11:10:00+02:00,0,2,3,191,2,0,0,0,2,3,0,0,70,0,0,0,0,0,0,0,0,11,0
2026-09-05T11:10:00+02:00,2026-09-05T11:15:00+02:00,0,15,0,176,2,0,0,0,2,0,1,0,62,6,0,0,0,0,0,0,0,5,0
2026-09-05T11:15:00+02:00,2026-09-05T11:20:00+02:00,0,7,1,163,4,0,0,0,5,8,0,0,71,1,0,0,0,0,0,0,0,10,0
2026-09-05T11:20:00+02:00,2026-09-05T11:25:00+02:00,0,8,0,168,6,0,0,0,2,1,8,0,95,0,0,0,0,0,0,0,0,14,0
2026-09-05T11:25:00+02:00,2026-09-05T11:30:00+02:00,0,5,1,185,3,0,0,0,2,2,0,0,66,0,0,0,0,0,0,0,0,4,0
2026-09-05T11:30:00+02:00,2026-09-05T11:35:00+02:00,1,19,0,178,2,0,0,0,2,3,3,0,61,0,0,0,2,0,0,0,0,2,0
2026-09-05T11:35:00+02:00,2026-09-05T11:40:00+02:00,0,7,0,163,2,0,0,0,1,3,3,0,54,2,3,0,0,0,0,0,0,6,0
2026-09-05T11:40:00+02:00,2026-09-05T11:45:00+02:00,0,8,1,155,1,0,0,0,2,0,10,0,86,0,0,0,0,0,0,0,0,6,0
2026-09-05T11:45:00+02:00,2026-09-05T11:50:00+02:00,0,10,0,163,3,0,0,0,3,6,7,0,48,0,2,0,0,0,0,0,0,5,0
2026-09-05T11:50:00+02:00,2026-09-05T11:55:00+02:00,0,16,4,193,2,0,0,0,0,3,0,0,60,0,2,0,0,0,0,0,0,3,0
2026-09-05T11:55:00+02:00,2026-09-05T12:00:00+02:00,0,11,2,171,0,0,0,0,2,3,2,0,58,0,0,0,0,0,0,0,0,3,0
2026-09-05T12:00:00+02:00,2026-09-05T12:05:00+02:00,0,4,0,160,3,0,0,0,1,1,2,0,50,0,0,0,0,0,0,0,0,3,0
2026-09-05T12:05:00+02:00,2026-09-05T12:10:00+02:00,0,2,4,141,1,0,0,0,0,1,2,0,70,0,0,0,0,0,0,0,0,1,0
2026-09-05T12:10:00+02:00,2026-09-05T12:15:00+02:00,0,2,2,175,0,0,0,0,2,4,2,0,56,0,0,0,0,0,0,0,0,4,0
2026-09-05T12:15:00+02:00,2026-09-05T12:20:00+02:00,0,11,0,178,0,0,0,0,2,2,13,0,75,0,0,0,0,0,0,0,0,6,0
2026-09-05T12:20:00+02:00,2026-09-05T12:25:00+02:00,3,2,2,176,1,0,0,0,2,1,0,0,82,0,0,0,1,0,0,0,0,3,0
2026-09-05T12:25:00+02:00,2026-09-05T12:30:00+02:00,0,10,2,157,2,0,0,0,2,2,0,0,41,0,0,0,0,0,0,0,0,6,0
2026-09-05T12:30:00+02:00,2026-09-05T12:35:00+02:00,0,2,0,166,0,0,0,0,4,2,1,0,66,0,0,0,0,0,0,0,0,5,0
2026-09-05T12:35:00+02:00,2026-09-05T12:40:00+02:00,0,12,1,178,0,0,0,0,3,2,3,0,53,0,0,0,0,0,0,0,0,5,0
2026-09-05T12:40:00+02:00,2026-09-05T12:45:00+02:00,0,8,1,147,2,0,0,0,1,2,0,0,57,0,0,0,0,0,0,0,0,5,0
2026-09-05T12:45:00+02:00,2026-09-05T12:50:00+02:00,0,0,1,158,3,0,0,0,2,1,2,0,56,0,0,0,0,0,0,0,0,2,0
2026-09-05T12:50:00+02:00,2026-09-05T12:55:00+02:00,0,6,0,127,0,0,0,0,1,1,4,0,84,0,0,0,1,0,0,0,0,6,0
2026-09-05T12:55:00+02:00,2026-09-05T13:00:00+02:00,0,1,1,165,1,0,0,0,0,2,2,0,51,0,0,0,0,0,0,0,0,10,0
2026-09-05T13:00:00+02:00,2026-09-05T13:05:00+02:00,0,6,2,130,0,0,0,0,0,2,3,0,52,0,0,0,0,0,0,0,0,3,0
2026-09-05T13:05:00+02:00,2026-09-05T13:10:00+02:00,0,11,1,129,3,0,0,0,0,0,2,0,70,0,0,0,0,0,0,0,0,2,0
2026-09-05T13:10:00+02:00,2026-09-05T13:15:00+02:00,0,5,3,141,0,0,0,0,3,0,0,0,69,0,0,0,0,0,0,0,0,3,0
2026-09-05T13:15:00+02:00,2026-09-05T13:20:00+02:00,0,1,2,122,0,0,0,0,1,0,1,0,65,0,0,0,0,0,0,0,0,3,0
2026-09-05T13:20:00+02:00,2026-09-05T13:25:00+02:00,0,0,0,149,0,0,0,0,2,0,0,0,70,0,0,0,0,0,0,0,0,2,0
2026-09-05T13:25:00+02:00,2026-09-05T13:30:00+02:00,0,4,1,140,0,0,0,0,0,0,3,0,58,0,0,0,3,0,1,0,0,5,0
2026-09-05T13:30:00+02:00,2026-09-05T13:35:00+02:00,0,13,1,151,1,0,0,0,1,2,6,0,46,0,0,0,1,0,0,0,0,4,0
2026-09-05T13:35:00+02:00,2026-09-05T13:40:00+02:00,0,10,0,129,0,0,0,0,0,3,0,0,53,0,0,0,0,0,0,0,0,4,0
2026-09-05T13:40:00+02:00,2026-09-05T13:45:00+02:00,0,6,4,126,0,0,0,0,0,0,17,0,66,0,0,0,2,0,0,0,0,2,0
2026-09-05T13:45:00+02:00,2026-09-05T13:50:00+02:00,0,2,0,136,0,0,0,0,0,2,4,0,104,0,0,0,0,0,0,0,0,2,0
2026-09-05T13:50:00+02:00,2026-09-05T13:55:00+02:00,0,3,1,166,0,0,0,0,2,1,4,0,65,0,0,0,0,0,0,0,0,2,0
2026-09-05T13:55:00+02:00,2026-09-05T14:00:00+02:00,0,2,0,145,2,0,0,0,2,2,6,0,63,0,0,0,0,0,0,0,0,2,0
2026-09-05T14:00:00+02:00,2026-09-05T14:05:00+02:00,0,15,1,175,0,0,0,0,0,6,0,0,64,0,0,0,0,0,0,0,0,4,0
2026-09-05T14:05:00+02:00,2026-09-05T14:10:00+02:00,0,10,2,143,1,0,0,0,0,0,4,0,58,0,0,0,0,0,0,0,0,1,0
2026-09-05T14:10:00+02:00,2026-09-05T14:15:00+02:00,0,11,2,156,3,0,0,0,2,0,7,0,91,0,0,0,1,0,0,0,0,4,0
2026-09-05T14:15:00+02:00,2026-09-05T14:20:00+02:00,0,8,3,161,2,0,0,0,0,1,0,0,41,0,1,0,0,0,0,0,0,3,0
2026-09-05T14:20:00+02:00,2026-09-05T14:25:00+02:00,0,9,3,132,0,0,0,0,1,0,9,0,36,0,2,0,0,0,0,0,0,7,0
2026-09-05T14:25:00+02:00,2026-09-05T14:30:00+02:00,0,0,3,158,2,0,0,0,2,2,2,0,23,0,0,0,0,0,0,0,0,8,0
2026-09-05T14:30:00+02:00,2026-09-05T14:35:00+02:00,0,10,3,155,0,0,0,0,2,1,5,0,30,0,0,0,0,0,0,0,0,5,0
2026-09-05T14:35:00+02:00,2026-09-05T14:40:00+02:00,0,7,3,150,2,0,0,0,0,1,1,0,88,7,1,0,0,0,0,0,0,3,0
2026-09-05T14:40:00+02:00,2026-09-05T14:45:00+02:00,0,8,3,135,0,0,0,0,1,0,3,0,47,0,1,0,0,0,0,0,0,1,0
2026-09-05T14:45:00+02:00,2026-09-05T14:50:00+02:00,0,8,1,153,1,0,0,0,2,2,0,0,31,0,0,0,0,0,0,0,0,2,0
2026-09-05T14:50:00+02:00,2026-09-05T14:55:00+02:00,0,2,1,160,1,0,0,0,2,1,4,0,34,0,0,0,0,0,0,0,0,6,0
2026-09-05T14:55:00+02:00,2026-09-05T15:00:00+02:00,0,8,1,155,0,0,0,0,0,2,1,0,53,5,0,0,0,0,0,0,0,2,0
2026-09-05T15:00:00+02:00,2026-09-05T15:05:00+02:00,0,11,2,147,2,0,0,0,0,2,4,0,12,0,0,0,0,0,0,0,0,2,0
2026-09-05T15:05:00+02:00,2026-09-05T15:10:00+02:00,0,15,3,132,1,0,0,0,0,3,1,0,38,0,0,0,0,0,0,0,0,0,0
2026-09-05T15:10:00+02:00,2026-09-05T15:15:00+02:00,0,10,2,160,0,0,0,0,0,0,5,0,25,5,0,0,0,0,0,0,0,2,0
2026-09-05T15:15:00+02:00,2026-09-05T15:20:00+02:00,0,10,2,161,0,0,0,0,0,1,10,0,61,0,0,0,0,0,0,0,0,0,0
2026-09-05T15:20:00+02:00,2026-09-05T15:25:00+02:00,0,0,2,141,1,0,0,0,1,0,4,0,5,0,0,0,0,0,0,0,0,5,0
2026-09-05T15:25:00+02:00,2026-09-05T15:30:00+02:00,0,6,2,147,2,0,0,0,4,1,2,0,52,0,0,0,0,0,0,0,0,2,0
2026-09-05T15:30:00+02:00,2026-09-05T15:35:00+02:00,0,10,0,145,1,0,0,0,0,1,5,0,68,0,0,0,0,0,0,0,0,4,0
2026-09-05T15:35:00+02:00,2026-09-05T15:40:00+02:00,0,15,2,145,2,0,0,0,0,3,3,0,74,0,0,0,0,0,0,0,0,3,0
2026-09-05T15:40:00+02:00,2026-09-05T15:45:00+02:00,0,9,2,154,1,0,0,0,0,1,2,0,18,0,1,0,0,0,0,0,0,3,0
2026-09-05T15:45:00+02:00,2026-09-05T15:50:00+02:00,0,6,1,164,2,0,0,0,0,0,14,0,81,1,0,0,0,0,0,0,0,5,0
2026-09-05T15:50:00+02:00,2026-09-05T15:55:00+02:00,0,11,2,152,3,0,0,0,0,1,2,0,67,0,0,0,0,0,0,0,0,6,0
2026-09-05T15:55:00+02:00,2026-09-05T16:00:00+02:00,0,9,3,178,1,0,0,0,1,0,2,0,74,2,0,0,0,0,0,0,0,6,0
2026-09-05T16:00:00+02:00,2026-09-05T16:05:00+02:00,0,10,3,130,0,0,0,0,0,0,2,0,73,0,0,0,0,0,0,0,0,5,0
2026-09-05T16:05:00+02:00,2026-09-05T16:10:00+02:00,0,3,3,122,1,0,0,0,0,6,0,0,39,2,0,0,0,0,0,0,0,4,0
2026-09-05T16:10:00+02:00,2026-09-05T16:15:00+02:00,0,9,1,152,1,0,0,0,1,0,2,0,29,0,0,0,0,0,0,0,0,6,0
2026-09-05T16:15:00+02:00,2026-09-05T16:20:00+02:00,1,3,1,138,0,0,0,0,0,1,4,0,104,1,0,0,0,0,0,0,0,3,0
2026-09-05T16:20:00+02:00,2026-09-05T16:25:00+02:00,0,5,1,140,2,0,0,0,0,1,2,0,14,0,0,0,0,0,1,0,0,8,0
2026-09-05T16:25:00+02:00,2026-09-05T16:30:00+02:00,0,7,2,135,0,0,0,0,0,1,0,0,8,0,0,0,0,0,0,0,0,7,0
2026-09-05T16:30:00+02:00,2026-09-05T16:35:00+02:00,0,4,2,124,0,0,0,0,0,2,3,0,14,0,1,0,0,0,0,0,0,7,0
2026-09-05T16:35:00+02:00,2026-09-05T16:40:00+02:00,0,10,2,135,1,0,0,0,0,1,1,0,27,0,0,0,0,0,0,0,0,2,0
2026-09-05T16:40:00+02:00,2026-09-05T16:45:00+02:00,0,9,1,134,2,0,0,0,0,3,2,0,21,0,0,0,0,0,0,0,0,0,0
2026-09-05T16:45:00+02:00,2026-09-05T16:50:00+02:00,0,11,3,137,0,0,0,0,1,1,1,0,45,0,0,0,0,0,0,0,0,1,0
2026-09-05T16:50:00+02:00,2026-09-05T16:55:00+02:00,0,18,1,123,3,0,0,0,0,0,3,0,41,0,0,0,0,0,0,0,0,5,0
2026-09-05T16:55:00+02:00,2026-09-05T17:00:00+02:00,0,4,2,141,0,0,0,0,1,3,3,0,24,0,0,0,0,0,1,0,0,4,0
2026-09-05T17:00:00+02:00,2026-09-05T17:05:00+02:00,0,4,1,127,0,0,0,0,0,2,1,0,42,0,0,0,0,0,0,0,0,0,0
2026-09-05T17:05:00+02:00,2026-09-05T17:10:00+02:00,0,15,2,138,1,0,0,0,2,0,0,0,27,1,0,0,0,0,0,0,0,3,0
2026-09-05T17:10:00+02:00,2026-09-05T17:15:00+02:00,0,10,2,135,0,0,0,0,0,2,3,0,35,0,0,0,0,0,0,0,0,3,0
2026-09-05T17:15:00+02:00,2026-09-05T17:20:00+02:00,0,5,2,155,0,0,0,0,0,0,0,0,7,0,0,0,0,0,0,0,0,3,0
2026-09-05T17:20:00+02:00,2026-09-05T17:25:00+02:00,0,4,2,137,0,0,0,0,1,1,6,0,61,0,0,0,0,0,0,0,0,3,0
2026-09-05T17:25:00+02:00,2026-09-05T17:30:00+02:00,0,4,0,149,1,0,0,0,0,0,5,0,86,0,0,0,0,0,0,0,0,2,0
2026-09-05T17:30:00+02:00,2026-09-05T17:35:00+02:00,0,3,0,147,3,0,0,0,0,1,6,0,35,3,0,0,0,0,0,0,0,0,0
2026-09-05T17:35:00+02:00,2026-09-05T17:40:00+02:00,0,3,1,167,0,0,0,0,1,0,15,0,67,0,0,0,0,0,0,0,0,4,0
2026-09-05T17:40:00+02:00,2026-09-05T17:45:00+02:00,0,7,2,151,1,0,0,0,0,0,4,0,81,0,0,0,0,0,0,0,0,1,0
2026-09-05T17:45:00+02:00,2026-09-05T17:50:00+02:00,0,5,1,146,0,0,0,0,0,0,1,0,108,6,0,0,0,0,0,0,0,2,0
2026-09-05T17:50:00+02:00,2026-09-05T17:55:00+02:00,0,10,1,136,0,0,0,0,0,2,2,0,93,2,0,0,0,0,0,0,0,5,0
2026-09-05T17:55:00+02:00,2026-09-05T18:00:00+02:00,0,3,2,132,0,0,0,0,1,2,1,0,57,6,0,0,0,0,0,0,0,4,0
2026-09-05T18:00:00+02:00,2026-09-05T18:05:00+02:00,0,3,3,190,1,0,0,0,2,0,3,0,47,0,1,0,0,0,0,0,0,2,0
2026-09-05T18:05:00+02:00,2026-09-05T18:10:00+02:00,0,12,2,155,0,0,0,0,0,0,8,0,62,4,0,0,0,0,0,0,0,5,0
2026-09-05T18:10:00+02:00,2026-09-05T18:15:00+02:00,0,4,4,155,2,0,0,0,2,1,3,0,31,0,0,0,0,0,0,0,0,5,0
2026-09-05T18:15:00+02:00,2026-09-05T18:20:00+02:00,0,8,0,165,0,0,0,0,0,0,6,0,104,2,0,0,0,0,0,0,0,5,0
2026-09-05T18:20:00+02:00,2026-09-05T18:25:00+02:00,0,7,1,155,1,0,0,0,0,2,3,0,73,0,0,0,2,0,0,0,0,4,0
2026-09-05T18:25:00+02:00,2026-09-05T18:30:00+02:00,0,6,2,143,0,0,0,0,0,0,9,0,67,0,0,0,0,0,0,0,0,3,0
2026-09-05T18:30:00+02:00,2026-09-05T18:35:00+02:00,0,10,3,131,2,0,0,0,0,0,1,0,56,0,1,0,0,0,0,0,0,5,0
2026-09-05T18:35:00+02:00,2026-09-05T18:40:00+02:00,0,5,0,146,0,0,0,0,0,0,3,0,64,0,0,0,0,0,0,0,0,6,0
2026-09-05T18:40:00+02:00,2026-09-05T18:45:00+02:00,0,11,2,135,2,0,0,0,0,0,5,0,79,0,0,0,0,0,0,0,0,0,0
2026-09-05T18:45:00+02:00,2026-09-05T18:50:00+02:00,0,3,0,122,0,0,0,0,0,0,1,0,48,0,0,0,0,0,0,0,0,6,0
2026-09-05T18:50:00+02:00,2026-09-05T18:55:00+02:00,0,16,0,147,0,0,0,0,0,0,5,0,59,0,0,0,0,0,0,0,0,4,0
2026-09-05T18:55:00+02:00,2026-09-05T19:00:00+02:00,0,0,0,158,0,0,0,0,0,0,3,0,102,0,4,0,0,0,0,0,0,6,0
2026-09-05T19:00:00+02:00,2026-09-05T19:05:00+02:00,0,12,1,146,1,0,0,0,0,0,2,0,69,6,0,0,0,0,0,0,0,6,0
2026-09-05T19:05:00+02:00,2026-09-05T19:10:00+02:00,0,12,1,132,0,0,0,0,0,0,0,0,70,6,2,0,0,0,0,0,0,7,0
2026-09-05T19:10:00+02:00,2026-09-05T19:15:00+02:00,0,4,2,156,0,0,0,0,0,3,2,0,117,2,1,0,0,0,0,0,0,2,0
2026-09-05T19:15:00+02:00,2026-09-05T19:20:00+02:00,0,6,0,151,1,0,0,0,1,2,6,0,60,2,1,0,0,0,0,0,0,5,0
2026-09-05T19:20:00+02:00,2026-09-05T19:25:00+02:00,0,8,1,139,0,0,0,0,0,0,0,0,80,0,1,0,0,0,0,0,0,6,0
2026-09-05T19:25:00+02:00,2026-09-05T19:30:00+02:00,0,4,0,161,2,0,0,0,0,2,6,0,87,0,0,0,0,0,0,0,0,1,0
2026-09-05T19:30:00+02:00,2026-09-05T19:35:00+02:00,0,6,2,143,2,0,0,0,0,0,10,0,76,0,0,0,0,0,0,0,0,1,0
2026-09-05T19:35:00+02:00,2026-09-05T19:40:00+02:00,0,3,2,123,0,0,0,0,1,0,6,0,87,0,0,0,0,0,0,0,0,3,0
2026-09-05T19:40:00+02:00,2026-09-05T19:45:00+02:00,0,3,2,142,1,0,0,0,1,0,3,0,22,0,0,0,0,0,0,0,0,4,0
2026-09-05T19:45:00+02:00,2026-09-05T19:50:00+02:00,0,6,0,96,0,0,0,0,2,1,2,0,39,0,0,0,0,0,0,0,0,5,0
2026-09-05T19:50:00+02:00,2026-09-05T19:55:00+02:00,0,1,0,115,0,0,0,0,0,0,4,0,12,0,0,0,0,0,0,0,0,4,0
2026-09-05T19:55:00+02:00,2026-09-05T20:00:00+02:00,0,16,1,99,0,0,0,0,0,2,2,0,6,0,0,0,0,0,0,0,0,2,0
2026-09-05T20:00:00+02:00,2026-09-05T20:05:00+02:00,0,12,1,112,0,0,0,0,0,0,1,0,29,0,0,0,0,0,0,0,0,2,0
2026-09-05T20:05:00+02:00,2026-09-05T20:10:00+02:00,0,0,1,123,0,0,0,0,1,0,1,0,55,0,0,0,0,0,0,0,0,4,0
2026-09-05T20:10:00+02:00,2026-09-05T20:15:00+02:00,0,7,1,126,0,0,0,0,1,0,0,0,32,0,0,0,0,0,0,0,0,1,0
2026-09-05T20:15:00+02:00,2026-09-05T20:20:00+02:00,0,10,0,130,0,0,0,0,0,0,5,0,21,0,0,0,0,0,0,0,0,0,0
2026-09-05T20:20:00+02:00,2026-09-05T20:25:00+02:00,0,5,0,107,0,0,0,0,0,0,0,0,35,0,0,0,0,0,0,0,0,5,0
2026-09-05T20:25:00+02:00,2026-09-05T20:30:00+02:00,0,0,0,109,0,0,0,0,0,0,3,0,31,0,0,0,0,0,0,0,0,6,0
2026-09-05T20:30:00+02:00,2026-09-05T20:35:00+02:00,0,7,0,79,2,0,0,0,0,0,0,0,13,0,0,0,0,0,0,0,0,4,0
2026-09-05T20:35:00+02:00,2026-09-05T20:40:00+02:00,0,1,0,101,0,0,0,0,0,0,3,0,44,0,0,0,0,0,0,0,0,1,0
2026-09-05T20:40:00+02:00,2026-09-05T20:45:00+02:00,0,6,1,106,1,0,0,0,0,3,2,0,24,0,0,0,0,0,0,0,0,4,0
2026-09-05T20:45:00+02:00,2026-09-05T20:50:00+02:00,1,3,1,78,0,0,0,0,1,0,2,0,35,0,0,0,0,0,0,0,0,3,0
2026-09-05T20:50:00+02:00,2026-09-05T20:55:00+02:00,0,0,0,117,1,0,0,0,0,0,2,0,50,0,0,0,0,0,0,0,0,0,0
2026-09-05T20:55:00+02:00,2026-09-05T21:00:00+02:00,0,6,3,115,0,0,0,0,0,0,1,0,47,0,0,0,0,0,0,0,0,3,0
2026-09-05T21:00:00+02:00,2026-09-05T21:05:00+02:00,0,6,1,128,2,0,0,0,1,1,0,0,61,0,0,0,0,0,0,0,0,1,0
2026-09-05T21:05:00+02:00,2026-09-05T21:10:00+02:00,0,0,0,114,0,0,0,0,7,0,0,0,19,0,0,0,0,0,0,0,0,1,0
2026-09-05T21:10:00+02:00,2026-09-05T21:15:00+02:00,0,0,0,128,0,0,0,0,1,0,1,0,17,0,0,0,0,0,0,0,0,3,0
2026-09-05T21:15:00+02:00,2026-09-05T21:20:00+02:00,0,1,0,93,1,0,0,0,0,0,1,0,22,0,0,0,0,0,0,0,0,3,0
2026-09-05T21:20:00+02:00,2026-09-05T21:25:00+02:00,0,8,0,96,0,0,0,0,0,1,6,0,29,0,0,0,0,0,0,0,0,7,0
2026-09-05T21:25:00+02:00,2026-09-05T21:30:00+02:00,0,0,0,85,0,0,0,0,0,0,0,0,21,0,0,0,0,0,0,0,0,2,0
2026-09-05T21:30:00+02:00,2026-09-05T21:35:00+02:00,0,1,1,75,1,0,0,0,1,0,2,0,38,0,0,0,0,0,0,0,0,1,0
2026-09-05T21:35:00+02:00,2026-09-05T21:40:00+02:00,0,2,2,81,0,0,0,0,0,0,1,0,25,0,0,0,0,0,0,0,0,3,0
2026-09-05T21:40:00+02:00,2026-09-05T21:45:00+02:00,0,4,0,68,0,0,0,0,0,0,0,0,26,0,0,0,0,0,0,0,0,1,0
2026-09-05T21:45:00+02:00,2026-09-05T21:50:00+02:00,0,1,0,91,2,0,0,0,0,0,4,0,23,1,0,0,0,0,0,0,0,0,0
2026-09-05T21:50:00+02:00,2026-09-05T21:55:00+02:00,0,2,0,77,0,0,0,0,0,0,0,0,16,0,0,0,0,0,0,0,0,1,0
2026-09-05T21:55:00+02:00,2026-09-05T22:00:00+02:00,0,2,0,76,0,0,0,0,0,0,0,0,16,0,0,0,0,0,0,0,0,2,0
2026-09-05T22:00:00+02:00,2026-09-05T22:05:00+02:00,0,0,2,77,0,0,0,0,0,0,1,0,29,0,0,0,0,0,0,0,0,2,0
2026-09-05T22:05:00+02:00,2026-09-05T22:10:00+02:00,0,0,1,60,0,0,0,0,0,0,0,0,24,0,0,0,0,0,0,0,0,4,0
2026-09-05T22:10:00+02:00,2026-09-05T22:15:00+02:00,0,10,1,55,0,0,0,0,1,0,1,0,8,0,0,0,0,0,0,0,0,3,0
2026-09-05T22:15:00+02:00,2026-09-05T22:20:00+02:00,0,1,0,54,1,1,0,0,1,2,0,0,14,0,0,0,0,0,1,0,0,0,0
2026-09-05T22:20:00+02:00,2026-09-05T22:25:00+02:00,0,0,0,63,0,0,0,0,2,3,0,0,11,0,0,0,0,0,0,0,0,1,0
2026-09-05T22:25:00+02:00,2026-09-05T22:30:00+02:00,0,0,0,56,0,0,0,0,0,0,3,0,22,0,0,0,0,0,0,0,0,1,0
2026-09-05T22:30:00+02:00,2026-09-05T22:35:00+02:00,0,0,0,56,0,0,0,0,0,0,1,0,46,0,0,0,0,0,0,0,0,0,0
2026-09-05T22:35:00+02:00,2026-09-05T22:40:00+02:00,0,0,0,62,0,0,0,0,0,0,0,0,21,0,0,0,0,0,0,0,0,0,0
2026-09-05T22:40:00+02:00,2026-09-05T22:45:00+02:00,0,0,0,47,0,0,0,0,1,1,0,0,23,0,0,0,0,0,0,0,0,2,0
2026-09-05T22:45:00+02:00,2026-09-05T22:50:00+02:00,0,1,2,55,2,0,0,0,2,1,1,0,36,0,0,0,0,0,0,0,0,0,0
2026-09-05T22:50:00+02:00,2026-09-05T22:55:00+02:00,0,2,0,49,0,0,0,0,0,0,0,0,12,0,0,0,0,0,0,0,0,2,0
2026-09-05T22:55:00+02:00,2026-09-05T23:00:00+02:00,0,0,1,57,0,0,0,0,3,0,0,0,0,0,0,0,0,0,0,0,0,0,0
2026-09-05T23:00:00+02:00,2026-09-05T23:05:00+02:00,0,0,0,42,0,0,0,0,0,0,0,0,19,0,0,0,0,0,0,0,0,2,0
2026-09-05T23:05:00+02:00,2026-09-05T23:10:00+02:00,0,5,0,38,0,0,0,0,0,0,0,0,7,0,0,0,0,0,0,0,0,0,0
2026-09-05T23:10:00+02:00,2026-09-05T23:15:00+02:00,0,1,0,41,1,0,0,0,2,1,0,0,26,0,0,0,0,0,0,0,0,1,0
2026-09-05T23:15:00+02:00,2026-09-05T23:20:00+02:00,0,0,0,21,0,0,0,0,1,0,0,0,12,0,0,0,0,0,0,0,0,0,0
2026-09-05T23:20:00+02:00,2026-09-05T23:25:00+02:00,0,0,0,44,0,0,0,0,0,0,0,0,29,0,0,0,0,0,0,0,0,0,0
2026-09-05T23:25:00+02:00,2026-09-05T23:30:00+02:00,0,1,0,40,0,0,0,0,1,3,0,0,24,0,0,0,0,0,1,0,0,0,0
2026-09-05T23:30:00+02:00,2026-09-05T23:35:00+02:00,0,1,0,37,0,0,0,0,0,0,0,0,3,0,0,0,0,0,0,0,0,1,0
2026-09-05T23:35:00+02:00,2026-09-05T23:40:00+02:00,0,4,0,41,0,0,0,0,1,1,0,0,6,0,0,0,0,0,0,0,0,1,0
2026-09-05T23:40:00+02:00,2026-09-05T23:45:00+02:00,0,0,0,61,0,0,0,0,0,0,0,0,19,0,0,0,0,0,0,0,0,1,0
2026-09-05T23:45:00+02:00,2026-09-05T23:50:00+02:00,0,0,0,31,1,0,0,0,0,0,0,0,11,0,0,0,0,0,0,0,0,1,0
2026-09-05T23:50:00+02:00,2026-09-05T23:55:00+02:00,2,2,1,36,0,0,0,0,0,0,0,0,18,0,0,0,0,0,0,0,0,0,0
2026-09-05T23:55:00+02:00,2026-09-06T00:00:00+02:00,0,0,0,34,0,0,0,0,1,0,0,0,3,0,0,0,0,0,0,0,0,0,0
2026-09-06T00:00:00+02:00,2026-09-06T00:05:00+02:00,0,0,0,32,0,0,0,0,2,0,0,0,6,0,0,0,0,0,0,0,0,1,0
2026-09-06T00:05:00+02:00,2026-09-06T00:10:00+02:00,0,0,0,26,0,0,0,0,0,0,0,0,13,0,0,0,0,0,0,0,0,0,0
2026-09-06T00:10:00+02:00,2026-09-06T00:15:00+02:00,0,0,0,38,2,0,0,0,0,0,0,0,21,0,0,0,0,0,0,0,0,4,0
2026-09-06T00:15:00+02:00,2026-09-06T00:20:00+02:00,0,5,0,37,0,0,0,0,0,0,1,0,9,0,0,0,0,0,0,0,0,2,0
2026-09-06T00:20:00+02:00,2026-09-06T00:25:00+02:00,0,2,0,32,0,0,0,0,0,0,0,0,27,0,0,0,0,0,0,0,0,4,0
2026-09-06T00:25:00+02:00,2026-09-06T00:30:00+02:00,0,0,0,32,0,0,0,0,0,1,0,0,19,0,0,0,0,0,0,0,0,3,0
2026-09-06T00:30:00+02:00,2026-09-06T00:35:00+02:00,0,0,0,26,0,0,0,0,0,1,0,0,7,0,0,0,0,0,1,0,0,2,0
2026-09-06T00:35:00+02:00,2026-09-06T00:40:00+02:00,0,0,0,30,0,0,0,0,1,0,0,0,22,0,0,0,0,0,0,0,0,0,0
2026-09-06T00:40:00+02:00,2026-09-06T00:45:00+02:00,0,0,0,37,0,0,0,0,0,0,0,0,17,0,0,0,0,0,0,0,0,0,0
2026-09-06T00:45:00+02:00,2026-09-06T00:50:00+02:00,0,0,0,30,0,0,0,0,1,0,0,0,5,0,0,0,0,0,0,0,0,1,0
2026-09-06T00:50:00+02:00,2026-09-06T00:55:00+02:00,0,1,0,30,0,0,0,0,0,0,0,0,4,0,0,0,0,0,0,0,0,0,0
2026-09-06T00:55:00+02:00,2026-09-06T01:00:00+02:00,0,0,0,30,0,0,0,0,1,0,0,0,4,0,0,0,0,0,0,0,0,0,0
2026-09-06T01:00:00+02:00,2026-09-06T01:05:00+02:00,0,0,0,25,1,0,0,0,2,1,0,0,3,0,0,0,0,0,0,0,0,1,0
2026-09-06T01:05:00+02:00,2026-09-06T01:10:00+02:00,0,0,0,31,0,0,0,0,0,0,0,0,1,0,0,0,0,0,0,0,0,3,0
2026-09-06T01:10:00+02:00,2026-09-06T01:15:00+02:00,0,0,0,30,0,0,0,0,0,0,0,0,13,0,0,0,0,0,0,0,0,0,0
2026-09-06T01:15:00+02:00,2026-09-06T01:20:00+02:00,0,0,0,27,0,0,0,0,0,2,0,0,15,0,0,0,0,0,0,0,0,0,0
2026-09-06T01:20:00+02:00,2026-09-06T01:25:00+02:00,0,0,0,23,0,0,0,0,1,0,0,0,11,0,0,0,0,0,0,0,0,3,0
2026-09-06T01:25:00+02:00,2026-09-06T01:30:00+02:00,0,0,1,24,0,0,0,0,0,0,0,0,5,0,0,0,0,0,0,0,0,2,0
2026-09-06T01:30:00+02:00,2026-09-06T01:35:00+02:00,0,0,1,26,0,0,0,0,0,0,0,0,2,0,0,0,0,0,0,0,0,0,0
2026-09-06T01:35:00+02:00,2026-09-06T01:40:00+02:00,0,1,0,34,0,0,0,0,3,0,0,0,5,0,0,0,0,0,0,0,0,1,0
2026-09-06T01:40:00+02:00,2026-09-06T01:45:00+02:00,0,0,0,28,0,0,0,0,0,0,0,0,4,0,0,0,0,0,0,0,0,1,0
2026-09-06T01:45:00+02:00,2026-09-06T01:50:00+02:00,0,0,0,23,0,0,0,0,0,0,0,0,4,0,0,0,0,0,0,0,0,1,0
2026-09-06T01:50:00+02:00,2026-09-06T01:55:00+02:00,0,0,0,16,0,0,0,0,0,0,0,0,8,0,0,0,0,0,0,0,0,1,0
2026-09-06T01:55:00+02:00,2026-09-06T02:00:00+02:00,0,0,0,22,0,0,0,0,0,0,0,0,0,0,0,0,0,0,0,0,0,0,0
2026-09-06T02:00:00+02:00,2026-09-06T02:05:00+02:00,0,3,0,19,0,0,0,0,0,0,0,0,1,0,0,0,0,0,0,0,0,0,0
2026-09-06T02:05:00+02:00,2026-09-06T02:10:00+02:00,0,2,0,17,0,0,0,0,1,0,0,0,9,0,0,0,0,0,0,0,0,0,0
2026-09-06T02:10:00+02:00,2026-09-06T02:15:00+02:00,0,0,0,9,0,0,0,0,0,0,0,0,1,0,0,0,0,0,0,0,0,0,0
2026-09-06T02:15:00+02:00,2026-09-06T02:20:00+02:00,0,5,0,7,0,0,0,0,0,0,0,0,2,0,0,0,0,0,0,0,0,0,0
2026-09-06T02:20:00+02:00,2026-09-06T02:25:00+02:00,0,0,0,13,0,0,0,0,0,0,0,0,13,0,0,0,0,0,0,0,0,0,0
2026-09-06T02:25:00+02:00,2026-09-06T02:30:00+02:00,0,0,0,15,0,0,0,0,0,0,0,0,9,0,0,0,0,0,0,0,0,0,0
2026-09-06T02:30:00+02:00,2026-09-06T02:35:00+02:00,0,0,0,17,0,0,0,0,1,0,0,0,14,0,0,0,0,0,0,0,0,0,0
2026-09-06T02:35:00+02:00,2026-09-06T02:40:00+02:00,0,0,0,11,0,0,0,0,2,0,0,0,10,0,0,0,0,0,0,0,0,0,0
2026-09-06T02:40:00+02:00,2026-09-06T02:45:00+02:00,0,0,0,14,0,0,0,0,0,0,0,0,13,0,0,0,0,0,0,0,0,0,0
2026-09-06T02:45:00+02:00,2026-09-06T02:50:00+02:00,0,0,0,9,0,0,0,0,1,0,0,0,11,0,0,0,0,0,0,0,0,0,0
2026-09-06T02:50:00+02:00,2026-09-06T02:55:00+02:00,0,0,0,12,0,0,0,0,1,0,0,0,0,0,0,0,0,0,0,0,0,0,0
2026-09-06T02:55:00+02:00,2026-09-06T03:00:00+02:00,0,0,0,25,1,0,0,0,0,0,0,0,2,0,0,0,0,0,0,0,0,1,0
2026-09-06T03:00:00+02:00,2026-09-06T03:05:00+02:00,0,1,0,9,0,0,0,0,1,0,1,0,14,0,0,0,0,0,0,0,0,2,0
2026-09-06T03:05:00+02:00,2026-09-06T03:10:00+02:00,0,4,0,9,0,0,0,0,0,1,0,0,0,0,0,0,0,0,0,0,0,5,0
2026-09-06T03:10:00+02:00,2026-09-06T03:15:00+02:00,0,0,0,17,0,0,0,0,2,0,0,0,0,0,0,0,0,0,0,0,0,2,0
2026-09-06T03:15:00+02:00,2026-09-06T03:20:00+02:00,0,0,0,8,0,0,0,0,0,0,1,0,0,0,0,0,0,0,0,0,0,0,0
2026-09-06T03:20:00+02:00,2026-09-06T03:25:00+02:00,0,0,0,13,0,0,0,0,0,1,0,0,0,0,0,0,0,0,0,0,0,0,0
2026-09-06T03:25:00+02:00,2026-09-06T03:30:00+02:00,0,0,0,9,0,0,0,0,0,0,0,0,2,0,0,0,0,0,0,0,0,0,0
2026-09-06T03:30:00+02:00,2026-09-06T03:35:00+02:00,0,0,0,5,0,0,0,0,2,2,0,0,0,0,0,0,0,0,0,0,0,1,0
2026-09-06T03:35:00+02:00,2026-09-06T03:40:00+02:00,0,3,0,7,0,0,0,0,0,0,0,0,1,0,0,0,0,0,0,0,0,0,0
2026-09-06T03:40:00+02:00,2026-09-06T03:45:00+02:00,0,0,0,10,0,0,0,0,0,0,0,0,0,0,0,0,0,0,0,0,0,0,0
2026-09-06T03:45:00+02:00,2026-09-06T03:50:00+02:00,0,0,0,12,0,0,0,0,0,0,0,0,0,0,0,0,0,0,0,0,0,1,0
2026-09-06T03:50:00+02:00,2026-09-06T03:55:00+02:00,0,0,0,3,0,0,0,0,0,1,0,0,0,0,0,0,0,0,0,0,0,1,0
2026-09-06T03:55:00+02:00,2026-09-06T04:00:00+02:00,0,0,0,16,0,0,0,0,0,0,0,0,0,0,0,0,0,0,0,0,0,0,0
2026-09-06T04:00:00+02:00,2026-09-06T04:05:00+02:00,0,0,0,9,0,0,0,0,1,2,0,0,16,0,0,0,0,0,0,0,0,1,0
2026-09-06T04:05:00+02:00,2026-09-06T04:10:00+02:00,0,0,0,17,0,0,0,0,0,1,0,0,0,0,0,0,0,0,0,0,0,1,0
2026-09-06T04:10:00+02:00,2026-09-06T04:15:00+02:00,0,0,0,6,0,0,0,0,0,0,0,0,0,0,0,0,0,0,0,0,0,3,0
2026-09-06T04:15:00+02:00,2026-09-06T04:20:00+02:00,0,0,0,6,0,0,0,0,0,0,0,0,0,0,0,0,0,0,0,0,0,2,0
2026-09-06T04:20:00+02:00,2026-09-06T04:25:00+02:00,0,0,0,8,0,0,0,0,0,0,0,0,7,0,0,0,0,0,0,0,0,2,0
2026-09-06T04:25:00+02:00,2026-09-06T04:30:00+02:00,0,0,0,14,0,0,0,0,0,0,0,0,3,0,0,0,0,0,0,0,0,2,0
2026-09-06T04:30:00+02:00,2026-09-06T04:35:00+02:00,0,0,0,12,0,0,0,0,0,0,0,0,0,0,0,0,0,0,0,0,0,3,0
2026-09-06T04:35:00+02:00,2026-09-06T04:40:00+02:00,0,0,1,17,0,0,0,0,2,1,0,0,0,0,0,0,0,0,0,0,0,0,0
2026-09-06T04:40:00+02:00,2026-09-06T04:45:00+02:00,0,0,0,8,0,0,0,0,1,0,0,0,0,0,0,0,0,0,0,0,0,0,0
2026-09-06T04:45:00+02:00,2026-09-06T04:50:00+02:00,0,0,0,11,0,0,0,0,0,1,0,0,0,0,0,0,0,0,0,0,0,1,0
2026-09-06T04:50:00+02:00,2026-09-06T04:55:00+02:00,0,0,0,22,0,0,0,0,0,0,0,0,0,0,0,0,0,0,0,0,0,2,0
2026-09-06T04:55:00+02:00,2026-09-06T05:00:00+02:00,0,0,0,9,0,0,0,0,2,0,0,0,0,0,0,0,0,0,0,0,0,0,0
2026-09-06T05:00:00+02:00,2026-09-06T05:05:00+02:00,0,0,0,17,2,0,0,0,2,1,0,0,0,0,0,0,0,0,0,0,0,2,0
2026-09-06T05:05:00+02:00,2026-09-06T05:10:00+02:00,0,0,0,17,1,0,0,0,2,0,0,0,1,0,0,0,0,0,0,0,0,0,0
2026-09-06T05:10:00+02:00,2026-09-06T05:15:00+02:00,0,0,3,17,2,0,0,0,1,0,0,0,0,0,0,0,0,0,0,0,0,0,0
2026-09-06T05:15:00+02:00,2026-09-06T05:20:00+02:00,0,0,3,28,2,0,0,0,0,0,0,0,0,0,0,0,0,0,0,0,0,2,0
2026-09-06T05:20:00+02:00,2026-09-06T05:25:00+02:00,0,0,0,21,0,0,0,0,1,0,0,0,0,0,0,0,0,0,0,0,0,4,0
2026-09-06T05:25:00+02:00,2026-09-06T05:30:00+02:00,0,0,1,22,2,0,0,0,1,1,0,0,0,0,0,0,0,0,0,0,0,0,0
2026-09-06T05:30:00+02:00,2026-09-06T05:35:00+02:00,0,0,2,20,0,0,0,0,1,1,0,0,0,0,0,0,0,0,0,0,0,2,0
2026-09-06T05:35:00+02:00,2026-09-06T05:40:00+02:00,0,0,0,20,0,0,0,0,0,0,0,0,6,0,0,0,0,0,0,0,0,1,0
2026-09-06T05:40:00+02:00,2026-09-06T05:45:00+02:00,0,3,2,24,1,0,0,0,4,0,0,0,3,0,0,0,0,0,0,0,0,0,0
2026-09-06T05:45:00+02:00,2026-09-06T05:50:00+02:00,0,0,0,23,0,0,0,0,0,0,3,0,1,0,0,0,0,0,0,0,0,0,0
2026-09-06T05:50:00+02:00,2026-09-06T05:55:00+02:00,0,0,0,26,0,0,0,0,1,0,0,0,2,0,0,0,0,0,0,0,0,1,0
2026-09-06T05:55:00+02:00,2026-09-06T06:00:00+02:00,0,0,0,14,3,0,0,0,0,0,0,0,4,0,0,0,0,0,0,0,0,0,0
2026-09-06T06:00:00+02:00,2026-09-06T06:05:00+02:00,0,0,0,20,0,0,0,0,3,0,0,0,4,0,0,0,0,0,0,0,0,0,0
2026-09-06T06:05:00+02:00,2026-09-06T06:10:00+02:00,0,2,0,17,0,0,0,0,2,1,0,0,22,0,0,0,0,0,0,0,0,1,0
2026-09-06T06:10:00+02:00,2026-09-06T06:15:00+02:00,0,0,2,23,0,0,0,0,2,2,0,0,22,0,1,0,0,0,0,0,0,2,0
2026-09-06T06:15:00+02:00,2026-09-06T06:20:00+02:00,0,0,1,11,0,0,0,0,2,0,0,0,18,0,0,0,0,0,0,0,0,2,0
2026-09-06T06:20:00+02:00,2026-09-06T06:25:00+02:00,0,0,0,23,0,0,0,0,0,0,0,0,12,0,0,0,0,0,0,0,0,0,0
2026-09-06T06:25:00+02:00,2026-09-06T06:30:00+02:00,0,0,0,39,0,0,0,0,3,0,0,0,9,0,0,0,0,0,0,0,0,0,0
2026-09-06T06:30:00+02:00,2026-09-06T06:35:00+02:00,0,0,0,31,0,0,0,0,1,0,0,0,0,0,0,0,0,0,0,0,0,2,0
2026-09-06T06:35:00+02:00,2026-09-06T06:40:00+02:00,0,0,0,29,0,0,0,0,1,0,0,0,1,0,0,0,0,0,0,0,0,0,0
2026-09-06T06:40:00+02:00,2026-09-06T06:45:00+02:00,0,0,1,41,0,0,0,0,2,0,0,0,7,0,0,0,0,0,0,0,0,6,0
2026-09-06T06:45:00+02:00,2026-09-06T06:50:00+02:00,1,0,0,33,1,0,0,0,0,0,0,0,4,0,0,0,0,0,0,0,0,2,0
2026-09-06T06:50:00+02:00,2026-09-06T06:55:00+02:00,0,0,0,46,1,0,0,0,0,2,0,0,1,0,0,0,0,0,0,0,0,2,0
2026-09-06T06:55:00+02:00,2026-09-06T07:00:00+02:00,0,0,0,28,0,0,0,0,1,5,0,0,0,0,0,0,0,0,0,0,0,3,0
2026-09-06T07:00:00+02:00,2026-09-06T07:05:00+02:00,0,1,1,37,0,0,0,0,1,1,0,0,1,0,0,0,0,0,0,0,0,1,0
2026-09-06T07:05:00+02:00,2026-09-06T07:10:00+02:00,0,0,2,44,0,0,0,0,1,2,0,0,8,0,0,0,0,0,0,0,0,1,0
2026-09-06T07:10:00+02:00,2026-09-06T07:15:00+02:00,0,0,1,48,0,0,0,0,1,1,1,0,7,0,0,0,0,0,0,0,0,0,0
2026-09-06T07:15:00+02:00,2026-09-06T07:20:00+02:00,0,0,1,55,0,0,0,0,2,1,0,0,1,0,0,0,0,0,0,0,0,2,0
2026-09-06T07:20:00+02:00,2026-09-06T07:25:00+02:00,0,2,0,53,0,0,0,0,0,0,3,0,5,0,0,0,0,0,0,0,0,4,0
2026-09-06T07:25:00+02:00,2026-09-06T07:30:00+02:00,0,2,2,39,0,0,0,0,0,0,1,0,7,0,0,0,0,0,0,0,0,3,0
2026-09-06T07:30:00+02:00,2026-09-06T07:35:00+02:00,0,3,3,54,0,0,0,0,2,1,1,0,9,0,0,0,0,0,0,0,0,1,0
2026-09-06T07:35:00+02:00,2026-09-06T07:40:00+02:00,0,0,1,50,0,0,0,0,1,1,1,0,0,0,0,0,0,0,0,0,0,3,0
2026-09-06T07:40:00+02:00,2026-09-06T07:45:00+02:00,0,0,1,44,0,0,0,0,0,0,3,0,0,0,0,0,0,0,0,0,0,2,0
2026-09-06T07:45:00+02:00,2026-09-06T07:50:00+02:00,0,0,1,45,0,0,0,0,0,0,1,0,5,0,0,0,0,0,0,0,0,5,0
2026-09-06T07:50:00+02:00,2026-09-06T07:55:00+02:00,0,6,3,63,0,0,0,0,0,0,0,0,2,0,0,0,0,0,0,0,0,0,0
2026-09-06T07:55:00+02:00,2026-09-06T08:00:00+02:00,0,3,0,61,2,0,0,0,0,3,0,0,14,0,0,0,0,0,0,0,0,5,0
2026-09-06T08:00:00+02:00,2026-09-06T08:05:00+02:00,0,0,0,69,0,0,0,0,0,0,0,0,7,0,0,0,0,0,0,0,0,5,0
2026-09-06T08:05:00+02:00,2026-09-06T08:10:00+02:00,0,0,3,50,1,0,0,0,1,0,2,0,15,0,0,0,0,0,0,0,0,7,0
2026-09-06T08:10:00+02:00,2026-09-06T08:15:00+02:00,0,3,1,70,0,0,0,0,0,1,2,0,13,0,0,0,0,0,0,0,0,0,0
2026-09-06T08:15:00+02:00,2026-09-06T08:20:00+02:00,0,6,1,70,0,0,0,0,0,0,0,0,11,0,0,0,0,0,0,0,0,1,0
2026-09-06T08:20:00+02:00,2026-09-06T08:25:00+02:00,0,0,1,74,0,0,0,0,0,0,0,0,26,0,1,0,0,0,0,0,0,0,0
2026-09-06T08:25:00+02:00,2026-09-06T08:30:00+02:00,0,8,0,83,0,0,0,0,0,1,0,0,5,0,0,0,0,0,0,0,0,2,0
2026-09-06T08:30:00+02:00,2026-09-06T08:35:00+02:00,0,5,2,80,0,0,0,0,1,2,0,0,23,0,0,0,0,0,0,0,0,0,0
2026-09-06T08:35:00+02:00,2026-09-06T08:40:00+02:00,0,3,0,99,0,0,0,0,1,0,0,0,29,0,0,0,0,0,0,0,0,3,0
2026-09-06T08:40:00+02:00,2026-09-06T08:45:00+02:00,0,9,2,118,3,0,0,0,0,0,4,0,29,2,0,0,0,0,0,0,0,6,0
2026-09-06T08:45:00+02:00,2026-09-06T08:50:00+02:00,0,6,0,139,0,0,0,0,0,1,7,0,11,3,0,0,0,1,0,0,0,2,0
2026-09-06T08:50:00+02:00,2026-09-06T08:55:00+02:00,0,3,0,124,0,0,0,0,0,3,2,0,19,0,0,0,1,0,0,0,0,5,0
2026-09-06T08:55:00+02:00,2026-09-06T09:00:00+02:00,0,15,0,120,2,0,0,0,0,0,2,0,2,0,0,0,0,0,1,0,0,7,0
2026-09-06T09:00:00+02:00,2026-09-06T09:05:00+02:00,0,4,0,115,1,0,0,0,0,3,0,0,1,0,0,0,0,0,0,0,0,2,0
2026-09-06T09:05:00+02:00,2026-09-06T09:10:00+02:00,0,7,0,103,0,0,0,0,0,0,2,0,5,0,0,0,0,0,0,0,0,3,0
2026-09-06T09:10:00+02:00,2026-09-06T09:15:00+02:00,0,4,2,109,2,0,0,0,1,1,2,0,12,0,0,0,0,0,0,0,0,7,0
2026-09-06T09:15:00+02:00,2026-09-06T09:20:00+02:00,0,2,0,117,4,0,0,0,1,4,3,0,5,0,0,0,0,0,0,0,0,0,0
2026-09-06T09:20:00+02:00,2026-09-06T09:25:00+02:00,0,4,2,96,1,0,0,0,2,2,0,0,17,1,0,0,0,0,0,0,0,2,0
2026-09-06T09:25:00+02:00,2026-09-06T09:30:00+02:00,0,3,0,116,1,0,0,0,0,0,4,0,11,0,0,0,0,0,0,0,0,5,0
2026-09-06T09:30:00+02:00,2026-09-06T09:35:00+02:00,0,10,0,125,2,0,0,0,0,2,3,0,3,0,0,0,0,0,0,0,0,3,0
2026-09-06T09:35:00+02:00,2026-09-06T09:40:00+02:00,0,11,0,121,0,0,0,0,1,2,5,0,13,0,0,0,0,0,0,0,0,1,0
2026-09-06T09:40:00+02:00,2026-09-06T09:45:00+02:00,0,7,2,124,2,1,0,0,0,3,0,0,18,0,0,0,0,0,0,0,0,3,0
2026-09-06T09:45:00+02:00,2026-09-06T09:50:00+02:00,0,13,0,117,2,0,0,0,0,3,1,0,6,0,0,0,0,0,0,0,0,5,0
2026-09-06T09:50:00+02:00,2026-09-06T09:55:00+02:00,0,0,0,149,1,0,0,0,0,2,7,0,36,0,0,0,0,0,0,0,0,5,0
2026-09-06T09:55:00+02:00,2026-09-06T10:00:00+02:00,0,14,0,146,0,0,0,0,0,0,1,0,51,0,0,0,0,0,0,0,0,5,0
2026-09-06T10:00:00+02:00,2026-09-06T10:05:00+02:00,0,12,0,132,1,0,0,0,0,2,13,0,76,2,0,0,0,0,0,0,0,2,0
2026-09-06T10:05:00+02:00,2026-09-06T10:10:00+02:00,1,7,1,122,0,0,0,0,0,1,7,0,60,1,0,0,0,0,0,0,0,5,0
2026-09-06T10:10:00+02:00,2026-09-06T10:15:00+02:00,1,9,1,148,2,0,0,0,2,2,7,0,66,0,0,0,1,0,0,0,0,0,0
2026-09-06T10:15:00+02:00,2026-09-06T10:20:00+02:00,0,8,0,160,0,0,0,0,1,0,3,0,78,0,0,0,0,0,0,0,0,0,0
2026-09-06T10:20:00+02:00,2026-09-06T10:25:00+02:00,0,0,1,154,0,0,0,0,0,0,7,0,75,0,0,0,0,0,0,0,0,1,0
2026-09-06T10:25:00+02:00,2026-09-06T10:30:00+02:00,0,12,0,137,0,2,0,0,0,0,4,0,94,0,0,0,0,0,0,0,0,5,0
2026-09-06T10:30:00+02:00,2026-09-06T10:35:00+02:00,0,9,0,147,0,0,0,0,0,0,2,0,58,0,0,0,0,0,0,0,0,4,0
2026-09-06T10:35:00+02:00,2026-09-06T10:40:00+02:00,0,11,0,139,1,0,0,0,0,2,6,0,59,0,0,0,0,0,0,0,0,2,0
2026-09-06T10:40:00+02:00,2026-09-06T10:45:00+02:00,0,3,0,133,1,0,0,0,0,0,2,0,39,0,0,0,0,0,0,0,0,2,0
2026-09-06T10:45:00+02:00,2026-09-06T10:50:00+02:00,0,2,1,137,0,0,0,0,0,2,5,0,58,0,0,0,0,0,0,0,0,2,0
2026-09-06T10:50:00+02:00,2026-09-06T10:55:00+02:00,0,0,0,141,0,1,0,0,1,2,8,0,37,0,0,0,0,0,0,0,0,6,0
2026-09-06T10:55:00+02:00,2026-09-06T11:00:00+02:00,0,2,0,125,0,0,0,0,0,1,6,0,15,0,0,0,0,0,0,0,0,2,0
2026-09-06T11:00:00+02:00,2026-09-06T11:05:00+02:00,0,4,0,146,2,0,0,0,3,3,5,0,45,1,0,0,0,0,0,0,0,4,0
2026-09-06T11:05:00+02:00,2026-09-06T11:10:00+02:00,0,1,4,127,0,0,0,0,1,1,3,0,35,0,0,0,0,0,0,0,0,0,0
2026-09-06T11:10:00+02:00,2026-09-06T11:15:00+02:00,0,11,0,113,0,0,0,0,0,3,3,0,60,0,0,0,0,0,0,0,0,8,0
2026-09-06T11:15:00+02:00,2026-09-06T11:20:00+02:00,0,4,0,143,0,0,0,0,1,2,9,0,52,0,2,0,2,0,0,0,0,6,0
2026-09-06T11:20:00+02:00,2026-09-06T11:25:00+02:00,0,1,0,135,4,0,0,0,0,2,2,0,56,0,0,0,0,0,0,0,0,2,0
2026-09-06T11:25:00+02:00,2026-09-06T11:30:00+02:00,0,4,0,131,1,0,0,0,1,1,6,0,53,0,3,0,0,0,0,0,0,4,0
2026-09-06T11:30:00+02:00,2026-09-06T11:35:00+02:00,0,6,0,135,0,0,0,0,0,1,3,0,65,0,0,0,0,0,0,0,0,7,0
2026-09-06T11:35:00+02:00,2026-09-06T11:40:00+02:00,0,17,0,164,4,1,0,0,0,2,2,0,52,3,1,0,0,0,0,0,0,1,0
2026-09-06T11:40:00+02:00,2026-09-06T11:45:00+02:00,0,14,3,155,0,0,0,0,0,0,8,0,52,2,0,0,0,0,0,0,0,4,0
2026-09-06T11:45:00+02:00,2026-09-06T11:50:00+02:00,0,2,0,159,3,0,0,0,1,0,7,0,35,0,0,0,0,0,0,0,0,4,0
2026-09-06T11:50:00+02:00,2026-09-06T11:55:00+02:00,0,1,0,136,2,0,0,0,0,1,9,0,49,0,0,0,0,0,0,0,0,4,0
2026-09-06T11:55:00+02:00,2026-09-06T12:00:00+02:00,0,8,0,153,2,0,0,0,1,0,6,0,38,0,0,0,0,0,0,0,0,4,0
2026-09-06T12:00:00+02:00,2026-09-06T12:05:00+02:00,0,4,1,165,0,0,0,0,0,1,3,0,38,0,0,0,0,0,0,0,0,4,0
2026-09-06T12:05:00+02:00,2026-09-06T12:10:00+02:00,0,6,2,163,5,0,0,0,2,2,4,0,51,0,0,0,0,0,0,0,0,6,0
2026-09-06T12:10:00+02:00,2026-09-06T12:15:00+02:00,0,6,0,153,2,1,0,0,0,0,3,0,48,0,0,0,0,0,0,0,0,5,0
2026-09-06T12:15:00+02:00,2026-09-06T12:20:00+02:00,0,8,0,142,2,0,0,0,0,2,4,0,49,0,0,0,0,0,0,0,0,3,0
2026-09-06T12:20:00+02:00,2026-09-06T12:25:00+02:00,0,4,1,125,2,0,0,0,0,2,4,0,34,3,0,0,0,0,0,0,0,7,0
2026-09-06T12:25:00+02:00,2026-09-06T12:30:00+02:00,0,2,0,118,0,0,0,0,1,0,3,0,42,1,1,0,0,0,0,0,0,3,0
2026-09-06T12:30:00+02:00,2026-09-06T12:35:00+02:00,0,5,0,128,1,0,0,0,0,0,5,0,36,0,0,0,0,0,0,0,0,7,0
2026-09-06T12:35:00+02:00,2026-09-06T12:40:00+02:00,0,11,0,131,0,0,0,0,0,1,4,0,26,0,0,0,0,0,0,0,0,1,0
2026-09-06T12:40:00+02:00,2026-09-06T12:45:00+02:00,0,1,0,136,3,0,0,0,0,0,6,0,30,0,0,0,0,0,0,0,0,3,0
2026-09-06T12:45:00+02:00,2026-09-06T12:50:00+02:00,0,7,3,135,2,1,0,0,0,7,8,0,47,0,0,0,0,0,0,0,0,6,0
2026-09-06T12:50:00+02:00,2026-09-06T12:55:00+02:00,0,2,1,122,3,0,0,0,0,0,0,0,62,0,0,0,0,0,0,0,0,1,0
2026-09-06T12:55:00+02:00,2026-09-06T13:00:00+02:00,0,6,2,141,1,1,0,0,1,0,12,0,38,0,1,0,0,0,0,0,0,3,0
2026-09-06T13:00:00+02:00,2026-09-06T13:05:00+02:00,0,1,0,175,4,1,0,0,0,0,3,0,25,0,0,0,0,0,0,0,0,7,0
2026-09-06T13:05:00+02:00,2026-09-06T13:10:00+02:00,0,11,1,136,0,0,0,0,1,0,1,0,50,5,2,0,0,0,0,0,0,0,0
2026-09-06T13:10:00+02:00,2026-09-06T13:15:00+02:00,0,10,3,120,5,0,0,0,0,4,10,0,38,9,1,0,0,0,0,0,0,6,0
2026-09-06T13:15:00+02:00,2026-09-06T13:20:00+02:00,0,4,0,127,1,0,0,0,0,0,8,0,40,0,0,0,0,0,0,0,0,2,0
2026-09-06T13:20:00+02:00,2026-09-06T13:25:00+02:00,0,0,1,162,1,0,0,0,1,1,5,0,22,0,1,0,0,0,0,0,0,11,0
2026-09-06T13:25:00+02:00,2026-09-06T13:30:00+02:00,0,5,0,132,1,0,0,0,0,0,17,0,29,8,0,0,0,0,0,0,0,2,0
2026-09-06T13:30:00+02:00,2026-09-06T13:35:00+02:00,0,5,0,113,1,0,0,0,0,1,12,0,22,0,0,0,0,0,0,0,0,9,0
2026-09-06T13:35:00+02:00,2026-09-06T13:40:00+02:00,0,8,1,134,1,0,0,0,0,1,7,0,20,0,0,0,0,0,0,0,0,2,0
2026-09-06T13:40:00+02:00,2026-09-06T13:45:00+02:00,0,2,1,122,5,0,0,0,0,2,9,0,27,0,0,0,1,0,0,0,0,2,0
2026-09-06T13:45:00+02:00,2026-09-06T13:50:00+02:00,0,15,2,147,0,1,0,0,0,4,6,0,39,1,0,0,2,0,0,0,0,5,0
2026-09-06T13:50:00+02:00,2026-09-06T13:55:00+02:00,0,1,1,137,0,0,0,0,0,0,8,0,9,0,0,0,0,0,0,0,0,1,0
2026-09-06T13:55:00+02:00,2026-09-06T14:00:00+02:00,0,4,0,139,0,0,0,0,0,2,22,0,10,0,0,0,0,0,0,0,0,2,0
2026-09-06T14:00:00+02:00,2026-09-06T14:05:00+02:00,0,2,0,165,2,0,0,0,0,1,2,0,16,0,0,0,0,0,0,0,0,3,0
2026-09-06T14:05:00+02:00,2026-09-06T14:10:00+02:00,0,10,1,123,3,0,0,0,0,0,2,0,18,0,0,0,0,0,0,0,0,2,0
2026-09-06T14:10:00+02:00,2026-09-06T14:15:00+02:00,0,11,3,154,1,0,0,0,0,0,7,0,53,5,0,0,0,0,0,0,0,10,0
2026-09-06T14:15:00+02:00,2026-09-06T14:20:00+02:00,0,4,0,137,2,0,0,0,0,0,2,0,28,1,0,0,0,0,0,0,0,6,0
2026-09-06T14:20:00+02:00,2026-09-06T14:25:00+02:00,0,13,1,126,4,0,0,0,0,0,8,0,35,0,0,0,0,0,0,0,0,3,0
2026-09-06T14:25:00+02:00,2026-09-06T14:30:00+02:00,0,8,0,155,2,0,0,0,1,0,8,0,30,0,1,0,0,0,0,0,0,3,0
2026-09-06T14:30:00+02:00,2026-09-06T14:35:00+02:00,0,10,0,139,0,0,0,0,0,0,10,0,18,0,0,0,0,0,0,0,0,4,0
2026-09-06T14:35:00+02:00,2026-09-06T14:40:00+02:00,0,12,2,124,1,0,0,0,0,0,11,0,12,0,0,0,0,0,0,0,0,4,0
2026-09-06T14:40:00+02:00,2026-09-06T14:45:00+02:00,0,0,0,145,1,0,0,0,0,1,4,0,19,0,0,0,0,0,0,0,0,2,0
2026-09-06T14:45:00+02:00,2026-09-06T14:50:00+02:00,0,14,4,178,0,0,0,0,0,3,9,0,22,0,4,0,0,0,0,0,0,8,0
2026-09-06T14:50:00+02:00,2026-09-06T14:55:00+02:00,0,3,0,142,1,0,0,0,0,1,14,0,33,0,0,0,0,0,0,0,0,1,0
2026-09-06T14:55:00+02:00,2026-09-06T15:00:00+02:00,0,1,0,108,0,0,0,0,0,2,7,0,36,0,0,0,0,0,0,0,0,0,0
2026-09-06T15:00:00+02:00,2026-09-06T15:05:00+02:00,0,19,1,133,0,0,0,0,0,2,16,0,33,0,0,0,0,0,0,0,0,4,0
2026-09-06T15:05:00+02:00,2026-09-06T15:10:00+02:00,0,13,1,120,0,0,0,0,0,0,2,0,52,1,0,0,0,0,0,0,0,2,0
2026-09-06T15:10:00+02:00,2026-09-06T15:15:00+02:00,0,6,2,161,3,0,0,0,1,8,10,0,33,1,0,0,0,0,0,0,0,8,0
2026-09-06T15:15:00+02:00,2026-09-06T15:20:00+02:00,0,9,1,160,1,0,0,0,1,1,4,0,22,1,0,0,0,0,0,0,0,5,0
2026-09-06T15:20:00+02:00,2026-09-06T15:25:00+02:00,0,0,2,147,1,0,0,0,0,3,12,0,18,0,0,0,0,0,0,0,0,6,0
2026-09-06T15:25:00+02:00,2026-09-06T15:30:00+02:00,0,8,2,151,2,0,0,0,1,2,5,0,32,0,0,0,0,0,0,0,0,5,0
2026-09-06T15:30:00+02:00,2026-09-06T15:35:00+02:00,0,22,1,146,1,0,0,0,0,1,9,0,16,0,1,0,0,0,0,0,0,6,0
2026-09-06T15:35:00+02:00,2026-09-06T15:40:00+02:00,0,28,0,159,0,0,0,0,0,0,3,0,77,4,0,0,0,0,0,0,0,1,0
2026-09-06T15:40:00+02:00,2026-09-06T15:45:00+02:00,0,5,0,171,5,0,0,0,0,1,14,0,10,0,0,0,0,0,0,0,0,0,0
2026-09-06T15:45:00+02:00,2026-09-06T15:50:00+02:00,0,14,0,138,9,0,0,0,0,0,4,0,41,0,0,0,0,0,0,0,0,3,0
2026-09-06T15:50:00+02:00,2026-09-06T15:55:00+02:00,0,17,4,192,0,0,0,0,0,0,7,0,29,2,0,0,0,0,0,0,0,1,0
2026-09-06T15:55:00+02:00,2026-09-06T16:00:00+02:00,0,15,1,145,1,0,0,0,0,1,2,0,42,1,0,0,0,0,0,0,0,1,0
2026-09-06T16:00:00+02:00,2026-09-06T16:05:00+02:00,0,1,2,131,0,0,0,0,0,5,6,0,26,5,0,0,0,0,0,0,0,8,0
2026-09-06T16:05:00+02:00,2026-09-06T16:10:00+02:00,0,8,1,148,0,0,0,0,0,1,7,0,34,0,0,0,0,0,0,0,0,10,0
2026-09-06T16:10:00+02:00,2026-09-06T16:15:00+02:00,0,18,4,164,1,0,0,0,0,1,3,0,22,1,0,0,0,0,0,0,0,4,0
2026-09-06T16:15:00+02:00,2026-09-06T16:20:00+02:00,0,7,0,159,2,1,0,0,0,0,6,0,46,0,0,0,0,0,0,0,0,2,0
2026-09-06T16:20:00+02:00,2026-09-06T16:25:00+02:00,0,9,0,164,2,1,0,0,1,1,8,0,30,5,0,0,0,0,0,0,0,0,0
2026-09-06T16:25:00+02:00,2026-09-06T16:30:00+02:00,0,2,0,169,0,0,0,0,0,0,13,0,32,2,0,0,0,0,0,0,0,1,0
2026-09-06T16:30:00+02:00,2026-09-06T16:35:00+02:00,0,9,2,148,0,2,0,0,2,0,8,0,36,0,1,0,0,0,0,0,0,5,0
2026-09-06T16:35:00+02:00,2026-09-06T16:40:00+02:00,0,29,5,165,0,0,0,0,2,0,2,0,34,2,0,0,0,0,0,0,0,1,0
2026-09-06T16:40:00+02:00,2026-09-06T16:45:00+02:00,0,20,1,121,0,0,0,0,1,2,9,0,30,0,1,0,0,0,0,0,0,3,0
2026-09-06T16:45:00+02:00,2026-09-06T16:50:00+02:00,0,8,2,128,0,0,0,0,0,2,9,0,32,0,1,0,0,0,0,0,0,5,0
2026-09-06T16:50:00+02:00,2026-09-06T16:55:00+02:00,0,10,2,142,0,0,0,0,0,0,3,0,37,0,0,0,0,0,0,0,0,3,0
2026-09-06T16:55:00+02:00,2026-09-06T17:00:00+02:00,0,1,0,138,1,0,0,0,0,1,4,0,21,0,0,0,0,0,0,0,0,2,0
2026-09-06T17:00:00+02:00,2026-09-06T17:05:00+02:00,0,5,0,138,0,0,0,0,0,0,13,0,11,0,0,0,0,0,0,0,0,4,0
2026-09-06T17:05:00+02:00,2026-09-06T17:10:00+02:00,0,9,1,162,0,1,0,0,0,2,9,0,32,0,0,0,0,0,0,0,0,4,0
2026-09-06T17:10:00+02:00,2026-09-06T17:15:00+02:00,0,6,1,145,0,0,0,0,1,1,10,0,20,0,0,0,0,0,0,0,0,1,0
2026-09-06T17:15:00+02:00,2026-09-06T17:20:00+02:00,0,10,0,157,0,0,0,0,0,0,8,0,44,0,0,0,0,0,0,0,0,1,0
2026-09-06T17:20:00+02:00,2026-09-06T17:25:00+02:00,0,7,4,150,0,0,0,0,0,0,11,0,53,3,0,0,0,0,0,0,0,5,0
2026-09-06T17:25:00+02:00,2026-09-06T17:30:00+02:00,0,17,0,146,0,0,0,0,0,0,1,0,61,0,0,0,0,0,0,0,0,5,0
2026-09-06T17:30:00+02:00,2026-09-06T17:35:00+02:00,0,5,0,140,1,0,0,0,1,1,9,0,43,0,0,0,0,0,0,0,0,2,0
2026-09-06T17:35:00+02:00,2026-09-06T17:40:00+02:00,0,20,2,127,2,0,0,0,1,2,10,0,24,0,0,0,0,0,0,0,0,2,0
2026-09-06T17:40:00+02:00,2026-09-06T17:45:00+02:00,0,21,4,147,0,0,0,0,2,3,12,0,56,2,0,0,0,0,0,0,0,4,0
2026-09-06T17:45:00+02:00,2026-09-06T17:50:00+02:00,0,5,1,153,1,0,0,0,0,2,13,0,25,2,0,0,0,0,0,0,0,4,0
2026-09-06T17:50:00+02:00,2026-09-06T17:55:00+02:00,0,8,2,194,0,0,0,0,0,1,5,0,25,0,0,0,0,0,0,0,0,5,0
2026-09-06T17:55:00+02:00,2026-09-06T18:00:00+02:00,0,16,2,169,1,0,0,0,0,0,10,0,35,1,0,0,0,0,0,0,0,2,0
2026-09-06T18:00:00+02:00,2026-09-06T18:05:00+02:00,3,13,2,197,4,0,0,0,0,1,9,0,59,1,0,0,0,0,0,0,0,1,0
2026-09-06T18:05:00+02:00,2026-09-06T18:10:00+02:00,0,8,0,202,0,0,0,0,0,0,1,0,30,0,0,0,0,0,0,0,0,8,0
2026-09-06T18:10:00+02:00,2026-09-06T18:15:00+02:00,0,7,2,153,0,0,0,0,0,0,0,0,23,0,0,0,0,0,0,0,0,4,0
2026-09-06T18:15:00+02:00,2026-09-06T18:20:00+02:00,0,24,1,169,0,0,0,0,0,0,4,0,22,0,1,0,0,0,0,0,0,2,0
2026-09-06T18:20:00+02:00,2026-09-06T18:25:00+02:00,0,2,1,164,0,0,0,0,0,0,3,0,36,0,1,0,0,0,0,0,0,0,0
2026-09-06T18:25:00+02:00,2026-09-06T18:30:00+02:00,0,6,2,171,0,0,0,0,0,0,8,0,9,1,0,0,0,0,0,0,0,1,0
2026-09-06T18:30:00+02:00,2026-09-06T18:35:00+02:00,0,16,1,150,1,0,0,0,0,1,2,0,40,0,0,0,0,0,0,0,0,7,0
2026-09-06T18:35:00+02:00,2026-09-06T18:40:00+02:00,0,8,0,185,0,0,0,0,0,1,3,0,40,1,0,0,0,0,0,0,0,7,0
2026-09-06T18:40:00+02:00,2026-09-06T18:45:00+02:00,0,18,2,161,0,0,0,0,0,1,6,0,25,0,0,0,0,0,0,0,0,3,0
2026-09-06T18:45:00+02:00,2026-09-06T18:50:00+02:00,0,5,2,129,0,0,0,0,0,2,3,0,57,0,0,0,0,0,0,0,0,2,0
2026-09-06T18:50:00+02:00,2026-09-06T18:55:00+02:00,2,18,2,134,0,0,0,0,0,0,1,0,78,6,1,0,0,0,0,0,0,4,0
2026-09-06T18:55:00+02:00,2026-09-06T19:00:00+02:00,0,19,0,168,0,0,0,0,1,0,0,0,37,0,1,0,0,0,0,0,0,6,0
2026-09-06T19:00:00+02:00,2026-09-06T19:05:00+02:00,0,2,1,116,1,0,0,0,0,1,3,0,55,0,0,0,0,0,0,0,0,2,0
2026-09-06T19:05:00+02:00,2026-09-06T19:10:00+02:00,0,4,3,151,5,1,0,0,0,6,4,0,50,0,0,0,0,0,0,0,0,4,0
2026-09-06T19:10:00+02:00,2026-09-06T19:15:00+02:00,0,10,0,118,0,0,0,0,3,0,1,0,51,3,0,0,0,0,0,0,0,2,0
2026-09-06T19:15:00+02:00,2026-09-06T19:20:00+02:00,0,10,1,161,1,0,0,0,1,1,0,0,84,3,0,0,1,0,1,0,0,5,0
2026-09-06T19:20:00+02:00,2026-09-06T19:25:00+02:00,0,16,1,162,0,0,0,0,4,2,9,0,96,0,0,0,0,0,0,0,0,1,0
2026-09-06T19:25:00+02:00,2026-09-06T19:30:00+02:00,0,3,0,174,0,0,0,0,0,1,2,0,70,0,0,0,0,0,0,0,0,0,0
2026-09-06T19:30:00+02:00,2026-09-06T19:35:00+02:00,0,2,0,110,0,0,0,0,2,0,3,0,39,0,0,0,0,0,0,0,0,2,0
2026-09-06T19:35:00+02:00,2026-09-06T19:40:00+02:00,0,16,0,121,2,0,0,0,1,0,0,0,55,3,0,0,0,0,0,0,0,2,0
2026-09-06T19:40:00+02:00,2026-09-06T19:45:00+02:00,0,6,0,128,2,0,0,0,1,3,5,0,62,3,1,0,0,0,0,0,0,10,0
2026-09-06T19:45:00+02:00,2026-09-06T19:50:00+02:00,0,11,1,127,0,0,0,0,0,0,2,0,37,0,0,0,0,0,0,0,0,2,0
2026-09-06T19:50:00+02:00,2026-09-06T19:55:00+02:00,0,4,0,117,1,0,0,0,1,0,3,0,36,0,0,0,0,0,0,0,0,9,0
2026-09-06T19:55:00+02:00,2026-09-06T20:00:00+02:00,0,3,2,133,1,0,0,0,6,2,0,0,32,0,0,0,0,0,0,0,0,1,0
2026-09-06T20:00:00+02:00,2026-09-06T20:05:00+02:00,0,28,0,115,0,0,0,0,5,4,0,0,22,0,0,0,0,0,0,0,0,3,0
2026-09-06T20:05:00+02:00,2026-09-06T20:10:00+02:00,0,2,1,93,0,0,0,0,0,0,0,0,9,0,1,0,0,0,0,0,0,5,0
2026-09-06T20:10:00+02:00,2026-09-06T20:15:00+02:00,0,3,1,97,0,0,0,0,4,0,2,0,21,0,0,0,0,0,0,0,0,1,0
2026-09-06T20:15:00+02:00,2026-09-06T20:20:00+02:00,0,7,1,95,0,0,0,0,2,0,1,0,16,0,1,0,0,0,0,0,0,1,0
2026-09-06T20:20:00+02:00,2026-09-06T20:25:00+02:00,0,3,1,79,0,0,0,0,1,0,0,0,6,0,0,0,0,0,0,0,0,3,0
2026-09-06T20:25:00+02:00,2026-09-06T20:30:00+02:00,0,7,3,76,0,0,0,0,4,0,2,0,13,0,0,0,0,0,0,0,0,3,0
2026-09-06T20:30:00+02:00,2026-09-06T20:35:00+02:00,0,3,2,71,0,0,0,0,2,1,1,0,10,0,0,0,0,0,0,0,0,5,0
2026-09-06T20:35:00+02:00,2026-09-06T20:40:00+02:00,0,3,1,67,0,0,0,0,4,2,0,0,7,0,0,0,0,0,1,0,0,0,0
2026-09-06T20:40:00+02:00,2026-09-06T20:45:00+02:00,0,1,0,63,2,0,0,0,5,2,0,0,21,0,0,0,0,0,1,0,0,2,0
2026-09-06T20:45:00+02:00,2026-09-06T20:50:00+02:00,0,0,1,66,1,0,0,0,2,1,0,0,18,0,0,0,0,0,0,0,0,3,0
2026-09-06T20:50:00+02:00,2026-09-06T20:55:00+02:00,0,0,3,92,0,0,0,0,3,1,0,0,15,0,1,0,0,0,1,0,0,3,0
2026-09-06T20:55:00+02:00,2026-09-06T21:00:00+02:00,0,6,0,78,3,0,0,0,3,3,0,0,13,0,0,0,0,0,0,0,0,4,0
2026-09-06T21:00:00+02:00,2026-09-06T21:05:00+02:00,0,0,0,82,0,0,0,0,1,0,1,0,18,0,0,0,0,0,0,0,0,4,0
2026-09-06T21:05:00+02:00,2026-09-06T21:10:00+02:00,0,0,0,61,0,0,0,0,2,0,0,0,9,0,0,0,0,0,0,0,0,4,0
2026-09-06T21:10:00+02:00,2026-09-06T21:15:00+02:00,0,3,1,69,1,0,0,0,2,1,0,0,10,0,0,0,0,0,0,0,0,1,0
2026-09-06T21:15:00+02:00,2026-09-06T21:20:00+02:00,0,0,2,55,0,0,0,0,7,0,0,0,5,0,0,0,0,0,0,0,0,1,0
2026-09-06T21:20:00+02:00,2026-09-06T21:25:00+02:00,0,2,1,39,2,0,0,0,4,2,0,0,6,0,0,0,0,0,0,0,0,2,0
2026-09-06T21:25:00+02:00,2026-09-06T21:30:00+02:00,0,0,0,44,0,0,0,0,6,0,0,0,11,0,0,0,0,0,0,0,0,0,0
2026-09-06T21:30:00+02:00,2026-09-06T21:35:00+02:00,0,2,0,23,0,0,0,0,2,0,0,0,5,0,0,0,0,0,0,0,0,0,0
2026-09-06T21:35:00+02:00,2026-09-06T21:40:00+02:00,0,0,2,34,1,0,0,0,10,2,0,0,16,0,0,0,0,0,1,0,0,0,0
2026-09-06T21:40:00+02:00,2026-09-06T21:45:00+02:00,0,1,0,44,0,0,0,0,3,0,0,0,4,0,0,0,0,0,0,0,0,2,0
2026-09-06T21:45:00+02:00,2026-09-06T21:50:00+02:00,0,0,0,42,2,0,0,0,3,0,0,0,3,0,0,0,0,0,0,0,0,5,0
2026-09-06T21:50:00+02:00,2026-09-06T21:55:00+02:00,0,0,0,32,0,0,0,0,6,1,0,0,0,0,0,0,0,0,0,0,0,1,0
2026-09-06T21:55:00+02:00,2026-09-06T22:00:00+02:00,0,0,0,38,0,0,0,0,1,2,0,0,2,0,0,0,0,0,0,0,0,0,0
2026-09-06T22:00:00+02:00,2026-09-06T22:05:00+02:00,0,2,1,40,0,0,0,0,3,1,0,0,0,0,0,0,0,0,0,0,0,0,0
2026-09-06T22:05:00+02:00,2026-09-06T22:10:00+02:00,0,3,0,43,0,0,0,0,3,0,0,0,2,0,2,0,0,0,0,0,0,1,0
2026-09-06T22:10:00+02:00,2026-09-06T22:15:00+02:00,0,0,0,21,0,0,0,0,0,0,0,0,0,0,0,0,0,0,0,0,0,0,0
2026-09-06T22:15:00+02:00,2026-09-06T22:20:00+02:00,0,4,0,24,0,0,0,0,3,0,0,0,7,0,0,0,0,0,0,0,0,0,0
2026-09-06T22:20:00+02:00,2026-09-06T22:25:00+02:00,0,0,0,20,0,0,0,0,2,0,0,0,0,0,0,0,0,0,0,0,0,2,0
2026-09-06T22:25:00+02:00,2026-09-06T22:30:00+02:00,0,2,0,32,2,0,0,0,1,2,1,0,0,0,0,0,0,0,0,0,0,1,0
2026-09-06T22:30:00+02:00,2026-09-06T22:35:00+02:00,0,0,1,18,0,0,0,0,3,0,0,0,0,0,0,0,0,0,0,0,0,1,0
2026-09-06T22:35:00+02:00,2026-09-06T22:40:00+02:00,0,0,0,20,0,0,0,0,3,0,0,0,0,0,0,0,0,0,0,0,0,0,0
2026-09-06T22:40:00+02:00,2026-09-06T22:45:00+02:00,0,0,0,11,0,0,0,0,3,2,0,0,1,0,1,0,0,0,0,0,0,0,0
2026-09-06T22:45:00+02:00,2026-09-06T22:50:00+02:00,0,0,1,13,0,0,0,0,0,0,0,0,3,0,0,0,0,0,0,0,0,0,0
2026-09-06T22:50:00+02:00,2026-09-06T22:55:00+02:00,0,0,0,14,0,0,0,0,3,0,0,0,4,0,0,0,0,0,0,0,0,0,0
2026-09-06T22:55:00+02:00,2026-09-06T23:00:00+02:00,0,0,0,9,0,0,0,0,2,0,0,0,0,0,0,0,0,0,0,0,0,2,0
2026-09-06T23:00:00+02:00,2026-09-06T23:05:00+02:00,0,0,0,8,0,0,0,0,1,0,0,0,0,0,0,0,0,0,0,0,0,0,0
2026-09-06T23:05:00+02:00,2026-09-06T23:10:00+02:00,0,0,0,17,0,0,0,0,2,1,0,0,0,0,0,0,0,0,1,0,0,3,0
2026-09-06T23:10:00+02:00,2026-09-06T23:15:00+02:00,0,0,0,11,0,0,0,0,1,2,0,0,6,0,0,0,0,0,0,0,0,0,0
2026-09-06T23:15:00+02:00,2026-09-06T23:20:00+02:00,0,0,0,8,0,0,0,0,1,1,0,0,1,0,0,0,0,0,0,0,0,0,0
2026-09-06T23:20:00+02:00,2026-09-06T23:25:00+02:00,0,0,0,5,0,0,0,0,6,1,0,0,3,0,0,0,0,0,0,0,0,0,0
2026-09-06T23:25:00+02:00,2026-09-06T23:30:00+02:00,0,0,0,15,0,0,0,0,8,0,0,0,3,0,0,0,0,0,0,0,0,0,0
2026-09-06T23:30:00+02:00,2026-09-06T23:35:00+02:00,0,0,0,9,0,0,0,0,3,0,0,0,0,0,0,0,0,0,0,0,0,1,0
2026-09-06T23:35:00+02:00,2026-09-06T23:40:00+02:00,0,0,0,9,0,0,0,0,2,0,0,0,0,0,0,0,0,0,0,0,0,0,0
2026-09-06T23:40:00+02:00,2026-09-06T23:45:00+02:00,0,0,0,10,0,0,0,0,2,0,0,0,5,0,0,0,0,0,0,0,0,0,0
2026-09-06T23:45:00+02:00,2026-09-06T23:50:00+02:00,0,0,0,7,0,0,0,0,2,0,0,0,0,0,0,0,0,0,0,0,0,0,0
2026-09-06T23:50:00+02:00,2026-09-06T23:55:00+02:00,0,1,0,5,0,0,0,0,4,0,0,0,0,0,0,0,0,0,0,0,0,0,0
2026-09-06T23:55:00+02:00,2026-09-07T00:00:00+02:00,0,0,0,5,0,0,0,0,0,0,0,0,0,0,0,0,0,0,0,0,0,0,0
2026-09-07T00:00:00+02:00,2026-09-07T00:05:00+02:00,0,1,0,6,1,0,0,0,2,0,0,0,0,0,0,0,0,0,0,0,0,0,0
2026-09-07T00:05:00+02:00,2026-09-07T00:10:00+02:00,0,0,0,9,0,0,0,0,2,0,0,0,0,0,0,0,0,0,0,0,0,0,0
2026-09-07T00:10:00+02:00,2026-09-07T00:15:00+02:00,0,0,0,4,0,0,0,0,1,1,0,0,0,0,0,0,0,0,0,0,0,1,0
2026-09-07T00:15:00+02:00,2026-09-07T00:20:00+02:00,0,0,0,1,1,0,0,0,4,0,0,0,0,0,0,0,0,0,0,0,0,1,0
2026-09-07T00:20:00+02:00,2026-09-07T00:25:00+02:00,0,0,0,0,0,0,0,0,2,0,0,0,4,0,0,0,0,0,0,0,0,0,0
2026-09-07T00:25:00+02:00,2026-09-07T00:30:00+02:00,0,0,0,12,0,0,0,0,2,0,0,0,0,0,0,0,0,0,0,0,0,0,0
2026-09-07T00:30:00+02:00,2026-09-07T00:35:00+02:00,0,0,0,7,1,0,0,0,3,0,0,0,0,0,0,0,0,0,0,0,0,0,0
2026-09-07T00:35:00+02:00,2026-09-07T00:40:00+02:00,0,0,0,10,1,0,0,0,0,0,0,0,2,0,1,0,0,0,0,0,0,0,0
2026-09-07T00:40:00+02:00,2026-09-07T00:45:00+02:00,0,0,0,5,0,0,0,0,0,0,0,0,0,0,0,0,0,0,0,0,0,0,0
2026-09-07T00:45:00+02:00,2026-09-07T00:50:00+02:00,0,0,0,4,0,0,0,0,4,3,0,0,0,0,0,0,0,0,0,0,0,2,0
2026-09-07T00:50:00+02:00,2026-09-07T00:55:00+02:00,0,0,0,1,0,0,0,0,4,0,0,0,0,0,0,0,0,0,0,0,0,1,0
2026-09-07T00:55:00+02:00,2026-09-07T01:00:00+02:00,0,0,0,8,0,0,0,0,0,0,0,0,0,0,0,0,0,0,0,0,0,1,0
2026-09-07T01:00:00+02:00,2026-09-07T01:05:00+02:00,0,0,0,2,0,0,0,0,2,0,0,0,0,0,0,0,0,0,0,0,0,0,0
2026-09-07T01:05:00+02:00,2026-09-07T01:10:00+02:00,0,0,0,6,0,0,0,0,3,4,0,0,0,0,0,0,0,0,0,0,0,0,0
2026-09-07T01:10:00+02:00,2026-09-07T01:15:00+02:00,0,0,0,3,0,0,0,0,4,1,0,0,0,0,0,0,0,0,1,0,0,1,0
2026-09-07T01:15:00+02:00,2026-09-07T01:20:00+02:00,0,0,0,5,0,0,0,0,2,1,0,0,0,0,0,0,0,0,0,0,0,0,0
2026-09-07T01:20:00+02:00,2026-09-07T01:25:00+02:00,0,0,0,8,0,0,0,0,2,0,0,0,0,0,0,0,0,0,0,0,0,1,0
2026-09-07T01:25:00+02:00,2026-09-07T01:30:00+02:00,0,0,0,2,0,0,0,0,1,0,0,0,0,0,0,0,0,0,0,0,0,0,0
2026-09-07T01:30:00+02:00,2026-09-07T01:35:00+02:00,0,0,0,2,0,0,0,0,7,2,0,0,0,0,0,0,0,0,0,0,0,0,0
2026-09-07T01:35:00+02:00,2026-09-07T01:40:00+02:00,0,0,0,1,0,0,0,0,0,0,0,0,0,0,0,0,0,0,0,0,0,0,0
2026-09-07T01:40:00+02:00,2026-09-07T01:45:00+02:00,0,0,0,8,0,0,0,0,0,0,0,0,0,0,0,0,0,0,0,0,0,0,0
2026-09-07T01:45:00+02:00,2026-09-07T01:50:00+02:00,0,0,0,6,0,0,0,0,4,1,0,0,0,0,0,0,0,0,0,0,0,1,0
2026-09-07T01:50:00+02:00,2026-09-07T01:55:00+02:00,0,0,0,4,2,0,0,0,0,4,0,0,0,0,0,0,0,0,0,0,0,0,0
2026-09-07T01:55:00+02:00,2026-09-07T02:00:00+02:00,0,0,0,2,0,0,0,0,0,2,0,0,0,0,0,0,0,0,0,0,0,0,0
2026-09-07T02:00:00+02:00,2026-09-07T02:05:00+02:00,0,0,0,2,0,0,0,0,0,1,0,0,0,0,0,0,0,0,1,0,0,1,0
2026-09-07T02:05:00+02:00,2026-09-07T02:10:00+02:00,0,0,0,9,0,0,0,0,0,2,0,0,0,0,0,0,0,0,0,0,0,0,0
2026-09-07T02:10:00+02:00,2026-09-07T02:15:00+02:00,0,2,0,2,0,0,0,0,5,0,0,0,0,0,0,0,0,0,0,0,0,0,0
2026-09-07T02:15:00+02:00,2026-09-07T02:20:00+02:00,0,0,0,2,0,0,0,0,1,0,0,0,0,0,0,0,0,0,0,0,0,0,0
2026-09-07T02:20:00+02:00,2026-09-07T02:25:00+02:00,0,0,0,4,0,0,0,0,1,2,0,0,0,0,0,0,0,0,0,0,0,0,0
2026-09-07T02:25:00+02:00,2026-09-07T02:30:00+02:00,0,0,0,6,0,0,0,0,3,1,0,0,1,0,0,0,0,0,0,0,0,0,0
2026-09-07T02:30:00+02:00,2026-09-07T02:35:00+02:00,0,0,0,1,0,0,0,0,3,0,0,0,0,0,0,0,0,0,0,0,0,3,0
2026-09-07T02:35:00+02:00,2026-09-07T02:40:00+02:00,0,0,0,2,0,0,0,0,0,0,0,0,0,0,0,0,0,0,0,0,0,0,0
2026-09-07T02:40:00+02:00,2026-09-07T02:45:00+02:00,0,2,0,0,0,0,0,0,0,2,0,0,0,0,0,0,0,0,0,0,0,0,0
2026-09-07T02:45:00+02:00,2026-09-07T02:50:00+02:00,0,0,0,7,0,0,0,0,0,1,0,0,0,0,0,0,0,0,0,0,0,0,0
2026-09-07T02:50:00+02:00,2026-09-07T02:55:00+02:00,0,0,0,3,0,0,0,0,0,4,0,0,0,0,0,0,0,0,0,0,0,0,0
2026-09-07T02:55:00+02:00,2026-09-07T03:00:00+02:00,0,0,0,10,0,0,0,0,1,0,0,0,0,0,0,0,0,0,0,0,0,1,0
2026-09-07T03:00:00+02:00,2026-09-07T03:05:00+02:00,0,1,0,8,0,0,0,0,2,1,0,0,0,0,0,0,0,0,0,0,0,1,0
2026-09-07T03:05:00+02:00,2026-09-07T03:10:00+02:00,0,0,0,5,0,0,0,0,7,2,0,0,1,0,0,0,0,0,0,0,0,0,0
2026-09-07T03:10:00+02:00,2026-09-07T03:15:00+02:00,0,0,0,1,0,0,0,0,3,3,0,0,0,0,0,0,0,0,0,0,0,0,0
2026-09-07T03:15:00+02:00,2026-09-07T03:20:00+02:00,0,2,0,6,0,0,0,0,0,2,0,0,3,0,1,0,0,0,0,0,0,0,0
2026-09-07T03:20:00+02:00,2026-09-07T03:25:00+02:00,0,0,0,8,0,0,0,0,5,3,0,0,0,0,0,0,0,0,0,0,0,0,0
2026-09-07T03:25:00+02:00,2026-09-07T03:30:00+02:00,0,1,0,7,0,0,0,0,1,1,0,0,0,0,0,0,0,0,0,0,0,2,0
2026-09-07T03:30:00+02:00,2026-09-07T03:35:00+02:00,0,0,0,5,0,0,0,0,4,4,0,0,0,0,0,0,0,0,0,0,0,0,0
2026-09-07T03:35:00+02:00,2026-09-07T03:40:00+02:00,0,0,0,4,0,0,0,0,4,1,0,0,0,0,0,0,0,0,0,0,0,0,0
2026-09-07T03:40:00+02:00,2026-09-07T03:45:00+02:00,0,0,0,13,0,0,0,0,5,1,0,0,0,0,0,0,0,0,1,0,0,1,0
2026-09-07T03:45:00+02:00,2026-09-07T03:50:00+02:00,0,0,0,6,0,0,0,0,2,3,0,0,4,0,0,0,0,0,1,0,0,4,0
2026-09-07T03:50:00+02:00,2026-09-07T03:55:00+02:00,0,2,0,12,0,0,0,0,1,2,0,0,1,0,0,0,0,0,0,0,0,3,0
2026-09-07T03:55:00+02:00,2026-09-07T04:00:00+02:00,0,1,0,15,0,0,0,0,1,1,0,0,0,0,0,0,0,0,0,0,0,0,0
2026-09-07T04:00:00+02:00,2026-09-07T04:05:00+02:00,0,0,1,7,0,0,0,0,9,2,0,0,0,0,0,0,0,0,0,0,0,3,0
2026-09-07T04:05:00+02:00,2026-09-07T04:10:00+02:00,0,0,5,11,0,0,0,0,4,4,0,0,0,0,0,0,0,0,0,0,0,0,0
2026-09-07T04:10:00+02:00,2026-09-07T04:15:00+02:00,0,0,6,12,0,0,0,0,0,0,0,0,3,0,0,0,0,0,0,0,0,2,0
2026-09-07T04:15:00+02:00,2026-09-07T04:20:00+02:00,0,0,3,15,1,0,0,0,4,3,0,0,0,0,0,0,0,0,0,0,0,0,0
2026-09-07T04:20:00+02:00,2026-09-07T04:25:00+02:00,0,0,4,17,0,0,0,0,2,3,0,0,3,0,0,0,0,0,0,0,0,4,0
2026-09-07T04:25:00+02:00,2026-09-07T04:30:00+02:00,0,1,1,17,0,0,0,0,4,3,0,0,9,0,0,0,0,0,0,0,0,0,0
2026-09-07T04:30:00+02:00,2026-09-07T04:35:00+02:00,0,6,1,25,0,0,0,0,6,1,0,0,5,0,0,0,0,0,0,0,0,3,0
2026-09-07T04:35:00+02:00,2026-09-07T04:40:00+02:00,0,3,1,17,0,0,0,0,4,0,0,0,2,0,0,0,0,0,0,0,0,0,0
2026-09-07T04:40:00+02:00,2026-09-07T04:45:00+02:00,0,2,0,29,0,0,0,0,8,1,0,0,1,0,0,0,0,0,0,0,0,2,0
2026-09-07T04:45:00+02:00,2026-09-07T04:50:00+02:00,0,1,0,26,0,0,0,0,2,2,1,0,4,0,0,0,0,0,0,0,0,2,0
2026-09-07T04:50:00+02:00,2026-09-07T04:55:00+02:00,0,1,1,43,0,0,0,0,5,2,0,0,0,0,0,0,0,0,0,0,0,2,0
2026-09-07T04:55:00+02:00,2026-09-07T05:00:00+02:00,0,1,3,48,0,0,0,0,5,0,0,0,4,0,0,0,0,0,0,0,0,4,0
2026-09-07T05:00:00+02:00,2026-09-07T05:05:00+02:00,0,2,1,43,0,0,0,0,1,4,0,0,3,0,0,0,0,0,1,0,0,1,0
2026-09-07T05:05:00+02:00,2026-09-07T05:10:00+02:00,0,3,2,37,2,0,0,0,6,8,0,0,23,0,0,0,0,0,2,0,0,1,0
2026-09-07T05:10:00+02:00,2026-09-07T05:15:00+02:00,0,4,6,46,0,0,0,0,2,3,1,0,1,0,0,0,0,0,0,0,0,2,0
2026-09-07T05:15:00+02:00,2026-09-07T05:20:00+02:00,0,1,2,33,0,0,0,0,8,8,0,0,21,0,0,0,0,0,2,0,0,0,0
2026-09-07T05:20:00+02:00,2026-09-07T05:25:00+02:00,0,4,4,80,0,0,0,0,10,3,0,0,9,0,0,0,0,0,0,0,0,6,0
2026-09-07T05:25:00+02:00,2026-09-07T05:30:00+02:00,0,16,6,84,0,0,0,0,6,2,2,0,9,0,0,0,0,0,1,0,0,2,0
2026-09-07T05:30:00+02:00,2026-09-07T05:35:00+02:00,0,6,5,85,0,0,0,0,7,3,2,0,19,3,0,0,0,0,0,0,0,7,0
2026-09-07T05:35:00+02:00,2026-09-07T05:40:00+02:00,0,1,5,103,2,0,0,0,5,5,4,0,20,1,0,0,0,0,0,0,0,11,0
2026-09-07T05:40:00+02:00,2026-09-07T05:45:00+02:00,0,2,11,91,1,0,0,0,7,5,2,0,12,0,0,0,0,0,0,0,0,7,0
2026-09-07T05:45:00+02:00,2026-09-07T05:50:00+02:00,0,3,1,95,0,0,0,0,10,7,1,0,17,0,0,0,0,0,1,0,0,6,0
2026-09-07T05:50:00+02:00,2026-09-07T05:55:00+02:00,0,2,3,83,0,0,0,0,3,6,0,0,10,0,0,0,0,0,1,0,0,10,0
2026-09-07T05:55:00+02:00,2026-09-07T06:00:00+02:00,0,7,1,86,0,0,0,0,8,4,0,0,31,0,0,0,0,0,0,0,0,5,0
2026-09-07T06:00:00+02:00,2026-09-07T06:05:00+02:00,0,3,2,75,0,0,0,0,10,4,0,0,27,0,0,0,0,0,3,0,0,6,0
2026-09-07T06:05:00+02:00,2026-09-07T06:10:00+02:00,0,2,2,94,0,0,0,0,8,5,0,0,21,0,0,0,0,0,0,0,0,6,0
2026-09-07T06:10:00+02:00,2026-09-07T06:15:00+02:00,0,25,1,94,2,0,0,0,5,4,1,0,10,0,0,0,0,0,0,0,0,4,0
2026-09-07T06:15:00+02:00,2026-09-07T06:20:00+02:00,0,0,3,121,0,0,0,0,12,5,3,0,10,0,0,0,0,0,0,0,0,13,0
2026-09-07T06:20:00+02:00,2026-09-07T06:25:00+02:00,0,0,3,133,1,0,0,0,6,1,0,0,17,0,0,0,0,0,0,0,0,6,0
2026-09-07T06:25:00+02:00,2026-09-07T06:30:00+02:00,0,17,3,122,0,0,0,0,5,2,0,0,12,0,2,0,0,0,0,0,0,10,0
2026-09-07T06:30:00+02:00,2026-09-07T06:35:00+02:00,0,4,1,109,0,0,0,0,15,10,1,0,31,0,0,0,0,0,2,0,0,9,0
2026-09-07T06:35:00+02:00,2026-09-07T06:40:00+02:00,0,7,4,124,2,0,0,0,12,14,0,0,39,0,2,0,0,0,0,0,0,8,0
2026-09-07T06:40:00+02:00,2026-09-07T06:45:00+02:00,0,4,1,136,1,0,0,0,8,4,0,0,22,0,0,0,0,0,1,0,0,11,0
2026-09-07T06:45:00+02:00,2026-09-07T06:50:00+02:00,0,9,2,165,2,0,0,0,6,7,2,0,33,0,0,0,1,0,0,0,0,18,0
2026-09-07T06:50:00+02:00,2026-09-07T06:55:00+02:00,0,4,3,151,1,0,0,0,9,6,3,0,38,0,0,0,2,0,1,0,0,6,0
2026-09-07T06:55:00+02:00,2026-09-07T07:00:00+02:00,0,5,4,152,5,0,0,0,12,6,0,0,64,0,0,0,2,0,0,0,0,9,0
2026-09-07T07:00:00+02:00,2026-09-07T07:05:00+02:00,0,16,0,176,3,0,0,0,11,19,0,0,29,0,0,0,0,0,3,0,0,21,0
2026-09-07T07:05:00+02:00,2026-09-07T07:10:00+02:00,0,10,3,175,0,0,0,0,8,14,0,0,20,0,0,0,0,0,0,0,0,21,0
2026-09-07T07:10:00+02:00,2026-09-07T07:15:00+02:00,0,3,7,149,0,0,0,0,9,13,4,0,47,0,0,0,0,0,0,0,0,21,0
2026-09-07T07:15:00+02:00,2026-09-07T07:20:00+02:00,0,13,2,151,0,1,0,0,10,19,0,0,78,0,0,0,0,0,0,0,0,15,0
2026-09-07T07:20:00+02:00,2026-09-07T07:25:00+02:00,0,4,6,148,3,0,0,0,17,12,3,0,66,0,0,0,0,0,0,0,0,8,0
2026-09-07T07:25:00+02:00,2026-09-07T07:30:00+02:00,0,4,13,154,0,0,0,0,8,18,0,0,184,0,0,0,3,0,0,0,0,14,0
2026-09-07T07:30:00+02:00,2026-09-07T07:35:00+02:00,1,12,10,215,3,0,0,0,7,17,1,0,111,0,0,0,2,0,0,0,0,15,0
2026-09-07T07:35:00+02:00,2026-09-07T07:40:00+02:00,2,18,7,211,2,0,0,0,4,8,2,0,160,0,0,0,0,0,0,0,0,18,0
2026-09-07T07:40:00+02:00,2026-09-07T07:45:00+02:00,0,30,7,212,3,0,0,0,8,20,0,0,80,0,0,0,2,0,1,0,0,9,0
2026-09-07T07:45:00+02:00,2026-09-07T07:50:00+02:00,0,7,4,232,0,0,0,0,9,10,0,0,90,0,0,0,0,0,0,0,0,7,0
2026-09-07T07:50:00+02:00,2026-09-07T07:55:00+02:00,0,3,0,213,0,0,0,0,7,20,0,0,64,0,0,0,0,0,1,0,0,9,0
2026-09-07T07:55:00+02:00,2026-09-07T08:00:00+02:00,0,14,4,203,0,0,0,0,6,13,0,0,35,0,0,0,0,0,0,0,0,14,0
2026-09-07T08:00:00+02:00,2026-09-07T08:05:00+02:00,0,9,5,191,2,0,0,0,16,17,0,0,58,0,0,0,0,0,1,0,0,11,0
2026-09-07T08:05:00+02:00,2026-09-07T08:10:00+02:00,0,21,4,174,5,0,0,0,9,10,0,0,63,0,0,0,2,0,3,0,0,12,0
2026-09-07T08:10:00+02:00,2026-09-07T08:15:00+02:00,0,13,2,174,4,0,0,0,11,22,1,0,95,0,0,0,2,0,3,0,0,13,0
2026-09-07T08:15:00+02:00,2026-09-07T08:20:00+02:00,0,14,5,139,1,0,0,0,12,14,1,0,66,0,1,0,1,0,2,0,0,15,0
2026-09-07T08:20:00+02:00,2026-09-07T08:25:00+02:00,0,9,1,159,4,0,0,0,16,19,0,0,81,0,0,0,0,0,1,0,0,22,0
2026-09-07T08:25:00+02:00,2026-09-07T08:30:00+02:00,0,19,1,148,4,0,0,0,10,11,4,0,69,0,0,0,1,0,1,0,0,19,0
2026-09-07T08:30:00+02:00,2026-09-07T08:35:00+02:00,0,21,4,150,4,0,0,0,11,15,2,0,115,0,1,0,0,0,1,0,0,11,0
2026-09-07T08:35:00+02:00,2026-09-07T08:40:00+02:00,0,2,0,159,2,0,0,0,13,7,1,0,68,0,0,0,1,0,1,0,0,18,0
2026-09-07T08:40:00+02:00,2026-09-07T08:45:00+02:00,0,13,4,141,1,0,0,0,11,11,0,0,87,1,0,0,1,0,1,0,0,14,0
2026-09-07T08:45:00+02:00,2026-09-07T08:50:00+02:00,0,31,5,180,4,0,0,0,13,19,1,0,94,0,0,0,0,0,2,0,0,17,0
2026-09-07T08:50:00+02:00,2026-09-07T08:55:00+02:00,0,13,3,188,4,0,0,0,11,13,2,0,137,5,0,0,1,0,2,0,0,20,0
2026-09-07T08:55:00+02:00,2026-09-07T09:00:00+02:00,0,4,4,153,1,0,0,0,11,22,2,0,149,0,0,0,0,0,2,0,0,16,0
2026-09-07T09:00:00+02:00,2026-09-07T09:05:00+02:00,0,12,2,197,1,0,0,0,11,18,1,0,76,0,0,0,0,0,2,0,0,19,0
2026-09-07T09:05:00+02:00,2026-09-07T09:10:00+02:00,0,14,5,179,0,0,0,0,7,14,0,0,98,1,0,0,0,0,0,0,0,32,0
2026-09-07T09:10:00+02:00,2026-09-07T09:15:00+02:00,0,27,3,178,3,0,0,0,10,8,0,0,144,0,0,0,7,0,2,0,0,21,0
2026-09-07T09:15:00+02:00,2026-09-07T09:20:00+02:00,0,29,2,167,0,0,0,0,9,11,3,0,199,0,0,0,1,0,1,0,0,18,0
2026-09-09T21:35:00+02:00,2026-09-09T21:40:00+02:00,0,0,0,0,0,0,0,0,0,0,0,0,0,0,0,0,0,0,0,0,0,0,0
2026-09-09T21:41:04.48+02:00,2026-09-09T21:45:00+02:00,0,0,0,25,0,0,0,0,1,0,0,0,0,0,0,0,0,0,0,0,0,0,0
2026-09-09T21:45:00+02:00,2026-09-09T21:50:00+02:00,0,2,0,28,0,0,0,0,3,0,0,0,7,0,0,0,0,0,0,0,0,0,0
2026-09-09T21:50:00+02:00,2026-09-09T21:55:00+02:00,0,0,0,30,0,0,0,0,3,0,0,0,3,0,0,0,0,0,0,0,0,1,0
2026-09-09T21:55:00+02:00,2026-09-09T22:00:00+02:00,2,3,2,24,0,0,0,0,0,0,0,0,15,0,0,0,0,0,0,0,0,4,0
2026-09-09T22:00:00+02:00,2026-09-09T22:05:00+02:00,0,0,0,43,0,0,0,0,0,0,0,0,3,0,0,0,0,0,0,0,0,1,0
2026-09-09T22:05:00+02:00,2026-09-09T22:10:00+02:00,0,2,0,101,2,0,0,0,1,0,0,0,3,0,0,0,0,0,0,0,0,2,0
2026-09-09T22:10:00+02:00,2026-09-09T22:15:00+02:00,0,5,1,58,0,0,0,0,2,1,0,0,5,0,1,0,0,0,1,0,0,1,0
2026-09-09T22:15:00+02:00,2026-09-09T22:20:00+02:00,0,6,1,32,0,0,0,0,1,0,1,0,3,0,0,0,0,0,0,0,0,3,0
2026-09-09T22:20:00+02:00,2026-09-09T22:25:00+02:00,0,2,3,24,0,0,0,0,1,0,2,0,0,0,0,0,0,0,0,0,0,1,0
2026-09-09T22:25:00+02:00,2026-09-09T22:30:00+02:00,0,0,1,20,0,0,0,0,4,0,0,0,4,0,0,0,0,0,0,0,0,0,0
2026-09-09T22:30:00+02:00,2026-09-09T22:35:00+02:00,0,1,0,24,0,0,0,0,2,0,0,0,3,0,0,0,0,0,0,0,0,0,0
2026-09-09T22:35:00+02:00,2026-09-09T22:40:00+02:00,0,1,2,16,0,0,0,0,0,0,0,0,3,0,0,0,0,0,0,0,0,1,0
2026-09-09T22:40:00+02:00,2026-09-09T22:45:00+02:00,0,0,0,26,0,0,0,0,5,2,0,0,0,0,0,0,1,0,0,0,0,0,0
2026-09-09T22:45:00+02:00,2026-09-09T22:50:00+02:00,0,1,0,30,0,0,0,0,1,0,1,0,1,0,0,0,0,0,0,0,0,0,0
2026-09-09T22:50:00+02:00,2026-09-09T22:55:00+02:00,0,0,0,29,0,0,0,0,0,0,2,0,1,0,0,0,0,0,0,0,0,1,0
2026-09-09T22:55:00+02:00,2026-09-09T23:00:00+02:00,0,1,1,20,0,0,0,0,2,0,0,0,2,0,0,0,0,0,0,0,0,1,0
2026-09-09T23:00:00+02:00,2026-09-09T23:05:00+02:00,0,0,0,27,0,0,0,0,0,0,0,0,5,0,0,0,0,0,0,0,0,1,0
2026-09-09T23:05:00+02:00,2026-09-09T23:10:00+02:00,0,0,0,23,1,0,0,0,0,2,0,0,0,0,0,0,0,0,2,0,0,2,0
2026-09-09T23:10:00+02:00,2026-09-09T23:15:00+02:00,0,0,0,16,0,0,0,0,0,0,0,0,3,0,0,0,0,0,0,0,0,1,0
2026-09-09T23:15:00+02:00,2026-09-09T23:20:00+02:00,0,0,4,24,0,0,0,0,2,0,0,0,2,0,0,0,0,0,0,0,0,1,0
2026-09-09T23:20:00+02:00,2026-09-09T23:25:00+02:00,0,0,2,24,0,0,0,0,1,0,0,0,0,0,0,0,0,0,0,0,0,0,0
2026-09-09T23:25:00+02:00,2026-09-09T23:30:00+02:00,0,0,7,35,0,0,0,0,0,0,0,0,1,0,0,0,0,0,0,0,0,1,0
2026-09-09T23:30:00+02:00,2026-09-09T23:35:00+02:00,0,0,5,18,0,0,0,0,2,0,0,0,3,0,0,0,0,2,0,0,0,0,0
2026-09-09T23:35:00+02:00,2026-09-09T23:40:00+02:00,0,0,3,14,0,0,0,0,3,1,0,0,0,0,0,0,0,0,0,0,0,0,0
2026-09-09T23:40:00+02:00,2026-09-09T23:45:00+02:00,0,0,0,32,0,0,0,0,4,2,0,0,10,0,0,0,0,0,1,0,0,2,0
2026-09-09T23:45:00+02:00,2026-09-09T23:50:00+02:00,0,0,1,18,0,0,0,0,3,0,0,0,1,0,0,0,0,0,0,0,0,1,0
2026-09-09T23:50:00+02:00,2026-09-09T23:55:00+02:00,0,0,0,23,0,0,0,0,0,1,0,0,1,0,0,0,0,0,0,0,0,1,0
2026-09-09T23:55:00+02:00,2026-09-10T00:00:00+02:00,1,0,1,15,0,0,0,0,0,0,0,0,1,0,0,0,0,0,0,0,0,1,0
2026-09-10T00:00:00+02:00,2026-09-10T00:05:00+02:00,1,0,0,10,0,0,0,0,0,0,0,0,19,0,0,0,0,0,0,0,0,0,0
2026-09-10T00:05:00+02:00,2026-09-10T00:10:00+02:00,0,0,0,18,0,0,0,0,2,0,0,0,13,0,0,0,0,0,0,0,0,1,0
2026-09-10T00:10:00+02:00,2026-09-10T00:15:00+02:00,0,0,0,16,1,0,0,0,2,1,0,0,17,0,0,0,0,0,0,0,0,0,0
2026-09-10T00:15:00+02:00,2026-09-10T00:20:00+02:00,0,0,0,5,0,0,0,0,2,0,0,0,9,0,0,0,0,0,0,0,0,0,0
2026-09-10T00:20:00+02:00,2026-09-10T00:25:00+02:00,0,0,0,7,2,0,0,0,0,0,0,0,33,0,0,0,0,0,0,0,0,2,0
2026-09-10T00:25:00+02:00,2026-09-10T00:30:00+02:00,0,0,0,8,0,0,0,0,0,0,0,0,2,0,0,0,0,0,0,0,0,0,0
2026-09-10T00:30:00+02:00,2026-09-10T00:35:00+02:00,0,0,0,1,0,0,0,0,0,0,0,0,0,0,0,0,0,0,0,0,0,0,0
2026-09-10T00:35:00+02:00,2026-09-10T00:40:00+02:00,0,3,0,8,0,0,0,0,0,1,0,0,19,0,0,0,0,0,1,0,0,0,0
2026-09-10T00:40:00+02:00,2026-09-10T00:45:00+02:00,0,0,0,4,0,0,0,0,0,1,0,0,30,0,0,0,0,0,0,0,0,0,0
2026-09-10T00:45:00+02:00,2026-09-10T00:50:00+02:00,0,0,0,11,2,0,0,0,5,2,0,0,41,0,0,0,0,0,0,0,0,0,0
2026-09-10T00:50:00+02:00,2026-09-10T00:55:00+02:00,0,0,0,5,0,0,0,0,1,1,0,0,39,0,0,0,0,0,0,0,0,0,0
2026-09-10T00:55:00+02:00,2026-09-10T01:00:00+02:00,0,0,0,5,0,0,0,0,1,0,0,0,17,0,0,0,0,0,0,0,0,0,0
2026-09-10T01:00:00+02:00,2026-09-10T01:05:00+02:00,0,0,0,7,0,0,0,0,2,0,0,0,16,0,0,0,0,0,0,0,0,0,0
2026-09-10T01:05:00+02:00,2026-09-10T01:10:00+02:00,0,0,0,4,0,0,0,0,0,0,0,0,21,0,0,0,0,0,0,0,0,2,0
2026-09-10T01:10:00+02:00,2026-09-10T01:15:00+02:00,0,1,0,2,0,0,0,0,2,0,0,0,38,0,0,0,0,0,0,0,0,0,0
2026-09-10T01:15:00+02:00,2026-09-10T01:20:00+02:00,0,0,0,2,0,0,0,0,2,0,0,0,37,0,0,0,0,0,0,0,0,0,0
2026-09-10T01:20:00+02:00,2026-09-10T01:25:00+02:00,0,0,0,3,0,0,0,0,2,2,0,0,12,0,0,0,0,0,0,0,0,2,0
2026-09-10T01:25:00+02:00,2026-09-10T01:30:00+02:00,0,0,0,10,0,0,0,0,7,4,0,0,1,0,0,0,0,0,0,0,0,0,0
2026-09-10T01:30:00+02:00,2026-09-10T01:35:00+02:00,0,0,0,3,0,0,0,0,3,1,0,0,0,0,0,0,0,0,0,0,0,0,0
2026-09-10T01:35:00+02:00,2026-09-10T01:40:00+02:00,0,0,0,4,0,0,0,0,5,1,0,0,1,0,0,0,0,0,0,0,0,0,0
2026-09-10T01:40:00+02:00,2026-09-10T01:45:00+02:00,0,2,0,4,0,0,0,0,1,0,0,0,0,0,0,0,0,0,0,0,0,0,0
2026-09-10T01:45:00+02:00,2026-09-10T01:50:00+02:00,0,1,0,5,0,0,0,0,1,0,0,0,2,0,0,0,0,0,0,0,0,0,0
2026-09-10T01:50:00+02:00,2026-09-10T01:55:00+02:00,0,0,0,1,0,0,0,0,1,0,0,0,0,0,0,0,0,0,0,0,0,0,0
2026-09-10T01:55:00+02:00,2026-09-10T02:00:00+02:00,0,0,0,2,0,0,0,0,0,1,0,0,4,0,0,0,0,0,0,0,0,0,0
2026-09-10T02:00:00+02:00,2026-09-10T02:05:00+02:00,0,0,0,6,0,0,0,0,4,1,0,0,39,0,0,0,0,0,1,0,0,0,0
2026-09-10T02:05:00+02:00,2026-09-10T02:10:00+02:00,0,0,0,9,0,0,0,0,1,5,0,0,35,0,0,0,0,0,0,0,0,0,0
2026-09-10T02:10:00+02:00,2026-09-10T02:15:00+02:00,0,0,0,4,0,0,0,0,0,2,0,0,26,0,0,0,0,0,1,0,0,2,0
2026-09-10T02:15:00+02:00,2026-09-10T02:20:00+02:00,0,0,0,6,0,0,0,0,5,3,0,0,34,0,0,0,0,0,0,0,0,0,0
2026-09-10T02:20:00+02:00,2026-09-10T02:25:00+02:00,0,1,0,5,0,0,0,0,1,1,0,0,47,0,0,0,0,0,0,0,0,0,0
2026-09-10T02:25:00+02:00,2026-09-10T02:30:00+02:00,0,0,0,2,0,0,0,0,3,2,0,0,15,0,0,0,0,0,0,0,0,0,0
2026-09-10T02:30:00+02:00,2026-09-10T02:35:00+02:00,0,0,0,6,0,0,0,0,1,1,0,0,11,0,0,0,0,0,0,0,0,1,0
2026-09-10T02:35:00+02:00,2026-09-10T02:40:00+02:00,0,0,0,3,0,0,0,0,0,2,0,0,11,0,0,0,0,0,0,0,0,2,0
2026-09-10T02:40:00+02:00,2026-09-10T02:45:00+02:00,0,2,0,3,0,0,0,0,0,3,0,0,5,0,0,0,0,0,0,0,0,1,0
2026-09-10T02:45:00+02:00,2026-09-10T02:50:00+02:00,0,0,0,9,0,0,0,0,2,2,0,0,2,0,0,0,0,0,0,0,0,0,0
2026-09-10T02:50:00+02:00,2026-09-10T02:55:00+02:00,0,0,0,8,0,0,0,0,2,0,0,0,0,0,0,0,0,0,0,0,0,1,0
2026-09-10T02:55:00+02:00,2026-09-10T03:00:00+02:00,0,0,0,11,0,0,0,0,3,1,0,0,0,0,0,0,0,0,0,0,0,0,0
2026-09-10T03:00:00+02:00,2026-09-10T03:05:00+02:00,0,0,0,6,0,0,0,0,3,1,0,0,0,0,0,0,0,0,0,0,0,1,0
2026-09-10T03:05:00+02:00,2026-09-10T03:10:00+02:00,0,0,0,6,0,0,0,0,5,1,0,0,0,0,0,0,0,0,0,0,0,0,0
2026-09-10T03:10:00+02:00,2026-09-10T03:15:00+02:00,0,0,0,1,0,0,0,0,0,0,0,0,0,0,0,0,0,0,0,0,0,1,0
2026-09-10T03:15:00+02:00,2026-09-10T03:20:00+02:00,0,4,0,0,0,0,0,0,5,1,0,0,0,0,0,0,0,0,0,0,0,2,0
2026-09-10T03:20:00+02:00,2026-09-10T03:25:00+02:00,0,0,0,2,0,0,0,0,6,1,0,0,0,0,0,0,0,0,0,0,0,1,0
2026-09-10T03:25:00+02:00,2026-09-10T03:30:00+02:00,0,2,0,10,0,0,0,0,6,0,0,0,0,0,0,0,0,0,0,0,0,1,0
2026-09-10T03:30:00+02:00,2026-09-10T03:35:00+02:00,0,0,0,2,0,0,0,0,2,0,0,0,0,0,0,0,0,0,0,0,0,2,0
2026-09-10T03:35:00+02:00,2026-09-10T03:40:00+02:00,0,0,0,2,0,0,0,0,0,3,0,0,0,0,0,0,0,0,0,0,0,3,0
2026-09-10T03:40:00+02:00,2026-09-10T03:45:00+02:00,0,0,1,13,1,0,0,0,2,1,0,0,1,0,0,0,0,0,0,0,0,0,0
2026-09-10T03:45:00+02:00,2026-09-10T03:50:00+02:00,0,0,0,6,0,0,0,0,1,0,0,0,3,0,0,0,0,0,0,0,0,0,0
2026-09-10T03:50:00+02:00,2026-09-10T03:55:00+02:00,0,1,1,9,0,0,0,0,6,2,0,0,2,0,0,0,0,0,0,0,0,0,0
2026-09-10T03:55:00+02:00,2026-09-10T04:00:00+02:00,0,0,1,9,0,0,0,0,7,4,0,0,4,0,0,0,0,0,0,0,0,0,0
2026-09-10T04:00:00+02:00,2026-09-10T04:05:00+02:00,0,1,1,9,0,0,0,0,8,0,0,0,0,0,0,0,0,0,0,0,0,0,0
2026-09-10T04:05:00+02:00,2026-09-10T04:10:00+02:00,0,0,3,20,0,0,0,0,2,0,0,0,0,0,0,0,0,0,0,0,0,0,0
2026-09-10T04:10:00+02:00,2026-09-10T04:15:00+02:00,0,0,5,15,0,0,0,0,5,4,0,0,3,0,0,0,0,0,2,0,0,0,0
2026-09-10T04:15:00+02:00,2026-09-10T04:20:00+02:00,0,0,3,19,1,0,0,0,4,4,0,0,8,0,0,0,0,0,0,0,0,1,0
2026-09-10T04:20:00+02:00,2026-09-10T04:25:00+02:00,0,1,5,14,0,0,0,0,6,3,0,0,0,0,0,0,0,0,1,0,0,3,0
2026-09-10T04:25:00+02:00,2026-09-10T04:30:00+02:00,0,5,2,22,0,0,0,0,3,1,0,0,2,0,0,0,0,0,0,0,0,7,0
2026-09-10T04:30:00+02:00,2026-09-10T04:35:00+02:00,0,0,2,24,0,0,0,0,6,1,0,0,5,0,0,0,0,0,0,0,0,4,0
2026-09-10T04:35:00+02:00,2026-09-10T04:40:00+02:00,0,3,1,18,0,0,0,0,2,6,0,0,3,0,0,0,0,0,0,0,0,0,0
2026-09-10T04:40:00+02:00,2026-09-10T04:45:00+02:00,0,2,0,27,0,0,0,0,9,4,0,0,0,0,0,0,0,0,1,0,0,2,0
2026-09-10T04:45:00+02:00,2026-09-10T04:50:00+02:00,0,1,0,29,0,0,0,0,8,7,0,0,9,0,0,0,0,0,0,0,0,3,0
2026-09-10T04:50:00+02:00,2026-09-10T04:55:00+02:00,0,6,1,53,0,0,0,0,6,5,0,0,5,0,0,0,0,0,0,0,0,5,0
2026-09-10T04:55:00+02:00,2026-09-10T05:00:00+02:00,0,0,1,37,0,0,0,0,9,4,0,0,3,0,0,0,0,0,0,0,0,5,0
2026-09-10T05:00:00+02:00,2026-09-10T05:05:00+02:00,0,0,1,36,0,0,0,0,8,9,0,0,8,0,0,0,0,0,0,0,0,6,0
2026-09-10T05:05:00+02:00,2026-09-10T05:10:00+02:00,0,0,5,34,0,0,0,0,4,5,0,0,8,0,0,0,0,0,2,0,0,0,0
2026-09-10T05:10:00+02:00,2026-09-10T05:15:00+02:00,0,2,8,46,0,0,0,0,5,3,0,0,5,0,0,0,0,0,0,0,0,9,0
2026-09-10T05:15:00+02:00,2026-09-10T05:20:00+02:00,0,4,5,51,0,0,0,0,9,3,2,0,10,0,0,0,0,0,0,0,0,3,0
2026-09-10T05:20:00+02:00,2026-09-10T05:25:00+02:00,0,4,3,88,0,0,0,0,2,4,0,0,9,0,0,0,0,0,2,0,0,1,0
2026-09-10T05:25:00+02:00,2026-09-10T05:30:00+02:00,0,2,6,81,0,0,0,0,6,4,0,0,10,0,0,0,0,0,0,0,0,7,0
2026-09-10T05:30:00+02:00,2026-09-10T05:35:00+02:00,0,8,5,84,0,0,0,0,10,2,0,0,17,0,0,0,0,0,1,0,0,4,0
2026-09-10T05:35:00+02:00,2026-09-10T05:40:00+02:00,1,5,4,109,0,0,0,0,8,3,1,0,6,0,0,0,0,0,0,0,0,8,0
2026-09-10T05:40:00+02:00,2026-09-10T05:45:00+02:00,0,1,5,119,0,0,0,0,5,6,0,0,2,0,0,0,0,0,2,0,0,7,0
2026-09-10T05:45:00+02:00,2026-09-10T05:50:00+02:00,0,4,1,107,1,0,0,0,4,6,2,0,18,0,0,0,0,0,0,0,0,7,0
2026-09-10T05:50:00+02:00,2026-09-10T05:55:00+02:00,0,1,3,85,0,0,0,0,11,6,1,0,16,0,0,0,0,0,0,0,0,15,0
2026-09-10T05:55:00+02:00,2026-09-10T06:00:00+02:00,0,1,2,65,0,0,0,0,7,5,0,0,10,0,0,0,0,0,0,0,0,9,0
2026-09-10T06:00:00+02:00,2026-09-10T06:05:00+02:00,0,7,2,65,2,0,0,0,10,6,2,0,17,0,0,0,0,0,1,0,0,13,0
2026-09-10T06:05:00+02:00,2026-09-10T06:10:00+02:00,0,7,3,104,0,0,0,0,7,2,3,0,12,0,0,0,0,0,0,0,0,13,0
2026-09-10T06:10:00+02:00,2026-09-10T06:15:00+02:00,0,4,3,108,2,0,0,0,4,3,1,0,12,0,0,0,0,0,0,0,0,8,0
2026-09-10T06:15:00+02:00,2026-09-10T06:20:00+02:00,0,5,6,83,2,0,0,0,12,5,0,0,21,0,0,0,0,0,0,0,0,11,0
2026-09-10T06:20:00+02:00,2026-09-10T06:25:00+02:00,0,11,2,103,0,0,0,0,8,6,1,0,29,0,0,0,0,0,0,0,0,6,0
2026-09-10T06:25:00+02:00,2026-09-10T06:30:00+02:00,0,6,3,133,0,0,0,0,15,12,0,0,25,0,0,0,1,0,0,0,0,15,0
2026-09-10T06:30:00+02:00,2026-09-10T06:35:00+02:00,0,2,1,137,0,0,0,0,7,7,0,0,32,0,0,0,0,0,0,0,0,16,0
2026-09-10T06:35:00+02:00,2026-09-10T06:40:00+02:00,0,2,2,110,0,0,0,0,21,3,0,0,24,0,0,0,0,0,0,0,0,11,0
2026-09-10T06:40:00+02:00,2026-09-10T06:45:00+02:00,0,6,2,145,0,0,0,0,10,16,0,0,41,0,0,0,0,0,1,0,0,18,0
2026-09-10T06:45:00+02:00,2026-09-10T06:50:00+02:00,0,9,2,161,0,0,0,0,7,6,0,0,51,0,0,0,1,0,0,0,0,9,0
2026-09-10T06:50:00+02:00,2026-09-10T06:55:00+02:00,0,17,7,135,6,0,0,0,15,6,1,0,96,0,1,0,3,0,1,0,0,14,0
2026-09-10T06:55:00+02:00,2026-09-10T07:00:00+02:00,0,10,1,176,1,0,0,0,10,13,0,0,30,0,0,0,0,0,1,0,0,19,0
2026-09-10T07:00:00+02:00,2026-09-10T07:05:00+02:00,0,17,2,167,0,0,0,0,11,5,0,0,66,0,0,0,3,0,0,0,0,15,0
2026-09-10T07:05:00+02:00,2026-09-10T07:10:00+02:00,0,14,7,152,2,0,0,0,6,5,0,0,60,0,0,0,1,0,0,0,0,10,0
2026-09-10T07:10:00+02:00,2026-09-10T07:15:00+02:00,0,0,1,129,1,0,0,0,15,8,0,0,36,0,0,0,1,0,1,0,0,14,0
2026-09-10T07:15:00+02:00,2026-09-10T07:20:00+02:00,1,8,2,150,0,0,0,0,7,9,0,0,117,0,1,0,0,0,1,0,0,15,0
2026-09-10T07:20:00+02:00,2026-09-10T07:25:00+02:00,0,12,5,137,1,0,0,0,7,6,0,0,31,0,0,0,1,0,0,0,0,7,0
2026-09-10T07:25:00+02:00,2026-09-10T07:30:00+02:00,0,17,8,175,4,0,0,0,3,9,0,0,103,0,0,0,1,0,0,0,0,16,0
2026-09-10T07:30:00+02:00,2026-09-10T07:35:00+02:00,0,17,9,179,1,0,0,0,3,6,0,0,138,0,0,0,0,0,0,0,0,13,0
2026-09-10T07:35:00+02:00,2026-09-10T07:40:00+02:00,1,8,5,201,0,0,0,0,5,6,0,0,103,0,4,0,1,0,1,0,0,8,0
2026-09-10T07:40:00+02:00,2026-09-10T07:45:00+02:00,0,17,6,195,2,0,0,0,9,10,0,0,127,12,0,0,0,1,3,0,0,20,0
2026-09-10T07:45:00+02:00,2026-09-10T07:50:00+02:00,0,14,5,194,0,0,0,0,12,3,0,0,61,0,0,0,0,1,0,0,0,5,0
2026-09-10T07:50:00+02:00,2026-09-10T07:55:00+02:00,2,10,4,199,2,0,0,0,13,16,1,0,103,0,1,0,0,0,1,0,0,14,0
2026-09-10T07:55:00+02:00,2026-09-10T08:00:00+02:00,0,18,8,196,0,0,0,0,8,8,0,0,67,0,0,0,6,0,11,0,0,19,0
2026-09-10T08:00:00+02:00,2026-09-10T08:05:00+02:00,0,14,6,183,0,0,0,0,17,20,0,0,86,1,0,0,0,0,2,0,0,9,0
2026-09-10T08:05:00+02:00,2026-09-10T08:10:00+02:00,0,9,0,147,2,0,0,0,9,12,0,0,57,0,0,0,3,0,0,0,0,24,0
2026-09-10T08:10:00+02:00,2026-09-10T08:15:00+02:00,0,19,2,155,1,0,0,0,14,18,2,0,96,0,0,0,0,0,5,0,0,30,0
2026-09-10T08:15:00+02:00,2026-09-10T08:20:00+02:00,2,8,0,169,0,0,0,0,5,16,1,0,60,0,0,0,1,0,1,0,0,9,0
2026-09-10T08:20:00+02:00,2026-09-10T08:25:00+02:00,1,20,1,145,3,0,0,0,18,10,0,0,90,3,0,0,0,0,0,0,0,10,0
2026-09-10T08:25:00+02:00,2026-09-10T08:30:00+02:00,0,12,0,143,2,0,0,0,11,18,0,0,64,3,0,0,0,0,2,0,0,12,0
2026-09-10T08:30:00+02:00,2026-09-10T08:35:00+02:00,0,25,5,184,1,0,0,0,10,14,1,0,110,0,0,0,0,0,1,0,0,16,0
2026-09-10T08:35:00+02:00,2026-09-10T08:40:00+02:00,0,20,1,145,0,0,0,0,11,9,0,0,78,0,0,0,0,0,0,0,0,19,0
2026-09-10T08:40:00+02:00,2026-09-10T08:45:00+02:00,4,22,3,159,0,0,0,0,4,9,1,0,84,0,0,0,0,0,0,0,0,25,0
2026-09-10T08:45:00+02:00,2026-09-10T08:50:00+02:00,0,15,2,161,1,0,0,0,19,20,0,0,77,0,0,0,0,0,0,0,0,19,0
2026-09-10T08:50:00+02:00,2026-09-10T08:55:00+02:00,1,10,3,169,1,0,0,0,9,11,1,0,111,0,0,0,0,0,1,0,0,21,0
2026-09-10T08:55:00+02:00,2026-09-10T09:00:00+02:00,0,15,2,167,3,0,0,0,9,10,0,0,85,0,0,0,0,0,1,0,0,14,0
2026-09-10T09:00:00+02:00,2026-09-10T09:05:00+02:00,0,6,6,187,4,0,0,0,13,17,1,0,65,0,2,0,2,0,2,0,0,14,0
2026-09-10T09:05:00+02:00,2026-09-10T09:10:00+02:00,0,13,2,169,0,0,0,0,15,18,0,0,113,4,5,0,2,0,0,0,0,16,0
2026-09-10T09:10:00+02:00,2026-09-10T09:15:00+02:00,0,32,4,207,0,0,0,0,11,12,2,0,100,6,0,0,0,0,0,0,0,13,0
2026-09-10T09:15:00+02:00,2026-09-10T09:20:00+02:00,0,18,5,171,2,0,0,0,5,13,1,0,116,3,0,0,0,0,1,0,0,11,0
2026-09-10T09:20:00+02:00,2026-09-10T09:25:00+02:00,0,18,1,160,3,0,0,0,20,17,0,0,76,0,0,0,0,0,0,0,0,10,0
2026-09-10T09:25:00+02:00,2026-09-10T09:30:00+02:00,1,37,0,161,3,0,0,0,13,9,1,0,114,7,0,0,0,0,0,0,0,14,0
2026-09-10T09:30:00+02:00,2026-09-10T09:35:00+02:00,0,14,1,147,1,0,0,0,8,9,1,0,115,3,0,0,2,0,0,0,0,11,0
2026-09-10T09:35:00+02:00,2026-09-10T09:40:00+02:00,0,15,0,151,2,0,0,0,6,12,2,0,103,1,0,0,0,0,3,0,0,11,0
2026-09-10T09:40:00+02:00,2026-09-10T09:45:00+02:00,0,16,2,161,2,0,0,0,11,13,1,0,92,4,0,0,3,0,2,0,0,21,0
2026-09-10T09:45:00+02:00,2026-09-10T09:50:00+02:00,0,24,1,145,1,0,0,0,9,16,3,0,133,4,0,0,0,0,0,0,0,14,0
2026-09-10T09:50:00+02:00,2026-09-10T09:55:00+02:00,0,5,1,180,1,0,0,0,10,17,0,0,105,4,0,0,0,0,0,0,0,23,0
2026-09-10T09:55:00+02:00,2026-09-10T10:00:00+02:00,0,25,2,170,0,0,0,0,15,17,0,0,121,0,2,0,0,0,0,0,0,3,0
2026-09-10T10:00:00+02:00,2026-09-10T10:05:00+02:00,0,13,5,146,0,0,0,0,10,10,4,0,122,2,0,0,0,0,2,0,0,19,0
2026-09-10T10:05:00+02:00,2026-09-10T10:10:00+02:00,0,18,3,143,4,0,0,0,9,23,5,0,118,5,0,0,0,0,3,0,0,23,0
2026-09-10T10:10:00+02:00,2026-09-10T10:15:00+02:00,2,21,2,164,1,0,0,0,13,25,1,0,107,0,1,0,2,0,1,0,0,26,0
2026-09-10T10:15:00+02:00,2026-09-10T10:20:00+02:00,0,14,0,197,2,0,0,0,12,11,0,0,113,13,0,0,0,0,1,0,0,10,0
2026-09-10T10:20:00+02:00,2026-09-10T10:25:00+02:00,0,12,3,170,0,0,0,0,12,12,2,0,113,2,2,0,0,0,0,0,0,21,0
2026-09-10T10:25:00+02:00,2026-09-10T10:30:00+02:00,0,34,2,170,0,1,0,0,16,4,0,0,145,1,2,0,0,0,0,0,0,14,0
2026-09-10T10:30:00+02:00,2026-09-10T10:35:00+02:00,0,34,5,166,2,0,0,0,9,9,0,0,117,2,0,0,0,0,0,0,0,19,0
2026-09-10T10:35:00+02:00,2026-09-10T10:40:00+02:00,0,33,0,178,1,0,0,0,10,16,1,0,139,1,1,0,2,0,1,0,0,6,0
2026-09-10T10:40:00+02:00,2026-09-10T10:45:00+02:00,0,23,2,126,4,0,0,0,7,13,6,0,110,13,0,0,0,0,0,0,0,13,0
2026-09-10T10:45:00+02:00,2026-09-10T10:50:00+02:00,0,15,1,167,0,0,0,0,12,8,0,0,100,1,0,0,0,0,0,0,0,12,0
2026-09-10T10:50:00+02:00,2026-09-10T10:55:00+02:00,0,11,1,163,0,0,0,0,11,10,1,0,108,6,0,0,0,0,2,0,0,6,0
2026-09-10T10:55:00+02:00,2026-09-10T11:00:00+02:00,0,16,4,170,3,0,0,0,9,18,0,0,176,0,0,0,0,0,0,0,0,16,0
2026-09-10T11:00:00+02:00,2026-09-10T11:05:00+02:00,0,14,0,201,1,0,0,0,6,18,0,0,122,0,1,0,0,0,0,0,0,13,0
2026-09-10T11:05:00+02:00,2026-09-10T11:10:00+02:00,0,13,2,156,1,0,0,0,17,11,2,0,152,0,2,0,1,0,2,0,0,14,0
2026-09-10T11:10:00+02:00,2026-09-10T11:15:00+02:00,0,30,5,151,0,0,0,0,8,15,0,0,115,1,0,0,0,0,0,0,0,7,0
2026-09-10T11:15:00+02:00,2026-09-10T11:20:00+02:00,0,30,0,181,4,0,0,0,9,17,1,0,138,4,1,0,1,0,2,0,0,7,0
2026-09-10T11:20:00+02:00,2026-09-10T11:25:00+02:00,0,36,0,170,0,0,0,0,19,16,0,0,105,0,0,0,0,0,2,0,0,14,0
2026-09-10T11:25:00+02:00,2026-09-10T11:30:00+02:00,0,39,0,163,1,0,0,0,9,18,0,0,101,4,0,0,1,0,4,0,0,7,0
2026-09-10T11:30:00+02:00,2026-09-10T11:35:00+02:00,0,29,0,167,1,0,0,0,5,11,0,0,112,0,1,0,1,0,0,0,0,14,0
2026-09-10T11:35:00+02:00,2026-09-10T11:40:00+02:00,0,19,2,145,6,0,0,0,11,10,1,0,134,0,0,0,0,0,0,0,0,16,0
2026-09-10T11:40:00+02:00,2026-09-10T11:45:00+02:00,1,33,4,157,4,0,0,0,15,10,0,0,145,1,0,0,0,0,1,0,0,16,0
2026-09-10T11:45:00+02:00,2026-09-10T11:50:00+02:00,0,19,1,203,3,0,0,0,12,15,1,0,105,1,0,0,0,0,1,0,0,6,0
2026-09-10T11:50:00+02:00,2026-09-10T11:55:00+02:00,0,12,1,176,3,0,0,0,10,13,0,0,145,1,2,0,0,0,1,0,0,19,0
2026-09-10T11:55:00+02:00,2026-09-10T12:00:00+02:00,1,43,2,144,1,0,0,0,14,9,2,0,96,15,0,0,0,0,2,0,0,6,0
2026-09-10T12:00:00+02:00,2026-09-10T12:05:00+02:00,0,37,6,209,0,0,0,0,5,8,2,0,190,8,0,0,0,0,0,0,0,12,0
2026-09-10T12:05:00+02:00,2026-09-10T12:10:00+02:00,0,17,6,202,3,0,0,0,8,11,3,0,145,5,0,0,0,0,0,0,0,8,0
2026-09-10T12:10:00+02:00,2026-09-10T12:15:00+02:00,0,17,2,153,3,0,0,0,9,3,0,0,147,4,0,0,0,0,0,0,0,17,0
2026-09-10T12:15:00+02:00,2026-09-10T12:20:00+02:00,0,11,5,165,4,0,0,0,13,15,0,0,134,0,0,0,0,0,0,0,0,16,0
2026-09-10T12:20:00+02:00,2026-09-10T12:25:00+02:00,0,19,2,148,2,0,0,0,6,20,9,0,59,3,0,0,0,0,0,0,0,13,0
2026-09-10T12:25:00+02:00,2026-09-10T12:30:00+02:00,0,20,0,142,0,0,0,0,14,17,0,0,134,2,0,0,0,0,2,0,0,14,0
2026-09-10T12:30:00+02:00,2026-09-10T12:35:00+02:00,0,23,4,197,4,0,0,0,8,11,0,0,113,0,2,0,0,0,2,0,0,11,0
2026-09-10T12:35:00+02:00,2026-09-10T12:40:00+02:00,0,25,2,136,2,0,0,0,14,13,1,0,141,0,3,0,0,0,2,0,0,13,0
2026-09-10T12:40:00+02:00,2026-09-10T12:45:00+02:00,0,13,3,185,7,0,0,0,8,15,1,0,131,3,2,0,0,0,0,0,0,12,0
2026-09-10T12:45:00+02:00,2026-09-10T12:50:00+02:00,0,8,1,189,4,0,0,0,14,7,3,0,91,0,0,0,1,0,1,0,0,13,0
2026-09-10T12:50:00+02:00,2026-09-10T12:55:00+02:00,0,4,3,174,0,0,0,0,9,5,0,0,80,0,0,0,2,0,0,0,0,19,0
2026-09-10T12:55:00+02:00,2026-09-10T13:00:00+02:00,0,36,1,160,0,0,0,0,12,4,0,0,154,1,0,0,0,0,0,0,0,13,0
2026-09-10T13:00:00+02:00,2026-09-10T13:05:00+02:00,0,11,1,169,4,0,0,0,8,7,3,0,108,0,0,0,0,0,0,0,0,15,0
2026-09-10T13:05:00+02:00,2026-09-10T13:10:00+02:00,0,15,5,153,0,0,0,0,8,5,0,0,54,10,0,0,0,0,0,0,0,3,0
2026-09-10T13:10:00+02:00,2026-09-10T13:15:00+02:00,0,19,5,204,2,0,0,0,12,2,0,0,85,0,0,0,0,0,0,0,0,13,0
2026-09-10T13:15:00+02:00,2026-09-10T13:20:00+02:00,0,30,3,187,0,0,0,0,14,6,0,0,98,0,0,0,0,0,1,0,0,17,0
2026-09-10T13:20:00+02:00,2026-09-10T13:25:00+02:00,0,40,3,175,5,0,0,0,10,12,1,0,93,2,0,0,0,0,0,0,0,21,0
2026-09-10T13:25:00+02:00,2026-09-10T13:30:00+02:00,0,24,2,154,1,0,0,0,11,11,4,0,101,3,3,0,1,0,1,0,0,12,0
2026-09-10T13:30:00+02:00,2026-09-10T13:35:00+02:00,0,10,2,180,2,0,0,0,12,16,3,0,89,2,0,0,0,0,4,0,0,21,0
2026-09-10T13:35:00+02:00,2026-09-10T13:40:00+02:00,0,3,3,187,1,0,0,0,3,16,1,0,62,3,0,0,0,0,3,0,0,16,0
2026-09-10T13:40:00+02:00,2026-09-10T13:45:00+02:00,0,23,4,187,0,0,0,0,7,5,1,0,103,5,0,0,0,0,0,0,0,11,0
2026-09-10T13:45:00+02:00,2026-09-10T13:50:00+02:00,1,23,2,208,0,0,0,0,10,11,2,0,148,3,0,0,0,0,0,0,0,13,0
2026-09-10T13:50:00+02:00,2026-09-10T13:55:00+02:00,0,13,1,197,1,0,0,0,13,12,9,0,138,0,0,0,2,0,0,0,0,17,0
2026-09-10T13:55:00+02:00,2026-09-10T14:00:00+02:00,0,18,3,198,2,0,0,0,9,7,0,0,145,4,0,0,0,0,2,0,0,12,0
2026-09-10T14:00:00+02:00,2026-09-10T14:05:00+02:00,0,8,4,196,1,0,0,0,13,10,0,0,155,0,0,0,0,0,0,0,0,16,0
2026-09-10T14:05:00+02:00,2026-09-10T14:10:00+02:00,0,44,0,230,1,0,0,0,9,6,1,0,176,1,1,0,0,0,0,0,0,10,0
2026-09-10T14:10:00+02:00,2026-09-10T14:15:00+02:00,0,21,6,166,2,0,0,0,11,5,0,0,173,0,5,0,0,0,0,0,0,13,0
2026-09-10T14:15:00+02:00,2026-09-10T14:20:00+02:00,0,22,0,182,5,0,0,0,12,9,0,0,244,0,1,0,0,0,0,0,0,18,0
2026-09-10T14:20:00+02:00,2026-09-10T14:25:00+02:00,0,21,2,197,1,0,0,0,14,6,0,0,219,0,2,0,0,0,0,0,0,14,0
2026-09-10T14:25:00+02:00,2026-09-10T14:30:00+02:00,0,17,4,193,1,0,0,0,11,14,0,0,199,4,4,0,0,0,2,0,0,17,0
2026-09-10T14:30:00+02:00,2026-09-10T14:35:00+02:00,0,22,6,211,1,0,0,0,4,6,1,0,179,2,6,0,0,0,3,0,0,14,0
2026-09-10T14:35:00+02:00,2026-09-10T14:40:00+02:00,0,24,1,195,4,0,0,0,11,4,1,0,202,0,0,0,2,0,0,0,0,14,0
2026-09-10T14:40:00+02:00,2026-09-10T14:45:00+02:00,0,37,1,200,2,0,0,0,1,7,1,0,161,3,0,0,1,0,0,0,0,4,0
2026-09-10T14:45:00+02:00,2026-09-10T14:50:00+02:00,0,40,4,194,0,0,0,0,4,11,7,0,150,2,0,0,0,0,0,0,0,9,0
2026-09-10T14:50:00+02:00,2026-09-10T14:55:00+02:00,0,16,5,184,0,0,0,0,5,3,3,0,141,3,0,0,0,0,0,0,0,8,0
2026-09-10T14:55:00+02:00,2026-09-10T15:00:00+02:00,0,21,1,191,0,0,0,0,11,5,0,0,111,0,0,0,0,0,0,0,0,12,0
2026-09-10T15:00:00+02:00,2026-09-10T15:05:00+02:00,0,21,3,205,1,0,0,0,4,8,0,0,135,10,0,0,0,0,0,0,0,5,0
2026-09-10T15:05:00+02:00,2026-09-10T15:10:00+02:00,0,33,2,204,1,0,0,0,10,4,3,0,191,3,1,0,0,0,0,0,0,13,0
2026-09-10T15:10:00+02:00,2026-09-10T15:15:00+02:00,0,7,9,208,0,0,0,0,10,8,0,0,156,0,0,0,0,0,0,0,0,16,0
2026-09-10T15:15:00+02:00,2026-09-10T15:20:00+02:00,0,8,5,192,3,0,0,0,3,15,2,0,111,0,0,0,0,0,1,0,0,7,0
2026-09-10T15:20:00+02:00,2026-09-10T15:25:00+02:00,0,28,0,238,1,0,0,0,8,11,1,0,160,10,0,0,0,0,0,0,0,12,0
2026-09-10T15:25:00+02:00,2026-09-10T15:30:00+02:00,0,31,1,209,0,0,0,0,7,13,3,0,188,9,0,0,0,0,2,0,0,14,0
2026-09-10T15:30:00+02:00,2026-09-10T15:35:00+02:00,0,32,1,192,1,0,0,0,9,9,9,0,167,1,1,0,0,0,0,0,0,13,0
2026-09-10T15:35:00+02:00,2026-09-10T15:40:00+02:00,0,13,6,243,3,0,0,0,4,3,0,0,179,5,0,0,0,0,0,0,0,11,0
2026-09-10T15:40:00+02:00,2026-09-10T15:45:00+02:00,0,21,7,226,1,0,0,0,2,3,0,0,159,7,0,0,0,0,1,0,0,13,0
2026-09-10T15:45:00+02:00,2026-09-10T15:50:00+02:00,4,33,6,221,3,0,0,0,3,0,5,0,164,2,0,0,0,0,0,0,0,8,0
2026-09-10T15:50:00+02:00,2026-09-10T15:55:00+02:00,0,9,4,225,1,0,0,0,6,7,1,0,144,2,0,0,0,0,0,0,0,3,0
2026-09-10T15:55:00+02:00,2026-09-10T16:00:00+02:00,0,23,3,196,1,0,0,0,8,1,1,0,156,0,0,0,0,0,0,0,0,9,0
2026-09-10T16:00:00+02:00,2026-09-10T16:05:00+02:00,0,30,4,234,3,0,0,0,8,5,0,0,147,0,0,0,0,0,0,0,0,12,0
2026-09-10T16:05:00+02:00,2026-09-10T16:10:00+02:00,0,21,0,195,2,0,0,0,5,6,0,0,132,0,0,0,0,0,0,0,0,16,0
2026-09-10T16:10:00+02:00,2026-09-10T16:15:00+02:00,0,40,6,230,3,0,0,0,3,4,3,0,141,0,0,0,0,0,0,0,0,17,0
2026-09-10T16:15:00+02:00,2026-09-10T16:20:00+02:00,0,20,3,185,1,0,0,0,7,5,1,0,145,6,0,0,0,0,0,0,0,12,0
2026-09-10T16:20:00+02:00,2026-09-10T16:25:00+02:00,0,34,0,210,0,0,0,0,9,5,0,0,110,4,0,0,0,0,0,0,0,12,0
2026-09-10T16:25:00+02:00,2026-09-10T16:30:00+02:00,0,20,2,184,4,0,0,0,2,6,1,0,129,2,0,0,0,0,0,0,0,13,0
2026-09-10T16:30:00+02:00,2026-09-10T16:35:00+02:00,0,17,5,204,0,0,0,0,5,9,1,0,198,2,0,0,0,0,0,0,0,8,0
2026-09-10T16:35:00+02:00,2026-09-10T16:40:00+02:00,0,33,7,172,0,0,0,0,12,6,0,0,86,0,0,0,0,0,0,0,0,8,0
2026-09-10T16:40:00+02:00,2026-09-10T16:45:00+02:00,0,31,12,208,0,0,0,0,3,5,3,0,97,10,0,0,0,0,0,0,0,13,0
2026-09-10T16:45:00+02:00,2026-09-10T16:50:00+02:00,1,23,6,200,0,0,0,0,4,9,0,0,122,0,0,0,0,0,0,0,0,11,0
2026-09-10T16:50:00+02:00,2026-09-10T16:55:00+02:00,0,17,3,204,2,1,0,0,10,7,15,0,108,0,0,0,0,0,1,0,0,12,0
2026-09-10T16:55:00+02:00,2026-09-10T17:00:00+02:00,0,1,1,185,0,0,0,0,5,5,1,0,130,6,0,0,0,0,3,0,0,3,0
2026-09-10T17:00:00+02:00,2026-09-10T17:05:00+02:00,0,19,2,159,0,0,0,0,8,14,1,0,62,0,0,0,3,0,2,0,0,10,0
2026-09-10T17:05:00+02:00,2026-09-10T17:10:00+02:00,0,21,3,189,0,0,0,0,4,4,1,0,101,5,0,0,0,0,0,0,0,6,0
2026-09-10T17:10:00+02:00,2026-09-10T17:15:00+02:00,0,10,3,186,0,0,0,0,3,7,4,0,73,0,0,0,0,0,0,0,0,8,0
2026-09-10T17:15:00+02:00,2026-09-10T17:20:00+02:00,0,4,2,172,1,0,0,0,4,5,1,0,56,1,0,0,0,0,0,0,0,9,0
2026-09-10T17:20:00+02:00,2026-09-10T17:25:00+02:00,0,19,0,188,2,0,0,0,6,2,4,0,68,0,0,0,0,0,0,0,0,7,0
2026-09-10T17:25:00+02:00,2026-09-10T17:30:00+02:00,2,11,0,174,0,0,0,0,2,1,0,0,93,0,1,0,0,0,0,0,0,11,0
2026-09-10T17:30:00+02:00,2026-09-10T17:35:00+02:00,0,20,1,182,5,0,0,0,9,10,3,0,67,0,0,0,0,0,0,0,0,11,0
2026-09-10T17:35:00+02:00,2026-09-10T17:40:00+02:00,0,29,3,168,1,0,0,0,6,5,0,0,39,0,0,0,0,0,0,0,0,11,0
2026-09-10T17:40:00+02:00,2026-09-10T17:45:00+02:00,0,34,3,149,0,0,0,0,9,2,0,0,47,0,0,0,0,0,2,0,0,2,0
2026-09-10T17:45:00+02:00,2026-09-10T17:50:00+02:00,0,21,3,192,2,0,0,0,6,1,0,0,80,0,0,0,0,0,0,0,0,7,0
2026-09-10T17:50:00+02:00,2026-09-10T17:55:00+02:00,2,8,3,165,0,0,0,0,4,2,3,0,56,5,1,0,0,0,0,0,0,9,0
2026-09-10T17:55:00+02:00,2026-09-10T18:00:00+02:00,0,10,5,156,4,0,0,0,2,1,2,0,66,3,0,0,0,0,0,0,0,4,0
2026-09-10T18:00:00+02:00,2026-09-10T18:05:00+02:00,0,17,3,143,0,0,0,0,5,7,3,0,59,4,0,0,0,0,0,0,0,7,0
2026-09-10T18:05:00+02:00,2026-09-10T18:10:00+02:00,11,17,3,154,2,0,0,0,3,3,1,0,92,1,0,0,0,0,0,0,0,7,0
2026-09-10T18:10:00+02:00,2026-09-10T18:15:00+02:00,1,28,1,169,0,0,0,0,10,5,0,0,69,2,0,0,0,0,1,0,0,13,0
2026-09-10T18:15:00+02:00,2026-09-10T18:20:00+02:00,0,6,1,147,0,0,0,0,3,3,0,0,21,0,0,0,0,0,1,0,0,5,0
2026-09-10T18:20:00+02:00,2026-09-10T18:25:00+02:00,0,11,1,153,2,0,0,0,4,3,1,0,56,4,0,0,0,0,0,0,0,7,0
2026-09-10T18:25:00+02:00,2026-09-10T18:30:00+02:00,0,14,4,134,5,0,0,0,3,5,0,0,117,0,0,0,0,0,0,0,0,6,0
2026-09-10T18:30:00+02:00,2026-09-10T18:35:00+02:00,0,16,1,116,1,0,0,0,3,3,1,0,46,4,0,0,0,0,0,0,0,2,0
2026-09-10T18:35:00+02:00,2026-09-10T18:40:00+02:00,0,4,1,127,2,0,0,0,2,3,6,0,34,0,0,0,0,0,0,0,0,7,0
2026-09-10T18:40:00+02:00,2026-09-10T18:45:00+02:00,0,5,3,139,1,0,0,0,1,4,0,0,47,0,0,0,0,0,0,0,0,3,0
2026-09-10T18:45:00+02:00,2026-09-10T18:50:00+02:00,0,4,1,131,0,0,0,0,4,0,1,0,48,0,1,0,0,0,0,0,0,5,0
2026-09-10T18:50:00+02:00,2026-09-10T18:55:00+02:00,0,25,1,170,0,0,0,0,5,0,0,0,43,0,0,0,0,0,0,0,0,3,0
2026-09-10T18:55:00+02:00,2026-09-10T19:00:00+02:00,0,10,1,130,0,0,0,0,3,4,0,0,38,0,2,0,0,0,0,0,0,3,0
2026-09-10T19:00:00+02:00,2026-09-10T19:05:00+02:00,2,5,5,151,0,0,0,0,1,5,1,0,38,0,0,0,0,0,0,0,0,2,0
2026-09-10T19:05:00+02:00,2026-09-10T19:10:00+02:00,0,15,2,142,0,0,0,0,3,2,3,0,47,0,0,0,0,0,1,0,0,0,0
2026-09-10T19:10:00+02:00,2026-09-10T19:15:00+02:00,0,11,0,131,0,0,0,0,1,2,0,0,54,0,4,0,0,0,0,0,0,3,0
2026-09-10T19:15:00+02:00,2026-09-10T19:20:00+02:00,0,9,2,167,0,0,0,0,2,7,2,0,74,0,0,0,0,0,0,0,0,10,0
2026-09-10T19:20:00+02:00,2026-09-10T19:25:00+02:00,0,10,4,116,0,0,0,0,4,8,0,0,38,0,0,0,0,0,2,0,0,2,0
2026-09-10T19:25:00+02:00,2026-09-10T19:30:00+02:00,0,8,2,122,0,0,0,0,7,1,6,0,32,0,0,0,0,0,0,0,0,6,0
2026-09-10T19:30:00+02:00,2026-09-10T19:35:00+02:00,0,17,4,106,1,0,0,0,2,0,2,0,11,0,0,0,0,0,0,0,0,6,0
2026-09-10T19:35:00+02:00,2026-09-10T19:40:00+02:00,0,2,1,114,1,0,0,0,0,2,2,0,22,0,1,0,0,0,0,0,0,3,0
2026-09-10T19:40:00+02:00,2026-09-10T19:45:00+02:00,0,3,0,101,0,0,0,0,2,0,0,0,35,0,0,0,0,0,0,0,0,3,0
2026-09-10T19:45:00+02:00,2026-09-10T19:50:00+02:00,0,21,1,102,2,0,0,0,1,6,0,0,8,0,1,0,0,0,0,0,0,1,0
2026-09-10T19:50:00+02:00,2026-09-10T19:55:00+02:00,0,8,0,98,0,0,0,0,1,0,2,0,14,0,0,0,0,0,0,0,0,0,0
2026-09-10T19:55:00+02:00,2026-09-10T20:00:00+02:00,0,9,2,76,1,0,0,0,1,0,4,0,11,0,0,0,0,0,0,0,0,1,0
2026-09-10T20:00:00+02:00,2026-09-10T20:05:00+02:00,0,4,0,94,0,0,0,0,2,0,0,0,20,0,0,0,0,0,0,0,0,2,0
2026-09-10T20:05:00+02:00,2026-09-10T20:10:00+02:00,0,10,3,119,0,0,0,0,2,0,1,0,19,0,0,0,0,0,0,0,0,3,0
2026-09-10T20:10:00+02:00,2026-09-10T20:15:00+02:00,0,7,4,104,1,0,0,0,1,0,4,0,15,0,0,0,0,0,0,0,0,6,0
2026-09-10T20:15:00+02:00,2026-09-10T20:20:00+02:00,0,2,4,76,1,0,0,0,3,2,2,0,2,0,0,0,0,0,0,0,0,7,0
2026-09-10T20:20:00+02:00,2026-09-10T20:25:00+02:00,0,4,1,60,0,0,0,0,3,2,0,0,0,0,0,0,0,0,0,0,0,5,0
2026-09-10T20:25:00+02:00,2026-09-10T20:30:00+02:00,0,0,2,76,0,0,0,0,1,0,0,0,24,0,0,0,2,0,1,0,0,5,0
2026-09-10T20:30:00+02:00,2026-09-10T20:35:00+02:00,0,7,0,77,0,0,0,0,3,0,0,0,25,0,0,0,0,0,0,0,0,2,0
2026-09-10T20:35:00+02:00,2026-09-10T20:40:00+02:00,0,5,5,73,0,0,0,0,5,0,0,0,8,0,0,0,0,0,0,0,0,4,0
2026-09-10T20:40:00+02:00,2026-09-10T20:45:00+02:00,0,0,1,68,2,0,0,0,4,0,0,0,26,0,0,0,0,0,0,0,0,6,0
2026-09-10T20:45:00+02:00,2026-09-10T20:50:00+02:00,0,2,1,57,0,0,0,0,1,1,0,0,7,0,0,0,0,0,1,0,0,0,0
2026-09-10T20:50:00+02:00,2026-09-10T20:55:00+02:00,0,0,3,45,1,0,0,0,1,2,0,0,13,0,0,0,1,0,1,0,0,2,0
2026-09-10T20:55:00+02:00,2026-09-10T21:00:00+02:00,0,0,0,53,0,0,0,0,2,1,0,0,4,0,0,0,0,0,1,0,0,3,0
2026-09-10T21:00:00+02:00,2026-09-10T21:05:00+02:00,0,8,0,44,0,0,0,0,10,1,0,0,6,0,0,0,2,0,0,0,0,0,0
2026-09-10T21:05:00+02:00,2026-09-10T21:10:00+02:00,0,2,0,58,0,0,0,0,4,0,0,0,0,0,0,0,0,0,0,0,0,3,0
2026-09-10T21:10:00+02:00,2026-09-10T21:15:00+02:00,0,2,1,61,1,0,0,0,2,2,0,0,29,0,0,0,0,0,1,0,0,6,0
2026-09-10T21:15:00+02:00,2026-09-10T21:20:00+02:00,0,0,5,52,0,0,0,0,2,1,0,0,5,0,0,0,0,0,0,0,0,1,0
2026-09-10T21:20:00+02:00,2026-09-10T21:25:00+02:00,0,0,2,61,0,0,0,0,4,0,0,0,3,0,0,0,0,0,0,0,0,6,0
2026-09-10T21:25:00+02:00,2026-09-10T21:30:00+02:00,0,1,4,52,0,0,0,0,4,0,0,0,9,0,0,0,0,0,0,0,0,0,0
2026-09-10T21:30:00+02:00,2026-09-10T21:35:00+02:00,0,0,2,61,0,0,0,0,1,0,1,0,16,0,0,0,0,0,0,0,0,0,0
2026-09-10T21:35:00+02:00,2026-09-10T21:40:00+02:00,0,0,1,46,0,0,0,0,1,4,0,0,4,0,0,0,0,0,0,0,0,3,0
2026-09-10T21:40:00+02:00,2026-09-10T21:45:00+02:00,0,0,2,41,0,0,0,0,5,0,0,0,0,0,0,0,0,0,0,0,0,0,0
2026-09-10T21:45:00+02:00,2026-09-10T21:50:00+02:00,0,0,2,42,0,0,0,0,3,0,0,0,1,0,0,0,0,0,0,0,0,3,0
2026-09-10T21:50:00+02:00,2026-09-10T21:55:00+02:00,0,0,0,26,0,0,0,0,1,1,0,0,6,0,0,0,0,0,0,0,0,1,0
2026-09-10T21:55:00+02:00,2026-09-10T22:00:00+02:00,0,0,0,43,0,0,0,0,2,0,0,0,0,0,0,0,0,0,0,0,0,0,0
2026-09-10T22:00:00+02:00,2026-09-10T22:05:00+02:00,0,0,1,43,0,0,0,0,3,0,0,0,0,0,0,0,0,0,0,0,0,1,0
2026-09-10T22:05:00+02:00,2026-09-10T22:10:00+02:00,0,2,0,95,0,0,0,0,2,0,1,0,3,0,0,0,0,0,0,0,0,0,0
2026-09-10T22:10:00+02:00,2026-09-10T22:15:00+02:00,0,4,1,66,0,0,0,0,4,1,0,0,1,0,0,0,0,0,0,0,0,4,0
2026-09-10T22:15:00+02:00,2026-09-10T22:20:00+02:00,0,5,5,39,0,0,0,0,0,0,0,0,0,0,0,0,0,0,0,0,0,2,0
2026-09-10T22:20:00+02:00,2026-09-10T22:25:00+02:00,0,0,0,30,0,0,0,0,5,0,0,0,3,0,0,0,0,0,0,0,0,0,0
2026-09-10T22:25:00+02:00,2026-09-10T22:30:00+02:00,0,0,1,33,0,0,0,0,1,2,0,0,3,0,0,0,0,0,0,0,0,0,0
2026-09-10T22:30:00+02:00,2026-09-10T22:35:00+02:00,0,0,0,22,0,0,0,0,1,1,0,0,1,0,0,0,0,0,0,0,0,2,0
2026-09-10T22:35:00+02:00,2026-09-10T22:40:00+02:00,0,2,0,25,0,0,0,0,0,0,0,0,0,0,0,0,0,0,0,0,0,0,0
2026-09-10T22:40:00+02:00,2026-09-10T22:45:00+02:00,0,0,0,36,0,0,0,0,1,1,0,0,8,0,0,0,0,0,1,0,0,0,0
2026-09-10T22:45:00+02:00,2026-09-10T22:50:00+02:00,0,0,0,32,0,0,0,0,2,0,0,0,1,0,0,0,0,0,0,0,0,0,0
2026-09-10T22:50:00+02:00,2026-09-10T22:55:00+02:00,0,0,0,12,0,0,0,0,1,1,0,0,0,0,0,0,0,0,0,0,0,0,0
2026-09-10T22:55:00+02:00,2026-09-10T23:00:00+02:00,0,0,0,27,0,0,0,0,2,0,0,0,2,0,0,0,0,0,0,0,0,2,0
2026-09-10T23:00:00+02:00,2026-09-10T23:05:00+02:00,0,0,0,29,0,0,0,0,6,0,0,0,7,0,0,0,0,0,0,0,0,0,0
2026-09-10T23:05:00+02:00,2026-09-10T23:10:00+02:00,0,0,0,23,0,0,0,0,1,0,0,0,3,0,0,0,0,0,0,0,0,2,0
2026-09-10T23:10:00+02:00,2026-09-10T23:15:00+02:00,0,0,1,16,0,0,0,0,2,0,0,0,0,0,0,0,0,0,0,0,0,3,0
2026-09-10T23:15:00+02:00,2026-09-10T23:20:00+02:00,0,0,0,25,0,0,0,0,1,0,0,0,0,0,0,0,0,0,0,0,0,1,0
2026-09-10T23:20:00+02:00,2026-09-10T23:25:00+02:00,0,0,4,22,0,0,0,0,4,1,1,0,0,0,0,0,0,0,0,0,0,0,0
2026-09-10T23:25:00+02:00,2026-09-10T23:30:00+02:00,0,4,6,15,0,0,0,0,1,0,0,0,19,0,0,0,0,0,0,0,0,0,0
2026-09-10T23:30:00+02:00,2026-09-10T23:35:00+02:00,0,0,4,5,0,0,0,0,3,0,0,0,4,0,0,0,0,0,0,0,0,0,0
2026-09-10T23:35:00+02:00,2026-09-10T23:40:00+02:00,0,1,1,7,0,0,0,0,3,0,0,0,1,0,0,0,0,0,0,0,0,2,0
2026-09-10T23:40:00+02:00,2026-09-10T23:45:00+02:00,0,0,1,8,0,0,0,0,1,2,0,0,16,0,0,0,0,0,1,0,0,0,0
2026-09-10T23:45:00+02:00,2026-09-10T23:50:00+02:00,0,3,0,8,0,0,0,0,0,0,0,0,1,0,0,0,0,0,0,0,0,1,0
2026-09-10T23:50:00+02:00,2026-09-10T23:55:00+02:00,0,0,1,20,0,0,0,0,1,0,0,0,6,0,0,0,0,0,0,0,0,0,0
2026-09-10T23:55:00+02:00,2026-09-11T00:00:00+02:00,0,0,0,14,0,0,0,0,1,0,0,0,0,0,0,0,0,0,0,0,0,0,0
2026-09-11T00:00:00+02:00,2026-09-11T00:05:00+02:00,0,0,0,9,0,0,0,0,1,1,0,0,0,0,0,0,0,0,1,0,0,0,0
2026-09-11T00:05:00+02:00,2026-09-11T00:10:00+02:00,0,0,0,17,0,0,0,0,3,1,0,0,2,0,0,0,0,0,1,0,0,0,0
2026-09-11T00:10:00+02:00,2026-09-11T00:15:00+02:00,0,0,0,8,0,0,0,0,5,0,0,0,0,0,0,0,0,0,0,0,0,0,0
2026-09-11T00:15:00+02:00,2026-09-11T00:20:00+02:00,0,0,0,8,0,0,0,0,4,0,0,0,0,0,0,0,0,0,0,0,0,0,0
2026-09-11T00:20:00+02:00,2026-09-11T00:25:00+02:00,0,1,0,1,0,0,0,0,2,0,0,0,0,0,0,0,0,0,0,0,0,0,0
2026-09-11T00:25:00+02:00,2026-09-11T00:30:00+02:00,0,1,0,7,0,0,0,0,1,0,0,0,2,0,0,0,0,0,0,0,0,2,0
2026-09-11T00:30:00+02:00,2026-09-11T00:35:00+02:00,0,3,0,14,0,0,0,0,1,0,0,0,1,0,0,0,0,0,0,0,0,0,0
2026-09-11T00:35:00+02:00,2026-09-11T00:40:00+02:00,0,0,0,7,0,0,0,0,1,1,0,0,0,0,0,0,0,0,0,0,0,2,0
2026-09-11T00:40:00+02:00,2026-09-11T00:45:00+02:00,0,0,0,8,0,0,0,0,1,0,0,0,0,0,0,0,0,0,0,0,0,4,0
2026-09-11T00:45:00+02:00,2026-09-11T00:50:00+02:00,0,0,0,6,0,0,0,0,0,0,0,0,0,0,0,0,0,0,0,0,0,0,0
2026-09-11T00:50:00+02:00,2026-09-11T00:55:00+02:00,0,0,0,5,0,0,0,0,2,2,0,0,0,0,0,0,0,0,0,0,0,0,0
2026-09-11T00:55:00+02:00,2026-09-11T01:00:00+02:00,0,0,0,2,0,0,0,0,3,0,0,0,0,0,0,0,0,0,0,0,0,0,0
2026-09-11T01:00:00+02:00,2026-09-11T01:05:00+02:00,0,0,0,4,0,0,0,0,1,0,0,0,0,0,0,0,0,0,0,0,0,0,0
2026-09-11T01:05:00+02:00,2026-09-11T01:10:00+02:00,0,0,0,3,0,0,0,0,4,0,0,0,0,0,0,0,0,0,0,0,0,0,0
2026-09-11T01:10:00+02:00,2026-09-11T01:15:00+02:00,0,0,0,6,0,0,0,0,7,0,0,0,0,0,0,0,0,0,0,0,0,0,0
2026-09-11T01:15:00+02:00,2026-09-11T01:20:00+02:00,0,0,0,1,0,0,0,0,3,1,0,0,0,0,0,0,0,0,0,0,0,0,0
2026-09-11T01:20:00+02:00,2026-09-11T01:25:00+02:00,0,4,0,5,0,0,0,0,1,1,0,0,0,0,0,0,0,0,0,0,0,0,0
2026-09-11T01:25:00+02:00,2026-09-11T01:30:00+02:00,0,0,0,3,0,0,0,0,1,0,0,0,0,0,0,0,0,0,0,0,0,0,0
2026-09-11T01:30:00+02:00,2026-09-11T01:35:00+02:00,0,0,0,4,0,0,0,0,2,1,0,0,6,0,0,0,0,0,0,0,0,0,0
2026-09-11T01:35:00+02:00,2026-09-11T01:40:00+02:00,0,0,0,8,0,0,0,0,1,1,0,0,0,0,0,0,0,0,0,0,0,0,0
2026-09-11T01:40:00+02:00,2026-09-11T01:45:00+02:00,0,0,0,1,0,0,0,0,3,1,0,0,0,0,0,0,0,0,0,0,0,3,0
2026-09-11T01:45:00+02:00,2026-09-11T01:50:00+02:00,0,0,0,0,0,0,0,0,1,1,0,0,0,0,0,0,0,0,0,0,0,1,0
2026-09-11T01:50:00+02:00,2026-09-11T01:55:00+02:00,0,0,0,8,0,0,0,0,3,0,0,0,1,0,0,0,0,0,0,0,0,0,0
2026-09-11T01:55:00+02:00,2026-09-11T02:00:00+02:00,0,0,0,2,0,0,0,0,2,0,0,0,0,0,0,0,0,0,0,0,0,0,0
2026-09-11T02:00:00+02:00,2026-09-11T02:05:00+02:00,0,0,0,3,0,0,0,0,4,4,0,0,0,0,0,0,0,0,0,0,0,0,0
2026-09-11T02:05:00+02:00,2026-09-11T02:10:00+02:00,0,0,0,6,0,0,0,0,0,2,0,0,0,0,0,0,0,0,0,0,0,0,0
2026-09-11T02:10:00+02:00,2026-09-11T02:15:00+02:00,0,0,0,3,0,0,0,0,2,1,0,0,0,0,0,0,0,0,0,0,0,0,0
2026-09-11T02:15:00+02:00,2026-09-11T02:20:00+02:00,0,0,0,4,0,0,0,0,0,0,0,0,0,0,0,0,0,0,0,0,0,1,0
2026-09-11T02:20:00+02:00,2026-09-11T02:25:00+02:00,0,0,0,3,0,0,0,0,0,3,0,0,0,0,0,0,0,0,0,0,0,1,0
2026-09-11T02:25:00+02:00,2026-09-11T02:30:00+02:00,0,0,0,6,0,0,0,0,3,0,0,0,0,0,0,0,0,0,0,0,0,0,0
2026-09-11T02:30:00+02:00,2026-09-11T02:35:00+02:00,0,0,0,3,0,0,0,0,1,4,0,0,0,0,0,0,0,0,0,0,0,0,0
2026-09-11T02:35:00+02:00,2026-09-11T02:40:00+02:00,0,2,0,8,0,0,0,0,1,2,0,0,0,0,0,0,0,0,0,0,0,0,0
2026-09-11T02:40:00+02:00,2026-09-11T02:45:00+02:00,0,0,0,3,0,0,0,0,2,2,0,0,0,0,0,0,0,0,0,0,0,1,0
2026-09-11T02:45:00+02:00,2026-09-11T02:50:00+02:00,0,0,0,2,0,0,0,0,1,2,0,0,0,0,0,0,0,0,0,0,0,1,0
2026-09-11T02:50:00+02:00,2026-09-11T02:55:00+02:00,0,0,0,5,0,0,0,0,7,1,0,0,0,0,0,0,0,0,0,0,0,3,0
2026-09-11T02:55:00+02:00,2026-09-11T03:00:00+02:00,0,1,0,5,0,0,0,0,0,2,0,0,0,0,0,0,0,0,0,0,0,1,0
2026-09-11T03:00:00+02:00,2026-09-11T03:05:00+02:00,0,0,0,3,0,0,0,0,0,0,0,0,0,0,0,0,0,0,0,0,0,0,0
2026-09-11T03:05:00+02:00,2026-09-11T03:10:00+02:00,0,0,0,6,0,0,0,0,4,7,0,0,0,0,0,0,0,0,0,0,0,1,0
2026-09-11T03:10:00+02:00,2026-09-11T03:15:00+02:00,0,0,0,3,0,0,0,0,2,1,0,0,0,0,0,0,0,0,0,0,0,1,0
2026-09-11T03:15:00+02:00,2026-09-11T03:20:00+02:00,0,0,0,4,0,0,0,0,3,3,0,0,0,0,0,0,0,0,0,0,0,0,0
2026-09-11T03:20:00+02:00,2026-09-11T03:25:00+02:00,0,2,0,6,0,0,0,0,10,1,0,0,1,0,0,0,0,0,1,0,0,0,0
2026-09-11T03:25:00+02:00,2026-09-11T03:30:00+02:00,0,0,0,5,0,0,0,0,1,0,0,0,0,0,0,0,0,0,0,0,0,2,0
2026-09-11T03:30:00+02:00,2026-09-11T03:35:00+02:00,0,0,0,3,0,0,0,0,4,1,0,0,0,0,0,0,0,0,0,0,0,0,0
2026-09-11T03:35:00+02:00,2026-09-11T03:40:00+02:00,0,0,0,7,0,0,0,0,6,1,1,0,0,0,0,0,0,0,0,0,0,4,0
2026-09-11T03:40:00+02:00,2026-09-11T03:45:00+02:00,0,0,0,6,0,0,0,0,2,1,0,0,0,0,0,0,0,0,0,0,0,5,0
2026-09-11T03:45:00+02:00,2026-09-11T03:50:00+02:00,0,0,0,8,0,0,0,0,3,3,0,0,0,0,0,0,0,0,0,0,0,4,0
2026-09-11T03:50:00+02:00,2026-09-11T03:55:00+02:00,0,2,0,7,0,0,0,0,6,2,0,0,4,0,0,0,0,0,0,0,0,1,0
2026-09-11T03:55:00+02:00,2026-09-11T04:00:00+02:00,0,0,0,6,0,0,0,0,4,0,0,0,0,0,0,0,0,0,0,0,0,1,0
2026-09-11T04:00:00+02:00,2026-09-11T04:05:00+02:00,0,0,0,7,0,0,0,0,3,0,0,0,0,0,0,0,0,0,0,0,0,0,0
2026-09-11T04:05:00+02:00,2026-09-11T04:10:00+02:00,0,0,2,14,0,0,0,0,4,3,0,0,0,0,0,0,0,0,0,0,0,1,0
2026-09-11T04:10:00+02:00,2026-09-11T04:15:00+02:00,0,0,5,23,0,0,0,0,1,0,0,0,4,0,0,0,0,0,0,0,0,0,0
2026-09-11T04:15:00+02:00,2026-09-11T04:20:00+02:00,0,0,4,13,0,0,0,0,7,0,0,0,0,0,0,0,0,0,0,0,0,2,0
2026-09-11T04:20:00+02:00,2026-09-11T04:25:00+02:00,0,0,4,12,0,0,0,0,8,0,0,0,0,0,0,0,0,0,0,0,0,1,0
2026-09-11T04:25:00+02:00,2026-09-11T04:30:00+02:00,0,0,1,21,0,0,0,0,3,1,0,0,5,0,0,0,0,0,0,0,0,2,0
2026-09-11T04:30:00+02:00,2026-09-11T04:35:00+02:00,0,1,2,19,0,0,0,0,1,3,0,0,8,0,0,0,0,0,1,0,0,2,0
2026-09-11T04:35:00+02:00,2026-09-11T04:40:00+02:00,1,0,1,23,0,0,0,0,10,2,0,0,2,0,0,0,0,0,0,0,0,0,0
2026-09-11T04:40:00+02:00,2026-09-11T04:45:00+02:00,0,1,0,25,0,0,0,0,3,7,0,0,0,0,0,0,0,0,0,0,0,3,0
2026-09-11T04:45:00+02:00,2026-09-11T04:50:00+02:00,0,2,0,31,0,0,0,0,4,4,0,0,0,0,0,0,0,0,2,0,0,6,0
2026-09-11T04:50:00+02:00,2026-09-11T04:55:00+02:00,0,0,1,43,0,0,0,0,1,3,0,0,0,0,0,0,0,0,0,0,0,6,0
2026-09-11T04:55:00+02:00,2026-09-11T05:00:00+02:00,0,0,3,38,0,0,0,0,12,6,0,0,0,0,0,0,0,0,0,0,0,5,0
2026-09-11T05:00:00+02:00,2026-09-11T05:05:00+02:00,0,2,0,47,0,0,0,0,13,4,0,0,1,0,0,0,0,0,0,0,0,1,0
2026-09-11T05:05:00+02:00,2026-09-11T05:10:00+02:00,0,0,3,44,0,0,0,0,3,2,0,0,4,0,0,0,0,0,1,0,0,1,0
2026-09-11T05:10:00+02:00,2026-09-11T05:15:00+02:00,0,0,6,45,0,0,0,0,8,6,0,0,3,0,1,0,0,0,0,0,0,2,0
2026-09-11T05:15:00+02:00,2026-09-11T05:20:00+02:00,0,1,3,52,0,0,0,0,9,7,1,0,0,0,0,0,0,0,0,0,0,6,0
2026-09-11T05:20:00+02:00,2026-09-11T05:25:00+02:00,0,4,4,75,0,0,0,0,5,2,0,0,8,0,0,0,0,0,0,0,0,5,0
2026-09-11T05:25:00+02:00,2026-09-11T05:30:00+02:00,0,1,3,57,0,0,0,0,3,4,0,0,11,0,0,0,0,0,0,0,0,6,0
2026-09-11T05:30:00+02:00,2026-09-11T05:35:00+02:00,0,7,7,119,1,0,0,0,13,12,2,0,7,0,0,0,0,1,4,0,0,8,0
2026-09-11T05:35:00+02:00,2026-09-11T05:40:00+02:00,0,4,3,125,1,0,0,0,8,2,1,0,16,0,1,0,0,0,0,0,0,12,0
2026-09-11T05:40:00+02:00,2026-09-11T05:45:00+02:00,0,0,6,101,1,0,0,0,0,3,0,0,45,0,0,0,0,0,0,0,0,4,0
2026-09-11T05:45:00+02:00,2026-09-11T05:50:00+02:00,0,3,2,111,0,0,0,0,9,4,0,0,36,0,0,0,0,0,1,0,0,6,0
2026-09-11T05:50:00+02:00,2026-09-11T05:55:00+02:00,0,2,1,82,0,0,0,0,7,8,1,0,26,0,0,0,0,0,1,0,0,5,0
2026-09-11T05:55:00+02:00,2026-09-11T06:00:00+02:00,0,1,3,87,1,0,0,0,6,8,0,0,33,0,0,0,0,0,0,0,0,13,0
2026-09-11T06:00:00+02:00,2026-09-11T06:05:00+02:00,0,0,0,95,0,0,0,0,9,12,3,0,16,0,0,0,0,0,1,0,0,12,0
2026-09-11T06:05:00+02:00,2026-09-11T06:10:00+02:00,0,1,5,94,0,0,0,0,9,5,0,0,27,0,0,0,0,0,2,0,0,10,0
2026-09-11T06:10:00+02:00,2026-09-11T06:15:00+02:00,0,4,4,105,0,0,0,0,10,12,0,0,12,0,0,0,0,0,1,0,0,4,0
2026-09-11T06:15:00+02:00,2026-09-11T06:20:00+02:00,0,1,4,105,0,0,0,0,5,1,0,0,49,0,0,0,0,0,0,0,0,11,0
2026-09-11T06:20:00+02:00,2026-09-11T06:25:00+02:00,0,8,3,96,0,0,0,0,5,6,7,0,19,0,0,0,0,0,1,0,0,3,0
2026-09-11T06:25:00+02:00,2026-09-11T06:30:00+02:00,0,9,3,95,0,0,0,0,10,5,0,0,14,0,0,0,0,0,1,0,0,6,0
2026-09-11T06:30:00+02:00,2026-09-11T06:35:00+02:00,0,1,2,124,1,0,0,0,12,6,1,0,32,0,0,0,0,0,1,0,0,15,0
2026-09-11T06:35:00+02:00,2026-09-11T06:40:00+02:00,0,1,3,151,0,0,0,0,8,11,1,0,20,0,0,0,0,0,2,0,0,8,0
2026-09-11T06:40:00+02:00,2026-09-11T06:45:00+02:00,0,4,1,180,0,0,0,0,14,10,13,0,56,0,0,0,0,0,5,0,0,7,0
2026-09-11T06:45:00+02:00,2026-09-11T06:50:00+02:00,1,4,1,209,3,0,0,0,3,3,2,0,44,0,0,0,0,0,0,0,0,16,0
2026-09-11T06:50:00+02:00,2026-09-11T06:55:00+02:00,0,7,3,189,0,0,0,0,5,14,1,0,97,4,0,0,2,0,0,0,0,12,0
2026-09-11T06:55:00+02:00,2026-09-11T07:00:00+02:00,0,6,2,158,0,0,0,0,10,5,2,0,72,0,0,0,1,0,0,0,0,11,0
2026-09-11T07:00:00+02:00,2026-09-11T07:05:00+02:00,0,0,0,152,0,0,0,0,10,9,0,0,42,0,0,0,1,0,0,0,0,9,0
2026-09-11T07:05:00+02:00,2026-09-11T07:10:00+02:00,0,0,5,167,0,0,0,0,9,10,2,0,31,0,0,0,0,0,0,0,0,12,0
2026-09-11T07:10:00+02:00,2026-09-11T07:15:00+02:00,1,0,4,162,0,0,0,0,8,4,6,0,92,0,0,0,0,0,0,0,0,14,0
2026-09-11T07:15:00+02:00,2026-09-11T07:20:00+02:00,1,4,2,150,0,0,0,0,11,10,0,0,63,0,0,0,0,0,0,0,0,17,0
2026-09-11T07:20:00+02:00,2026-09-11T07:25:00+02:00,0,0,6,154,0,0,0,0,8,5,0,0,80,0,0,0,0,0,1,0,0,9,0
2026-09-11T07:25:00+02:00,2026-09-11T07:30:00+02:00,0,2,11,174,1,0,0,0,7,6,0,0,92,0,0,0,0,0,0,0,0,12,0
2026-09-11T07:30:00+02:00,2026-09-11T07:35:00+02:00,0,5,8,187,0,0,0,0,6,8,0,0,116,0,0,0,0,0,0,0,0,7,0
2026-09-11T07:35:00+02:00,2026-09-11T07:40:00+02:00,0,1,7,210,0,0,0,0,5,12,1,0,83,0,0,0,0,0,1,0,0,12,0
2026-09-11T07:40:00+02:00,2026-09-11T07:45:00+02:00,0,4,9,248,0,0,0,0,7,9,3,0,115,0,0,0,2,0,0,0,0,16,0
2026-09-11T07:45:00+02:00,2026-09-11T07:50:00+02:00,0,3,3,248,1,0,0,0,3,17,1,0,116,0,0,0,1,0,0,0,0,13,0
2026-09-11T07:50:00+02:00,2026-09-11T07:55:00+02:00,0,4,7,236,4,0,0,0,13,7,1,0,73,0,0,0,0,0,2,0,0,23,0
2026-09-11T07:55:00+02:00,2026-09-11T08:00:00+02:00,0,2,4,207,0,0,0,0,12,8,3,0,70,0,0,0,0,0,0,0,0,11,0
2026-09-11T08:00:00+02:00,2026-09-11T08:05:00+02:00,0,9,4,189,0,0,0,0,9,13,0,0,85,0,0,0,0,0,1,0,0,13,0
2026-09-11T08:05:00+02:00,2026-09-11T08:10:00+02:00,1,5,1,191,0,0,0,0,7,19,0,0,139,0,0,0,0,0,2,0,0,22,0
2026-09-11T22:55:00+02:00,2026-09-11T23:00:00+02:00,0,0,0,0,0,0,0,0,0,0,0,0,0,0,0,0,0,0,0,0,0,0,0
2026-09-11T23:02:11.44+02:00,2026-09-11T23:05:00+02:00,0,0,0,20,0,0,0,0,1,0,0,0,2,0,0,0,0,0,0,0,0,1,0
2026-09-11T23:05:00+02:00,2026-09-11T23:10:00+02:00,0,0,0,45,0,0,0,0,0,0,0,0,3,0,0,0,0,0,0,0,0,2,0
2026-09-11T23:10:00+02:00,2026-09-11T23:15:00+02:00,0,0,0,54,0,0,0,0,3,0,0,0,5,0,0,0,0,0,0,0,0,4,0
2026-09-11T23:15:00+02:00,2026-09-11T23:20:00+02:00,0,0,2,43,0,0,0,0,1,2,0,0,0,0,0,0,0,0,0,0,0,0,0
2026-09-11T23:20:00+02:00,2026-09-11T23:25:00+02:00,0,0,3,36,0,0,0,0,2,2,0,0,10,0,0,0,0,0,0,0,0,0,0
2026-09-11T23:25:00+02:00,2026-09-11T23:30:00+02:00,0,0,4,31,0,0,0,0,1,0,0,0,2,0,0,0,0,0,0,0,0,2,0
2026-09-11T23:30:00+02:00,2026-09-11T23:35:00+02:00,0,0,2,34,0,0,0,0,0,0,0,0,17,0,0,0,0,0,0,0,0,0,0
2026-09-11T23:35:00+02:00,2026-09-11T23:40:00+02:00,0,2,2,29,0,0,0,0,5,1,0,0,0,0,0,0,0,0,0,0,0,0,0
2026-09-11T23:40:00+02:00,2026-09-11T23:45:00+02:00,0,0,1,30,0,0,0,0,1,1,0,0,26,0,0,0,0,0,0,0,0,0,0
2026-09-11T23:45:00+02:00,2026-09-11T23:50:00+02:00,0,0,1,28,0,0,0,0,3,2,0,0,13,0,0,0,0,0,0,0,0,0,0
2026-09-11T23:50:00+02:00,2026-09-11T23:55:00+02:00,0,0,0,27,0,0,0,0,1,0,0,0,24,0,0,0,0,0,0,0,0,2,0
2026-09-11T23:55:00+02:00,2026-09-12T00:00:00+02:00,0,0,0,37,0,0,0,0,1,0,0,0,18,0,0,0,0,0,0,0,0,2,0
2026-09-12T00:00:00+02:00,2026-09-12T00:05:00+02:00,0,0,0,43,0,0,0,0,6,0,0,0,0,0,0,0,0,0,0,0,0,1,0
2026-09-12T00:05:00+02:00,2026-09-12T00:10:00+02:00,0,0,0,19,0,0,0,0,2,0,0,0,23,0,0,0,0,0,0,0,0,1,0
2026-09-12T00:10:00+02:00,2026-09-12T00:15:00+02:00,0,0,0,21,0,0,0,0,0,0,0,0,4,0,0,0,0,0,0,0,0,0,0
2026-09-12T00:15:00+02:00,2026-09-12T00:20:00+02:00,0,0,0,16,0,0,0,0,1,0,0,0,4,0,0,0,0,0,0,0,0,2,0
2026-09-12T00:20:00+02:00,2026-09-12T00:25:00+02:00,0,2,0,32,0,0,0,0,0,0,0,0,3,0,0,0,0,0,0,0,0,0,0
2026-09-12T00:25:00+02:00,2026-09-12T00:30:00+02:00,0,0,0,28,0,0,0,0,1,1,0,0,2,0,0,0,0,0,0,0,0,0,0
2026-09-12T00:30:00+02:00,2026-09-12T00:35:00+02:00,0,0,0,40,0,0,0,0,0,0,0,0,2,0,0,0,0,0,0,0,0,1,0
2026-09-12T00:35:00+02:00,2026-09-12T00:40:00+02:00,0,2,0,18,0,0,0,0,3,0,0,0,12,0,0,0,0,0,0,0,0,0,0
2026-09-12T00:40:00+02:00,2026-09-12T00:45:00+02:00,0,0,0,20,0,0,0,0,0,0,0,0,1,0,0,0,0,0,0,0,0,0,0
2026-09-12T00:45:00+02:00,2026-09-12T00:50:00+02:00,0,0,0,22,0,0,0,0,2,0,0,0,2,0,0,0,0,0,0,0,0,0,0
2026-09-12T00:50:00+02:00,2026-09-12T00:55:00+02:00,0,0,0,12,0,0,0,0,1,1,0,0,0,0,0,0,0,0,0,0,0,0,0
2026-09-12T00:55:00+02:00,2026-09-12T01:00:00+02:00,0,0,0,23,0,0,0,0,2,0,0,0,5,0,0,0,0,0,0,0,0,1,0
2026-09-12T01:00:00+02:00,2026-09-12T01:05:00+02:00,0,0,0,15,1,0,0,0,1,2,0,0,0,0,0,0,0,0,0,0,0,1,0
2026-09-12T01:05:00+02:00,2026-09-12T01:10:00+02:00,0,0,0,13,0,0,0,0,1,0,0,0,0,0,0,0,0,0,0,0,0,2,0
2026-09-12T01:10:00+02:00,2026-09-12T01:15:00+02:00,0,0,0,22,0,0,0,0,1,0,0,0,16,0,0,0,0,0,0,0,0,0,0
2026-09-12T01:15:00+02:00,2026-09-12T01:20:00+02:00,0,0,2,20,0,0,0,0,2,3,0,0,4,0,0,0,0,0,0,0,0,0,0
2026-09-12T01:20:00+02:00,2026-09-12T01:25:00+02:00,0,0,0,8,0,0,0,0,5,2,0,0,0,0,0,0,0,0,0,0,0,0,0
2026-09-12T01:25:00+02:00,2026-09-12T01:30:00+02:00,0,2,0,9,0,0,0,0,0,1,0,0,0,0,0,0,0,0,0,0,0,1,0
2026-09-12T01:30:00+02:00,2026-09-12T01:35:00+02:00,0,0,0,12,0,0,0,0,0,2,0,0,1,0,0,0,0,0,1,0,0,0,0
2026-09-12T01:35:00+02:00,2026-09-12T01:40:00+02:00,0,2,0,19,0,0,0,0,1,0,0,0,0,0,0,0,0,0,0,0,0,1,0
2026-09-12T01:40:00+02:00,2026-09-12T01:45:00+02:00,0,0,0,21,1,0,0,0,0,1,0,0,4,0,0,0,0,0,0,0,0,0,0
2026-09-12T01:45:00+02:00,2026-09-12T01:50:00+02:00,0,0,0,20,0,0,0,0,0,1,0,0,0,0,0,0,0,0,0,0,0,1,0
2026-09-12T01:50:00+02:00,2026-09-12T01:55:00+02:00,0,0,0,13,0,0,0,0,0,0,0,0,0,0,0,0,0,0,0,0,0,2,0
2026-09-12T01:55:00+02:00,2026-09-12T02:00:00+02:00,0,0,0,9,0,0,0,0,1,0,0,0,0,0,0,0,0,0,0,0,0,0,0
2026-09-12T02:00:00+02:00,2026-09-12T02:05:00+02:00,0,0,0,16,0,0,0,0,2,0,0,0,6,0,0,0,0,0,0,0,0,0,0
2026-09-12T02:05:00+02:00,2026-09-12T02:10:00+02:00,0,0,0,19,0,0,0,0,3,1,0,0,1,0,0,0,0,0,0,0,0,0,0
2026-09-12T02:10:00+02:00,2026-09-12T02:15:00+02:00,0,0,0,10,0,0,0,0,0,1,0,0,0,0,0,0,0,0,0,0,0,0,0
2026-09-12T02:15:00+02:00,2026-09-12T02:20:00+02:00,0,2,0,8,0,0,0,0,1,0,0,0,5,0,0,0,0,0,0,0,0,2,0
2026-09-12T02:20:00+02:00,2026-09-12T02:25:00+02:00,0,0,0,9,0,0,0,0,2,0,0,0,8,0,0,0,0,0,0,0,0,3,0
2026-09-12T02:25:00+02:00,2026-09-12T02:30:00+02:00,0,0,0,5,1,0,0,0,1,1,0,0,0,0,0,0,0,0,0,0,0,2,0
2026-09-12T02:30:00+02:00,2026-09-12T02:35:00+02:00,0,0,0,16,0,0,0,0,0,1,0,0,0,0,0,0,0,0,0,0,0,1,0
2026-09-12T02:35:00+02:00,2026-09-12T02:40:00+02:00,0,0,0,11,0,0,0,0,0,1,0,0,0,0,0,0,0,0,0,0,0,1,0
2026-09-12T02:40:00+02:00,2026-09-12T02:45:00+02:00,0,0,0,13,0,0,0,0,1,0,0,0,0,0,0,0,0,0,0,0,0,0,0
2026-09-12T02:45:00+02:00,2026-09-12T02:50:00+02:00,0,0,0,11,0,0,0,0,0,0,0,0,2,0,0,0,0,0,0,0,0,2,0
2026-09-12T02:50:00+02:00,2026-09-12T02:55:00+02:00,0,4,0,14,0,0,0,0,4,1,0,0,10,0,0,0,0,0,0,0,0,1,0
2026-09-12T02:55:00+02:00,2026-09-12T03:00:00+02:00,0,0,0,9,0,0,0,0,2,2,0,0,0,0,0,0,0,0,0,0,0,0,0
2026-09-12T03:00:00+02:00,2026-09-12T03:05:00+02:00,0,1,0,24,0,0,0,0,2,0,0,0,8,0,0,0,0,0,0,0,0,0,0
2026-09-12T03:05:00+02:00,2026-09-12T03:10:00+02:00,0,0,0,15,0,0,0,0,1,0,0,0,5,0,0,0,0,0,0,0,0,0,0
2026-09-12T03:10:00+02:00,2026-09-12T03:15:00+02:00,0,0,0,13,0,0,0,0,3,0,0,0,4,0,0,0,0,0,0,0,0,0,0
2026-09-12T03:15:00+02:00,2026-09-12T03:20:00+02:00,0,4,0,13,0,0,0,0,2,0,0,0,3,0,0,0,0,0,0,0,0,0,0
2026-09-12T03:20:00+02:00,2026-09-12T03:25:00+02:00,0,2,0,11,0,0,0,0,4,1,0,0,5,0,0,0,0,0,1,0,0,0,0
2026-09-12T03:25:00+02:00,2026-09-12T03:30:00+02:00,0,0,0,5,0,0,0,0,0,0,0,0,0,0,0,0,0,0,0,0,0,0,0
2026-09-12T03:30:00+02:00,2026-09-12T03:35:00+02:00,0,0,1,5,0,0,0,0,0,0,0,0,0,0,0,0,0,0,0,0,0,0,0
2026-09-12T03:35:00+02:00,2026-09-12T03:40:00+02:00,0,0,0,16,0,0,0,0,4,3,0,0,0,0,0,0,0,0,2,0,0,0,0
2026-09-12T03:40:00+02:00,2026-09-12T03:45:00+02:00,0,0,0,15,0,0,0,0,2,3,0,0,0,0,0,0,0,0,0,0,0,0,0
2026-09-12T03:45:00+02:00,2026-09-12T03:50:00+02:00,0,0,0,3,2,0,0,0,0,0,0,0,2,0,0,0,0,0,0,0,0,1,0
2026-09-12T03:50:00+02:00,2026-09-12T03:55:00+02:00,0,0,0,9,0,0,0,0,0,0,0,0,0,0,0,0,0,0,0,0,0,0,0
2026-09-12T03:55:00+02:00,2026-09-12T04:00:00+02:00,0,1,0,7,0,0,0,0,0,2,0,0,2,0,0,0,0,0,0,0,0,0,0
2026-09-12T04:00:00+02:00,2026-09-12T04:05:00+02:00,0,0,3,5,0,0,0,0,0,1,0,0,1,0,0,0,0,0,0,0,0,0,0
2026-09-12T04:05:00+02:00,2026-09-12T04:10:00+02:00,0,0,0,13,0,0,0,0,1,0,0,0,0,0,0,0,0,0,0,0,0,0,0
2026-09-12T04:10:00+02:00,2026-09-12T04:15:00+02:00,0,0,3,5,0,0,0,0,0,0,0,0,3,0,0,0,0,0,0,0,0,1,0
2026-09-12T04:15:00+02:00,2026-09-12T04:20:00+02:00,0,2,0,9,0,0,0,0,1,2,0,0,0,0,0,0,0,0,0,0,0,0,0
2026-09-12T04:20:00+02:00,2026-09-12T04:25:00+02:00,0,0,1,16,0,0,0,0,0,1,0,0,0,0,0,0,0,0,0,0,0,4,0
2026-09-12T04:25:00+02:00,2026-09-12T04:30:00+02:00,0,0,2,17,0,0,0,0,0,1,0,0,0,0,0,0,0,0,0,0,0,0,0
2026-09-12T04:30:00+02:00,2026-09-12T04:35:00+02:00,0,0,0,12,0,0,0,0,2,3,0,0,0,0,0,0,0,0,0,0,0,4,0
2026-09-12T04:35:00+02:00,2026-09-12T04:40:00+02:00,0,0,1,8,0,0,0,0,1,0,0,0,0,0,0,0,0,0,0,0,0,2,0
2026-09-12T04:40:00+02:00,2026-09-12T04:45:00+02:00,0,0,0,9,0,0,0,0,2,0,0,0,0,0,0,0,0,0,0,0,0,0,0
2026-09-12T04:45:00+02:00,2026-09-12T04:50:00+02:00,0,1,0,14,0,0,0,0,1,3,1,0,0,0,0,0,0,0,0,0,0,1,0
2026-09-12T04:50:00+02:00,2026-09-12T04:55:00+02:00,0,0,0,17,0,0,0,0,2,2,0,0,0,0,0,0,0,0,1,0,0,2,0
2026-09-12T04:55:00+02:00,2026-09-12T05:00:00+02:00,0,3,0,14,0,0,0,0,2,0,0,0,10,0,0,0,0,0,0,0,0,2,0
2026-09-12T05:00:00+02:00,2026-09-12T05:05:00+02:00,0,5,1,11,0,0,0,0,2,1,0,0,3,0,0,0,0,0,0,0,0,1,0
2026-09-12T05:05:00+02:00,2026-09-12T05:10:00+02:00,0,0,0,25,0,0,0,0,2,2,1,0,2,0,2,0,0,0,0,0,0,2,0
2026-09-12T05:10:00+02:00,2026-09-12T05:15:00+02:00,0,0,1,17,0,0,0,0,0,2,0,0,0,0,0,0,0,0,0,0,0,2,0
2026-09-12T05:15:00+02:00,2026-09-12T05:20:00+02:00,0,1,1,15,0,0,0,0,3,3,0,0,1,0,0,0,0,0,0,0,0,0,0
2026-09-12T05:20:00+02:00,2026-09-12T05:25:00+02:00,0,0,2,40,0,0,0,0,1,0,0,0,0,0,0,0,0,0,0,0,0,2,0
2026-09-12T05:25:00+02:00,2026-09-12T05:30:00+02:00,0,2,5,22,1,0,0,0,2,1,0,0,3,0,0,0,0,0,1,0,0,2,0
2026-09-12T05:30:00+02:00,2026-09-12T05:35:00+02:00,0,1,4,26,0,0,0,0,3,2,0,0,1,0,0,0,0,0,1,0,0,0,0
2026-09-12T05:35:00+02:00,2026-09-12T05:40:00+02:00,0,6,0,38,0,0,0,0,5,0,0,0,3,0,0,0,0,0,0,0,0,0,0
2026-09-12T05:40:00+02:00,2026-09-12T05:45:00+02:00,0,0,2,44,0,1,0,0,0,2,0,0,0,0,0,0,0,0,1,0,0,1,0
2026-09-12T05:45:00+02:00,2026-09-12T05:50:00+02:00,0,2,0,34,1,0,0,0,2,2,0,0,0,0,0,0,0,0,0,0,0,0,0
2026-09-12T05:50:00+02:00,2026-09-12T05:55:00+02:00,0,1,0,30,2,0,0,0,2,2,0,0,5,0,0,0,0,0,0,0,0,6,0
2026-09-12T05:55:00+02:00,2026-09-12T06:00:00+02:00,0,0,0,34,0,0,0,0,2,0,0,0,3,0,0,0,0,0,0,0,0,2,0
2026-09-12T06:00:00+02:00,2026-09-12T06:05:00+02:00,1,10,0,20,0,0,0,0,3,5,1,0,3,0,0,0,0,0,0,0,0,6,0
2026-09-12T06:05:00+02:00,2026-09-12T06:10:00+02:00,0,0,1,40,0,0,0,0,3,1,0,0,11,0,0,0,0,0,0,0,0,2,0
2026-09-12T06:10:00+02:00,2026-09-12T06:15:00+02:00,0,2,1,25,0,0,0,0,5,0,1,0,0,0,0,0,1,0,0,0,0,2,0
2026-09-12T06:15:00+02:00,2026-09-12T06:20:00+02:00,0,1,4,28,0,0,0,0,2,2,0,0,0,0,0,0,0,0,0,0,0,1,0
2026-09-12T06:20:00+02:00,2026-09-12T06:25:00+02:00,0,2,3,36,0,0,0,0,1,2,0,0,3,0,0,0,0,0,1,0,0,1,0
2026-09-12T06:25:00+02:00,2026-09-12T06:30:00+02:00,0,1,0,26,0,0,0,0,1,4,0,0,1,0,0,0,0,0,0,0,0,1,0
2026-09-12T06:30:00+02:00,2026-09-12T06:35:00+02:00,0,3,0,50,0,0,0,0,3,0,0,0,4,0,0,0,0,0,0,0,0,4,0
2026-09-12T06:35:00+02:00,2026-09-12T06:40:00+02:00,0,5,4,45,0,0,0,0,2,0,0,0,1,0,0,0,0,0,0,0,0,3,0
2026-09-12T06:40:00+02:00,2026-09-12T06:45:00+02:00,0,2,3,41,0,0,0,0,4,4,0,0,0,0,0,0,0,0,0,0,0,3,0
2026-09-12T06:45:00+02:00,2026-09-12T06:50:00+02:00,0,0,1,47,0,0,0,0,3,4,0,0,1,0,0,0,0,0,0,0,0,4,0
2026-09-12T06:50:00+02:00,2026-09-12T06:55:00+02:00,0,3,0,57,0,0,0,0,1,6,0,0,12,0,0,0,0,0,0,0,0,3,0
2026-09-12T06:55:00+02:00,2026-09-12T07:00:00+02:00,0,3,1,80,0,0,0,0,3,2,0,0,18,0,0,0,0,0,0,0,0,3,0
2026-09-12T07:00:00+02:00,2026-09-12T07:05:00+02:00,0,9,0,60,2,0,0,0,1,5,0,0,5,0,0,0,0,0,0,0,0,6,0
2026-09-12T07:05:00+02:00,2026-09-12T07:10:00+02:00,0,2,0,65,0,0,0,0,3,3,0,0,21,0,0,0,0,0,0,0,0,6,0
2026-09-12T07:10:00+02:00,2026-09-12T07:15:00+02:00,0,7,2,75,1,0,0,0,1,5,0,0,8,0,0,0,0,0,0,0,0,11,0
2026-09-12T07:15:00+02:00,2026-09-12T07:20:00+02:00,0,0,7,56,1,0,0,0,2,2,0,0,4,0,0,0,0,0,0,0,0,5,0
2026-09-12T07:20:00+02:00,2026-09-12T07:25:00+02:00,0,8,5,65,2,0,0,0,1,2,1,0,14,0,0,0,0,0,0,0,0,5,0
2026-09-12T07:25:00+02:00,2026-09-12T07:30:00+02:00,0,5,3,66,1,0,0,0,2,0,0,0,13,0,0,0,0,0,0,0,0,7,0
2026-09-12T07:30:00+02:00,2026-09-12T07:35:00+02:00,0,10,4,78,3,0,0,0,4,3,0,0,24,0,0,0,0,0,1,0,0,3,0
2026-09-12T07:35:00+02:00,2026-09-12T07:40:00+02:00,0,2,1,80,2,0,0,0,4,2,0,0,17,0,0,0,0,0,0,0,0,5,0
2026-09-12T07:40:00+02:00,2026-09-12T07:45:00+02:00,0,1,1,95,2,0,0,0,2,2,0,0,8,0,0,0,0,0,0,0,0,6,0
2026-09-12T07:45:00+02:00,2026-09-12T07:50:00+02:00,2,2,4,107,0,0,0,0,2,2,2,0,34,0,0,0,0,0,0,0,0,2,0
2026-09-12T07:50:00+02:00,2026-09-12T07:55:00+02:00,2,15,4,100,1,0,0,0,4,1,0,0,18,0,0,0,0,0,0,0,0,8,0
2026-09-12T07:55:00+02:00,2026-09-12T08:00:00+02:00,0,4,0,88,2,0,0,0,3,2,0,0,26,0,0,0,0,0,0,0,0,5,0
2026-09-12T08:00:00+02:00,2026-09-12T08:05:00+02:00,0,5,1,103,4,0,0,0,5,1,0,0,27,0,0,0,0,0,0,0,0,9,0
2026-09-12T08:05:00+02:00,2026-09-12T08:10:00+02:00,0,6,0,118,1,0,0,0,3,0,0,0,4,0,0,0,1,0,2,0,0,6,0
2026-09-12T08:10:00+02:00,2026-09-12T08:15:00+02:00,0,3,1,84,0,0,0,0,0,1,0,0,33,0,1,0,0,0,0,0,0,2,0
2026-09-12T08:15:00+02:00,2026-09-12T08:20:00+02:00,0,8,2,111,1,0,0,0,4,3,0,0,36,0,0,0,2,0,0,0,0,5,0
2026-09-12T08:20:00+02:00,2026-09-12T08:25:00+02:00,0,6,2,135,1,0,0,0,3,4,2,0,60,0,0,0,0,0,0,0,0,6,0
2026-09-12T08:25:00+02:00,2026-09-12T08:30:00+02:00,0,22,0,96,3,0,0,0,2,1,0,0,48,0,0,0,0,0,0,0,0,7,0
2026-09-12T08:30:00+02:00,2026-09-12T08:35:00+02:00,0,0,2,135,4,0,0,0,1,2,1,0,38,0,0,0,0,0,0,0,0,7,0
2026-09-12T08:35:00+02:00,2026-09-12T08:40:00+02:00,0,6,1,156,8,0,0,0,3,1,0,0,73,0,0,0,0,0,0,0,0,8,0
2026-09-12T08:40:00+02:00,2026-09-12T08:45:00+02:00,0,12,4,144,4,0,0,0,3,3,2,0,60,0,0,0,0,0,0,0,0,5,0
2026-09-12T08:45:00+02:00,2026-09-12T08:50:00+02:00,0,15,2,140,2,0,0,0,3,3,0,0,45,0,0,0,0,0,1,0,0,5,0
2026-09-12T08:50:00+02:00,2026-09-12T08:55:00+02:00,0,13,0,183,9,0,0,0,4,0,0,0,43,0,0,0,0,0,0,0,0,4,0
2026-09-12T08:55:00+02:00,2026-09-12T09:00:00+02:00,0,1,1,175,2,0,0,0,3,0,0,0,40,0,0,0,0,0,0,0,0,5,0
2026-09-12T09:00:00+02:00,2026-09-12T09:05:00+02:00,0,9,3,186,3,0,0,0,1,2,0,0,66,0,0,0,0,0,0,0,0,4,0
2026-09-12T09:05:00+02:00,2026-09-12T09:10:00+02:00,0,19,0,151,1,0,0,0,0,1,3,0,38,0,0,0,0,0,0,0,0,3,0
2026-09-12T09:10:00+02:00,2026-09-12T09:15:00+02:00,0,8,2,174,5,0,0,0,1,4,1,0,35,0,0,0,2,0,0,0,0,9,0
2026-09-12T09:15:00+02:00,2026-09-12T09:20:00+02:00,0,7,3,154,7,0,0,0,3,5,1,0,22,3,0,0,0,0,0,0,0,2,0
2026-09-12T09:20:00+02:00,2026-09-12T09:25:00+02:00,4,12,0,182,4,0,0,0,3,5,1,0,48,19,0,0,0,0,0,0,0,15,0
2026-09-12T09:25:00+02:00,2026-09-12T09:30:00+02:00,0,16,1,184,7,0,0,0,2,2,0,0,62,2,0,0,0,0,1,0,0,5,0
2026-09-12T09:30:00+02:00,2026-09-12T09:35:00+02:00,0,15,0,164,3,0,0,0,4,1,1,0,69,1,0,0,0,0,0,0,0,6,0
2026-09-12T09:35:00+02:00,2026-09-12T09:40:00+02:00,0,6,1,178,1,0,0,0,1,5,0,0,82,0,0,0,0,0,0,0,0,6,0
2026-09-12T09:40:00+02:00,2026-09-12T09:45:00+02:00,0,10,2,187,1,0,0,0,6,1,3,0,45,0,0,0,0,0,0,0,0,4,0
2026-09-12T09:45:00+02:00,2026-09-12T09:50:00+02:00,0,49,0,202,2,0,0,0,6,2,0,0,70,4,0,0,0,0,1,0,0,6,0
2026-09-12T09:50:00+02:00,2026-09-12T09:55:00+02:00,0,22,0,184,3,0,0,0,4,8,4,0,79,0,0,0,0,0,0,0,0,4,0
2026-09-12T09:55:00+02:00,2026-09-12T10:00:00+02:00,0,0,0,180,7,0,0,0,3,4,0,0,110,0,0,0,0,0,0,0,0,10,0
2026-09-12T10:00:00+02:00,2026-09-12T10:05:00+02:00,0,11,2,184,0,0,0,0,1,2,0,0,79,0,0,0,0,0,0,0,0,12,0
2026-09-12T10:05:00+02:00,2026-09-12T10:10:00+02:00,0,12,2,200,4,0,0,0,3,5,4,0,91,0,0,0,0,0,1,0,0,8,0
2026-09-12T10:10:00+02:00,2026-09-12T10:15:00+02:00,2,15,4,187,3,0,0,0,4,1,0,0,91,3,0,0,2,0,0,0,0,8,0
2026-09-12T10:15:00+02:00,2026-09-12T10:20:00+02:00,0,12,0,169,5,0,0,0,3,3,2,0,122,2,0,0,0,0,0,0,0,6,0
2026-09-12T10:20:00+02:00,2026-09-12T10:25:00+02:00,1,22,2,201,2,0,0,0,4,2,7,0,110,4,0,0,0,0,0,0,0,13,0
2026-09-12T10:25:00+02:00,2026-09-12T10:30:00+02:00,0,12,3,191,6,0,0,0,3,3,1,0,89,1,0,0,0,0,0,0,0,4,0
2026-09-12T10:30:00+02:00,2026-09-12T10:35:00+02:00,0,1,0,215,2,0,0,0,3,2,11,0,68,3,0,0,0,0,0,0,0,7,0
2026-09-12T10:35:00+02:00,2026-09-12T10:40:00+02:00,0,16,0,217,2,0,0,0,1,1,2,0,90,10,0,0,0,0,1,0,0,3,0
2026-09-12T10:40:00+02:00,2026-09-12T10:45:00+02:00,0,19,0,188,3,0,0,0,1,1,2,0,110,0,0,0,0,0,0,0,0,6,0
2026-09-12T10:45:00+02:00,2026-09-12T10:50:00+02:00,0,21,2,204,3,0,0,0,3,2,2,0,72,0,0,0,2,0,0,0,0,1,0
2026-09-12T10:50:00+02:00,2026-09-12T10:55:00+02:00,0,12,1,195,3,0,0,0,3,2,9,0,99,0,0,0,2,0,1,0,0,3,0
2026-09-12T10:55:00+02:00,2026-09-12T11:00:00+02:00,0,11,1,193,2,0,0,0,1,2,10,0,65,0,2,0,0,0,0,0,0,7,0
2026-09-12T11:00:00+02:00,2026-09-12T11:05:00+02:00,1,28,2,179,7,0,0,0,1,2,4,0,102,7,0,0,0,0,0,0,0,9,0
2026-09-12T11:05:00+02:00,2026-09-12T11:10:00+02:00,0,22,1,187,0,0,0,0,3,2,8,0,112,5,0,0,0,0,0,0,0,10,2
2026-09-12T11:10:00+02:00,2026-09-12T11:15:00+02:00,2,5,2,201,1,0,0,0,3,3,4,0,93,0,0,0,0,0,0,0,0,6,0
2026-09-12T11:15:00+02:00,2026-09-12T11:20:00+02:00,0,6,0,208,3,1,0,0,2,4,0,0,101,1,0,0,1,0,0,0,0,5,0
2026-09-12T11:20:00+02:00,2026-09-12T11:25:00+02:00,0,8,0,174,3,0,0,0,0,1,12,0,114,5,0,0,0,0,0,0,0,12,0
2026-09-12T11:25:00+02:00,2026-09-12T11:30:00+02:00,0,11,0,171,2,0,0,0,1,0,6,0,94,2,3,0,0,0,0,0,0,4,0
2026-09-12T11:30:00+02:00,2026-09-12T11:35:00+02:00,0,9,2,171,3,0,0,0,3,0,2,0,91,0,0,0,0,0,0,0,0,6,0
2026-09-12T11:35:00+02:00,2026-09-12T11:40:00+02:00,0,8,0,188,2,0,0,0,0,4,12,0,61,0,0,0,0,0,0,0,0,3,0
2026-09-12T11:40:00+02:00,2026-09-12T11:45:00+02:00,0,8,2,151,3,0,0,0,2,1,2,0,109,1,2,0,0,0,0,0,0,5,0
2026-09-12T11:45:00+02:00,2026-09-12T11:50:00+02:00,0,4,2,156,4,0,0,0,1,1,0,0,40,0,0,0,0,0,0,0,0,4,0
2026-09-12T11:50:00+02:00,2026-09-12T11:55:00+02:00,0,12,4,174,1,0,0,0,2,0,3,0,44,0,0,0,0,0,0,0,0,3,0
2026-09-12T11:55:00+02:00,2026-09-12T12:00:00+02:00,0,2,3,177,4,0,0,0,1,0,4,0,76,0,0,0,0,0,0,0,0,6,0
2026-09-12T12:00:00+02:00,2026-09-12T12:05:00+02:00,0,18,1,159,1,0,0,0,0,2,6,0,47,2,0,0,0,0,0,0,0,5,0
2026-09-12T12:05:00+02:00,2026-09-12T12:10:00+02:00,0,10,0,152,3,0,0,0,1,4,1,0,33,0,0,0,0,0,0,0,0,3,0
2026-09-12T12:10:00+02:00,2026-09-12T12:15:00+02:00,0,4,2,151,1,0,0,0,0,0,1,0,83,9,1,0,0,0,0,0,0,3,0
2026-09-12T12:15:00+02:00,2026-09-12T12:20:00+02:00,0,10,0,183,2,0,0,0,3,3,2,0,76,0,0,0,0,0,0,0,0,11,0
2026-09-12T12:20:00+02:00,2026-09-12T12:25:00+02:00,0,8,2,157,1,0,0,0,3,0,3,0,30,0,0,0,0,0,0,0,0,7,0
2026-09-12T12:25:00+02:00,2026-09-12T12:30:00+02:00,0,7,1,157,3,0,0,0,3,0,2,0,35,1,1,0,0,0,0,0,0,13,0
2026-09-12T12:30:00+02:00,2026-09-12T12:35:00+02:00,0,0,0,146,1,0,0,0,0,6,5,0,52,0,0,0,0,0,0,0,0,3,0
2026-09-12T12:35:00+02:00,2026-09-12T12:40:00+02:00,0,10,0,175,2,0,0,0,1,4,1,0,34,0,2,0,0,0,2,0,0,6,0
2026-09-12T12:40:00+02:00,2026-09-12T12:45:00+02:00,0,0,2,140,0,0,0,0,3,0,3,0,29,0,1,0,0,0,0,0,0,13,0
2026-09-12T12:45:00+02:00,2026-09-12T12:50:00+02:00,0,2,1,173,0,0,0,0,0,1,0,0,23,0,0,0,0,0,0,0,0,3,0
2026-09-12T12:50:00+02:00,2026-09-12T12:55:00+02:00,0,0,1,148,0,0,0,0,1,0,1,0,33,0,5,0,0,0,0,0,0,4,0
2026-09-12T12:55:00+02:00,2026-09-12T13:00:00+02:00,0,9,0,156,0,0,0,0,1,0,4,0,3,0,0,0,0,0,0,0,0,4,0
2026-09-12T13:00:00+02:00,2026-09-12T13:05:00+02:00,0,6,3,147,1,0,0,0,1,1,1,0,9,0,0,0,0,0,0,0,0,2,0
2026-09-12T13:05:00+02:00,2026-09-12T13:10:00+02:00,0,14,1,174,0,0,0,0,1,1,2,0,26,0,1,0,0,0,0,0,0,3,0
2026-09-12T13:10:00+02:00,2026-09-12T13:15:00+02:00,0,15,4,142,1,0,0,0,0,2,1,0,23,1,0,0,0,0,1,0,0,3,0
2026-09-12T13:15:00+02:00,2026-09-12T13:20:00+02:00,0,4,1,145,1,0,0,0,3,0,8,0,9,0,0,0,0,0,0,0,0,1,0
2026-09-12T13:20:00+02:00,2026-09-12T13:25:00+02:00,0,12,1,105,0,0,0,0,1,2,4,0,37,0,0,0,0,0,0,0,0,2,0
2026-09-12T13:25:00+02:00,2026-09-12T13:30:00+02:00,0,9,3,148,4,0,0,0,1,2,5,0,65,0,0,0,0,0,0,0,0,4,0
2026-09-12T13:30:00+02:00,2026-09-12T13:35:00+02:00,0,5,2,137,2,0,0,0,1,0,4,0,21,0,0,0,0,0,0,0,0,8,0
2026-09-12T13:35:00+02:00,2026-09-12T13:40:00+02:00,0,8,1,164,0,0,0,0,5,2,3,0,15,0,0,0,0,0,0,0,0,4,0
2026-09-12T13:40:00+02:00,2026-09-12T13:45:00+02:00,0,25,3,158,1,0,0,0,4,2,6,0,39,0,0,0,0,0,0,0,0,2,0
2026-09-12T13:45:00+02:00,2026-09-12T13:50:00+02:00,0,9,1,151,4,0,0,0,3,1,6,0,33,0,0,0,0,0,0,0,0,11,0
2026-09-12T13:50:00+02:00,2026-09-12T13:55:00+02:00,0,5,0,136,2,0,0,0,1,1,0,0,23,0,0,0,0,0,0,0,0,2,0
2026-09-12T13:55:00+02:00,2026-09-12T14:00:00+02:00,0,5,0,147,0,0,0,0,3,1,6,0,40,2,1,0,0,0,0,0,0,4,0
2026-09-12T14:00:00+02:00,2026-09-12T14:05:00+02:00,0,7,1,178,0,0,0,0,1,1,5,0,29,0,0,0,0,0,0,0,0,5,0
2026-09-12T14:05:00+02:00,2026-09-12T14:10:00+02:00,0,5,4,152,1,0,0,0,2,6,5,0,19,0,0,0,0,0,0,0,0,5,0
2026-09-12T14:10:00+02:00,2026-09-12T14:15:00+02:00,0,0,2,194,2,0,0,0,1,5,2,0,44,0,0,0,0,0,0,0,0,2,0
2026-09-12T14:15:00+02:00,2026-09-12T14:20:00+02:00,0,3,2,158,1,0,0,0,3,1,0,0,20,0,1,0,0,0,0,0,0,3,0
2026-09-12T14:20:00+02:00,2026-09-12T14:25:00+02:00,0,7,3,154,2,0,0,0,2,2,5,0,25,0,0,0,0,0,0,0,0,5,0
2026-09-12T14:25:00+02:00,2026-09-12T14:30:00+02:00,0,4,2,166,0,0,0,0,2,3,3,0,23,0,7,0,0,0,0,0,0,1,0
2026-09-12T14:30:00+02:00,2026-09-12T14:35:00+02:00,0,7,2,128,1,0,0,0,1,0,3,0,41,0,0,0,0,0,0,0,0,12,0
2026-09-12T14:35:00+02:00,2026-09-12T14:40:00+02:00,0,5,3,147,0,0,0,0,2,1,1,0,39,0,0,0,0,0,0,0,0,4,0
2026-09-12T14:40:00+02:00,2026-09-12T14:45:00+02:00,0,8,2,144,1,0,0,0,1,1,6,0,40,0,1,0,0,0,0,0,0,8,0
2026-09-12T14:45:00+02:00,2026-09-12T14:50:00+02:00,0,19,1,148,0,0,0,0,1,2,10,0,34,0,1,0,0,0,0,0,0,8,0
2026-09-12T14:50:00+02:00,2026-09-12T14:55:00+02:00,0,10,1,155,0,1,0,0,3,3,2,0,54,1,0,0,0,0,0,0,0,7,0
2026-09-12T14:55:00+02:00,2026-09-12T15:00:00+02:00,0,5,2,166,1,0,0,0,1,1,1,0,56,2,0,0,0,0,0,0,0,9,0
2026-09-12T15:00:00+02:00,2026-09-12T15:05:00+02:00,2,1,0,135,0,0,0,0,0,0,7,0,66,0,0,0,0,0,0,0,0,4,0
2026-09-12T15:05:00+02:00,2026-09-12T15:10:00+02:00,0,6,1,151,3,0,0,0,0,0,2,0,38,0,1,0,0,0,0,0,0,7,0
2026-09-12T15:10:00+02:00,2026-09-12T15:15:00+02:00,0,8,2,120,2,0,0,0,0,0,4,0,17,0,0,0,0,0,0,0,0,4,0
2026-09-12T15:15:00+02:00,2026-09-12T15:20:00+02:00,0,9,1,161,0,0,0,0,2,0,4,0,43,0,0,0,0,0,0,0,0,1,0
2026-09-12T15:20:00+02:00,2026-09-12T15:25:00+02:00,0,8,3,164,2,0,0,0,0,1,1,0,66,1,5,0,0,0,0,0,0,6,0
2026-09-12T15:25:00+02:00,2026-09-12T15:30:00+02:00,0,15,3,154,0,0,0,0,0,0,6,0,43,0,0,0,0,0,0,0,0,0,0
2026-09-12T15:30:00+02:00,2026-09-12T15:35:00+02:00,0,9,3,161,1,0,0,0,2,3,2,0,18,0,0,0,0,0,0,0,0,3,0
2026-09-12T15:35:00+02:00,2026-09-12T15:40:00+02:00,0,0,2,136,3,0,0,0,0,2,8,0,37,0,0,0,0,0,0,0,0,1,0
2026-09-12T15:40:00+02:00,2026-09-12T15:45:00+02:00,0,12,4,163,0,0,0,0,0,1,14,0,12,0,0,0,0,0,0,0,0,0,0
2026-09-12T15:45:00+02:00,2026-09-12T15:50:00+02:00,0,10,0,145,0,1,0,0,1,1,2,0,32,2,2,0,0,0,0,0,0,6,0
2026-09-12T15:50:00+02:00,2026-09-12T15:55:00+02:00,1,18,3,127,1,0,0,0,1,2,0,0,37,5,1,0,0,0,0,0,0,4,0
2026-09-12T15:55:00+02:00,2026-09-12T16:00:00+02:00,0,2,1,172,2,0,0,0,0,3,2,0,33,8,0,0,0,0,1,0,0,6,0
2026-09-12T16:00:00+02:00,2026-09-12T16:05:00+02:00,0,11,1,155,0,0,0,0,0,0,4,0,17,0,0,0,0,0,0,0,0,2,0
2026-09-12T16:05:00+02:00,2026-09-12T16:10:00+02:00,0,0,3,155,4,0,0,0,4,0,3,0,32,0,0,0,0,0,0,0,0,3,0
2026-09-12T16:10:00+02:00,2026-09-12T16:15:00+02:00,0,18,2,140,0,0,0,0,3,0,10,0,32,0,0,0,0,0,0,0,0,3,0
2026-09-12T16:15:00+02:00,2026-09-12T16:20:00+02:00,0,21,2,145,0,0,0,0,2,1,6,0,24,0,0,0,0,0,0,0,0,2,0
2026-09-12T16:20:00+02:00,2026-09-12T16:25:00+02:00,3,10,0,139,5,0,0,0,2,0,4,0,54,0,5,0,0,0,0,0,0,6,0
2026-09-12T16:25:00+02:00,2026-09-12T16:30:00+02:00,0,9,0,165,2,0,0,0,1,0,8,0,38,5,3,0,0,0,0,0,0,4,0
2026-09-12T16:30:00+02:00,2026-09-12T16:35:00+02:00,0,23,1,132,0,0,0,0,0,0,6,0,66,0,0,0,0,0,0,0,0,9,0
2026-09-12T16:35:00+02:00,2026-09-12T16:40:00+02:00,0,15,4,149,0,0,0,0,0,2,3,0,21,0,0,0,0,0,0,0,0,6,0
2026-09-12T16:40:00+02:00,2026-09-12T16:45:00+02:00,1,7,0,128,0,0,0,0,0,0,3,0,48,0,2,0,0,0,0,0,0,5,0
2026-09-12T16:45:00+02:00,2026-09-12T16:50:00+02:00,0,10,1,139,6,0,0,0,2,2,4,0,40,1,3,0,0,0,0,0,0,4,0
2026-09-12T16:50:00+02:00,2026-09-12T16:55:00+02:00,0,1,1,146,2,0,0,0,1,3,4,0,32,0,7,0,0,0,1,0,0,3,0
2026-09-12T16:55:00+02:00,2026-09-12T17:00:00+02:00,0,2,1,143,0,0,0,0,2,3,3,0,1,0,0,0,0,0,0,0,0,1,0
2026-09-12T17:00:00+02:00,2026-09-12T17:05:00+02:00,0,3,0,129,0,0,0,0,2,0,6,0,37,0,2,0,0,0,0,0,0,3,0
2026-09-12T17:05:00+02:00,2026-09-12T17:10:00+02:00,0,5,3,140,0,0,0,0,1,0,0,0,35,5,0,0,0,0,0,0,0,4,0
2026-09-12T17:10:00+02:00,2026-09-12T17:15:00+02:00,0,11,1,158,2,0,0,0,1,0,5,0,23,2,0,0,0,0,0,0,0,4,0
2026-09-12T17:15:00+02:00,2026-09-12T17:20:00+02:00,0,16,3,164,0,0,0,0,0,1,10,0,30,0,0,0,0,0,0,0,0,1,0
2026-09-12T17:20:00+02:00,2026-09-12T17:25:00+02:00,0,1,1,135,1,0,0,0,0,2,4,0,43,0,0,0,0,0,0,0,0,3,0
2026-09-12T17:25:00+02:00,2026-09-12T17:30:00+02:00,0,15,0,150,1,0,0,0,4,0,1,0,30,0,0,0,0,0,0,0,0,1,0
2026-09-12T17:30:00+02:00,2026-09-12T17:35:00+02:00,0,1,0,163,0,0,0,0,0,2,1,0,23,0,0,0,0,0,0,0,0,4,0
2026-09-12T17:35:00+02:00,2026-09-12T17:40:00+02:00,0,2,0,122,1,0,0,0,0,2,1,0,62,0,0,0,0,0,0,0,0,0,0
2026-09-12T17:40:00+02:00,2026-09-12T17:45:00+02:00,0,5,1,134,1,0,0,0,1,0,9,0,16,0,0,0,0,0,0,0,0,1,0
2026-09-12T17:45:00+02:00,2026-09-12T17:50:00+02:00,0,5,3,125,0,0,0,0,0,0,7,0,37,0,1,0,0,0,0,0,0,0,0
2026-09-12T17:50:00+02:00,2026-09-12T17:55:00+02:00,0,20,0,129,1,0,0,0,1,1,10,0,51,0,0,0,0,0,0,0,0,3,0
2026-09-12T17:55:00+02:00,2026-09-12T18:00:00+02:00,0,11,4,130,2,0,0,0,0,0,1,0,30,0,0,0,0,0,0,0,0,5,0
2026-09-12T18:00:00+02:00,2026-09-12T18:05:00+02:00,0,5,1,164,5,0,0,0,1,4,4,0,27,0,0,0,0,0,1,0,0,6,0
2026-09-12T18:05:00+02:00,2026-09-12T18:10:00+02:00,0,2,0,153,3,0,0,0,0,2,5,0,43,0,6,0,0,0,0,0,0,4,0
2026-09-12T18:10:00+02:00,2026-09-12T18:15:00+02:00,0,6,1,143,1,0,0,0,1,1,10,0,25,0,0,0,0,0,0,0,0,1,0
2026-09-12T18:15:00+02:00,2026-09-12T18:20:00+02:00,0,11,0,136,0,0,0,0,0,0,3,0,25,0,0,0,0,0,0,0,0,5,0
2026-09-12T18:20:00+02:00,2026-09-12T18:25:00+02:00,0,5,2,127,0,0,0,0,0,0,12,0,60,0,0,0,0,0,0,0,0,6,0
2026-09-12T18:25:00+02:00,2026-09-12T18:30:00+02:00,0,2,2,134,0,0,0,0,0,0,1,0,88,0,0,0,0,0,0,0,0,0,0
2026-09-12T18:30:00+02:00,2026-09-12T18:35:00+02:00,0,3,1,157,1,0,0,0,0,1,2,0,44,1,0,0,0,0,0,0,0,4,0
2026-09-12T18:35:00+02:00,2026-09-12T18:40:00+02:00,0,6,0,158,1,0,0,0,0,0,6,0,55,0,0,0,0,0,0,0,0,11,0
2026-09-12T18:40:00+02:00,2026-09-12T18:45:00+02:00,0,6,2,148,0,0,0,0,0,0,3,0,19,0,0,0,0,0,0,0,0,1,0
2026-09-12T18:45:00+02:00,2026-09-12T18:50:00+02:00,0,11,1,169,1,0,0,0,0,0,4,0,44,0,0,0,1,0,1,0,0,1,0
2026-09-12T18:50:00+02:00,2026-09-12T18:55:00+02:00,0,7,3,163,1,0,0,0,0,0,1,0,39,1,0,0,0,0,0,0,0,0,0
2026-09-12T18:55:00+02:00,2026-09-12T19:00:00+02:00,0,13,1,161,0,0,0,0,0,0,2,0,55,0,0,0,0,0,0,0,0,7,0
2026-09-12T19:00:00+02:00,2026-09-12T19:05:00+02:00,0,2,0,148,0,0,0,0,0,0,2,0,39,0,0,0,0,0,0,0,0,4,0
2026-09-12T19:05:00+02:00,2026-09-12T19:10:00+02:00,1,5,1,151,0,0,0,0,1,0,8,0,48,0,0,0,0,0,0,0,0,0,0
2026-09-12T19:10:00+02:00,2026-09-12T19:15:00+02:00,0,13,1,118,0,0,0,0,0,1,0,0,47,0,0,0,0,0,0,0,0,2,0
2026-09-12T19:15:00+02:00,2026-09-12T19:20:00+02:00,0,4,0,143,2,0,0,0,0,0,4,0,29,0,0,0,0,0,0,0,0,9,0
2026-09-12T19:20:00+02:00,2026-09-12T19:25:00+02:00,0,3,0,126,1,0,0,0,1,2,1,0,23,0,0,0,0,0,0,0,0,2,0
2026-09-12T19:25:00+02:00,2026-09-12T19:30:00+02:00,0,4,0,126,3,0,0,0,0,0,11,0,37,0,0,0,0,0,0,0,0,5,0
2026-09-12T19:30:00+02:00,2026-09-12T19:35:00+02:00,0,7,0,157,0,0,0,0,1,0,5,0,41,5,0,0,0,0,0,0,0,3,0
2026-09-12T19:35:00+02:00,2026-09-12T19:40:00+02:00,0,1,1,134,0,0,0,0,0,0,3,0,44,0,0,0,0,0,0,0,0,3,0
2026-09-12T19:40:00+02:00,2026-09-12T19:45:00+02:00,0,1,1,120,1,0,0,0,0,1,1,0,34,0,1,0,0,0,0,0,0,2,0
2026-09-12T19:45:00+02:00,2026-09-12T19:50:00+02:00,0,8,0,117,2,0,0,0,0,0,0,0,35,0,0,0,0,0,0,0,0,1,0
2026-09-12T19:50:00+02:00,2026-09-12T19:55:00+02:00,0,6,0,108,2,0,0,0,0,0,3,0,26,6,1,0,0,0,0,0,0,6,0
2026-09-12T19:55:00+02:00,2026-09-12T20:00:00+02:00,0,5,0,131,0,0,0,0,0,0,1,0,21,0,1,0,0,0,0,0,0,4,0
2026-09-12T20:00:00+02:00,2026-09-12T20:05:00+02:00,0,2,0,84,0,0,0,0,0,2,2,0,26,0,0,0,0,0,0,0,0,6,0
2026-09-12T20:05:00+02:00,2026-09-12T20:10:00+02:00,0,5,0,104,0,0,0,0,1,0,3,0,38,4,1,0,0,0,0,0,0,6,0
2026-09-12T20:10:00+02:00,2026-09-12T20:15:00+02:00,0,8,1,123,0,0,0,0,0,0,3,0,17,0,0,0,0,0,0,0,0,1,0
2026-09-12T20:15:00+02:00,2026-09-12T20:20:00+02:00,0,3,1,108,0,0,0,0,1,0,0,0,30,0,0,0,0,0,0,0,0,0,0
2026-09-12T20:20:00+02:00,2026-09-12T20:25:00+02:00,0,0,0,103,0,0,0,0,2,1,0,0,15,0,3,0,0,0,0,0,0,0,0
2026-09-12T20:25:00+02:00,2026-09-12T20:30:00+02:00,0,5,0,105,0,0,0,0,1,0,0,0,8,0,0,0,0,0,0,0,0,1,0
2026-09-12T20:30:00+02:00,2026-09-12T20:35:00+02:00,0,2,0,98,1,0,0,0,2,0,0,0,23,0,0,0,0,0,0,0,0,2,0
2026-09-12T20:35:00+02:00,2026-09-12T20:40:00+02:00,0,1,0,92,0,0,0,0,3,0,1,0,36,0,0,0,0,0,0,0,0,0,0
2026-09-12T20:40:00+02:00,2026-09-12T20:45:00+02:00,0,2,1,96,0,0,0,0,1,1,1,0,22,0,0,0,0,0,0,0,0,2,0
2026-09-12T20:45:00+02:00,2026-09-12T20:50:00+02:00,0,5,0,94,0,0,0,0,1,0,2,0,27,0,0,0,0,0,0,0,0,1,0
2026-09-12T20:50:00+02:00,2026-09-12T20:55:00+02:00,0,6,0,70,0,0,0,0,3,0,2,0,12,0,0,0,0,0,0,0,0,4,0
2026-09-12T20:55:00+02:00,2026-09-12T21:00:00+02:00,2,22,0,85,0,0,0,0,0,0,0,0,47,0,0,0,0,0,0,0,0,3,0
2026-09-12T21:00:00+02:00,2026-09-12T21:05:00+02:00,0,7,1,86,0,0,0,0,0,0,0,0,40,0,1,0,0,0,0,0,0,2,0
2026-09-12T21:05:00+02:00,2026-09-12T21:10:00+02:00,0,1,0,100,0,0,0,0,1,0,0,0,27,0,0,0,0,0,0,0,0,1,0
2026-09-12T21:10:00+02:00,2026-09-12T21:15:00+02:00,0,0,0,87,0,0,0,0,1,0,0,0,34,0,0,0,0,0,0,0,0,1,0
2026-09-12T21:15:00+02:00,2026-09-12T21:20:00+02:00,0,5,0,78,0,0,0,0,3,0,0,0,7,0,0,0,0,0,0,0,0,1,0
2026-09-12T21:20:00+02:00,2026-09-12T21:25:00+02:00,0,0,0,103,0,0,0,0,1,0,0,0,23,0,0,0,0,0,0,0,0,1,0
2026-09-12T21:25:00+02:00,2026-09-12T21:30:00+02:00,0,2,0,69,0,0,0,0,0,0,0,0,9,0,0,0,0,0,0,0,0,0,0
2026-09-12T21:30:00+02:00,2026-09-12T21:35:00+02:00,0,3,0,55,0,0,0,0,0,0,1,0,22,0,0,0,0,0,0,0,0,0,0
2026-09-12T21:35:00+02:00,2026-09-12T21:40:00+02:00,0,0,2,65,0,0,0,0,1,0,0,0,27,0,0,0,0,0,0,0,0,0,0
2026-09-12T21:40:00+02:00,2026-09-12T21:45:00+02:00,0,0,0,69,0,0,0,0,0,0,1,0,31,0,0,0,0,0,0,0,0,0,0
2026-09-12T21:45:00+02:00,2026-09-12T21:50:00+02:00,0,3,0,65,0,0,0,0,1,0,0,0,12,0,0,0,0,0,0,0,0,0,0
2026-09-12T21:50:00+02:00,2026-09-12T21:55:00+02:00,0,1,0,59,0,0,0,0,0,0,0,0,10,0,0,0,0,0,0,0,0,4,0
2026-09-12T21:55:00+02:00,2026-09-12T22:00:00+02:00,0,0,0,42,0,0,0,0,0,0,1,0,21,0,0,0,0,0,0,0,0,0,0
2026-09-12T22:00:00+02:00,2026-09-12T22:05:00+02:00,0,0,0,68,0,0,0,0,0,0,0,0,14,0,0,0,0,0,0,0,0,0,0
2026-09-12T22:05:00+02:00,2026-09-12T22:10:00+02:00,0,0,0,61,0,0,0,0,0,0,0,0,40,0,0,0,0,0,0,0,0,1,0
2026-09-12T22:10:00+02:00,2026-09-12T22:15:00+02:00,0,0,1,49,0,0,0,0,0,0,2,0,18,0,0,0,0,0,0,0,0,3,0
2026-09-12T22:15:00+02:00,2026-09-12T22:20:00+02:00,0,2,0,51,0,0,0,0,1,0,0,0,29,0,0,0,0,0,0,0,0,0,0
2026-09-12T22:20:00+02:00,2026-09-12T22:25:00+02:00,0,2,0,56,0,0,0,0,1,0,0,0,25,0,0,0,0,0,0,0,0,0,0
2026-09-12T22:25:00+02:00,2026-09-12T22:30:00+02:00,0,0,0,29,0,0,0,0,0,1,2,0,17,0,0,0,0,0,0,0,0,1,0
2026-09-12T22:30:00+02:00,2026-09-12T22:35:00+02:00,0,0,2,44,0,0,0,0,0,0,0,0,0,0,0,0,0,0,0,0,0,3,0
2026-09-12T22:35:00+02:00,2026-09-12T22:40:00+02:00,0,0,0,50,0,0,0,0,3,0,0,0,6,0,0,0,0,0,0,0,0,0,0
2026-09-12T22:40:00+02:00,2026-09-12T22:45:00+02:00,0,8,0,29,0,0,0,0,0,0,0,0,25,0,0,0,0,0,0,0,0,1,0
2026-09-12T22:45:00+02:00,2026-09-12T22:50:00+02:00,0,0,0,34,0,0,0,0,0,0,0,0,6,0,0,0,0,0,0,0,0,0,0
2026-09-12T22:50:00+02:00,2026-09-12T22:55:00+02:00,0,0,0,51,0,0,0,0,0,0,0,0,14,0,0,0,0,0,0,0,0,0,0
2026-09-12T22:55:00+02:00,2026-09-12T23:00:00+02:00,0,0,0,40,0,0,0,0,1,0,0,0,22,0,0,0,0,0,0,0,0,2,0
2026-09-12T23:00:00+02:00,2026-09-12T23:05:00+02:00,0,0,1,37,0,0,0,0,0,0,0,0,8,0,0,0,0,0,0,0,0,2,0
2026-09-12T23:05:00+02:00,2026-09-12T23:10:00+02:00,0,0,0,35,0,0,0,0,0,0,0,0,7,0,0,0,0,0,0,0,0,2,0
2026-09-12T23:10:00+02:00,2026-09-12T23:15:00+02:00,0,0,0,37,0,0,0,0,0,0,0,0,6,0,0,0,0,0,0,0,0,0,0
2026-09-12T23:15:00+02:00,2026-09-12T23:20:00+02:00,0,0,0,49,0,0,0,0,0,0,0,0,16,0,0,0,0,0,0,0,0,0,0
2026-09-12T23:20:00+02:00,2026-09-12T23:25:00+02:00,0,0,2,26,0,0,0,0,1,0,0,0,25,0,0,0,0,0,0,0,0,0,0
2026-09-12T23:25:00+02:00,2026-09-12T23:30:00+02:00,0,4,0,32,0,0,0,0,3,0,0,0,10,0,0,0,0,0,0,0,0,0,0
2026-09-12T23:30:00+02:00,2026-09-12T23:35:00+02:00,0,0,0,31,0,0,0,0,0,2,0,0,0,0,0,0,0,0,0,0,0,0,0
2026-09-12T23:35:00+02:00,2026-09-12T23:40:00+02:00,0,0,0,31,0,0,0,0,0,0,0,0,6,0,0,0,0,0,0,0,0,0,0
2026-09-12T23:40:00+02:00,2026-09-12T23:45:00+02:00,0,0,0,36,0,0,0,0,1,0,0,0,19,0,2,0,0,0,0,0,0,1,0
2026-09-12T23:45:00+02:00,2026-09-12T23:50:00+02:00,0,0,0,33,0,0,0,0,0,0,0,0,3,0,0,0,0,0,0,0,0,1,0
2026-09-12T23:50:00+02:00,2026-09-12T23:55:00+02:00,0,4,0,35,1,0,0,0,0,0,0,0,1,1,0,0,0,0,0,0,0,0,0
2026-09-12T23:55:00+02:00,2026-09-13T00:00:00+02:00,0,1,0,37,0,0,0,0,0,0,0,0,16,0,0,0,0,0,0,0,0,1,0
2026-09-13T00:00:00+02:00,2026-09-13T00:05:00+02:00,0,1,0,39,0,0,0,0,0,0,0,0,16,0,0,0,0,0,0,0,0,0,0
2026-09-13T00:05:00+02:00,2026-09-13T00:10:00+02:00,0,0,0,33,0,0,0,0,1,1,0,0,0,0,0,0,0,0,0,0,0,1,0
2026-09-13T00:10:00+02:00,2026-09-13T00:15:00+02:00,0,2,0,36,0,0,0,0,2,1,0,0,10,0,0,0,0,0,1,0,0,3,0
2026-09-13T00:15:00+02:00,2026-09-13T00:20:00+02:00,0,1,0,29,0,0,0,0,1,0,0,0,6,0,0,0,0,0,0,0,0,0,0
2026-09-13T00:20:00+02:00,2026-09-13T00:25:00+02:00,0,0,0,19,0,0,0,0,1,0,0,0,30,0,0,0,0,0,0,0,0,0,0
2026-09-13T00:25:00+02:00,2026-09-13T00:30:00+02:00,0,0,0,34,0,0,0,0,0,0,0,0,21,0,0,0,0,0,0,0,0,0,0
2026-09-13T00:30:00+02:00,2026-09-13T00:35:00+02:00,0,0,0,24,0,0,0,0,0,0,0,0,4,0,0,0,0,0,0,0,0,0,0
2026-09-13T00:35:00+02:00,2026-09-13T00:40:00+02:00,0,1,0,30,0,0,0,0,0,0,0,0,25,0,0,0,0,0,0,0,0,0,0
2026-09-13T00:40:00+02:00,2026-09-13T00:45:00+02:00,0,1,0,20,0,0,0,0,0,0,0,0,1,0,0,0,0,0,0,0,0,1,0
2026-09-13T00:45:00+02:00,2026-09-13T00:50:00+02:00,0,0,0,22,2,0,0,0,0,0,0,0,4,0,0,0,0,0,0,0,0,0,0
2026-09-13T00:50:00+02:00,2026-09-13T00:55:00+02:00,0,0,0,26,0,0,0,0,0,0,0,0,20,0,0,0,0,0,0,0,0,0,0
2026-09-13T00:55:00+02:00,2026-09-13T01:00:00+02:00,0,0,0,16,0,0,0,0,1,0,0,0,20,0,0,0,0,0,0,0,0,0,0
2026-09-13T01:00:00+02:00,2026-09-13T01:05:00+02:00,0,0,0,22,0,0,0,0,2,0,0,0,5,0,0,0,0,0,0,0,0,0,0
2026-09-13T01:05:00+02:00,2026-09-13T01:10:00+02:00,0,0,0,31,0,0,0,0,0,0,0,0,4,0,0,0,0,0,0,0,0,4,0
2026-09-13T01:10:00+02:00,2026-09-13T01:15:00+02:00,0,0,0,23,0,0,0,0,0,0,0,0,12,0,0,0,0,0,0,0,0,2,0
2026-09-13T01:15:00+02:00,2026-09-13T01:20:00+02:00,0,0,0,22,0,0,0,0,0,0,0,0,0,0,0,0,0,0,0,0,0,1,0
2026-09-13T01:20:00+02:00,2026-09-13T01:25:00+02:00,0,0,0,27,0,0,0,0,0,0,0,0,8,0,0,0,0,0,0,0,0,0,0
2026-09-13T01:25:00+02:00,2026-09-13T01:30:00+02:00,0,0,0,16,0,0,0,0,0,0,0,0,13,0,0,0,0,0,0,0,0,1,0
2026-09-13T01:30:00+02:00,2026-09-13T01:35:00+02:00,0,0,0,23,0,0,0,0,0,0,0,0,2,0,0,0,0,0,0,0,0,0,0
2026-09-13T01:35:00+02:00,2026-09-13T01:40:00+02:00,0,1,0,9,0,0,0,0,0,0,0,0,0,0,0,0,0,0,0,0,0,1,0
2026-09-13T01:40:00+02:00,2026-09-13T01:45:00+02:00,0,1,0,14,0,0,0,0,1,0,0,0,13,0,0,0,0,0,0,0,0,1,0
2026-09-13T01:45:00+02:00,2026-09-13T01:50:00+02:00,0,2,0,31,0,0,0,0,1,0,1,0,0,0,0,0,0,0,0,0,0,0,0
2026-09-13T01:50:00+02:00,2026-09-13T01:55:00+02:00,0,0,0,17,0,0,0,0,0,0,0,0,12,0,0,0,0,0,0,0,0,0,0
2026-09-13T01:55:00+02:00,2026-09-13T02:00:00+02:00,0,4,0,8,0,0,0,0,0,0,0,0,9,0,0,0,0,0,0,0,0,1,0
2026-09-13T02:00:00+02:00,2026-09-13T02:05:00+02:00,0,0,1,11,0,0,0,0,0,0,0,0,15,0,0,0,0,0,0,0,0,0,0
2026-09-13T02:05:00+02:00,2026-09-13T02:10:00+02:00,0,0,0,24,0,0,0,0,0,0,0,0,11,0,0,0,0,0,0,0,0,1,0
2026-09-13T02:10:00+02:00,2026-09-13T02:15:00+02:00,0,0,0,19,0,0,0,0,0,0,0,0,2,0,0,0,0,0,0,0,0,0,0
2026-09-13T02:15:00+02:00,2026-09-13T02:20:00+02:00,0,0,0,17,1,0,0,0,0,1,0,0,0,0,0,0,0,0,0,0,0,3,0
2026-09-13T02:20:00+02:00,2026-09-13T02:25:00+02:00,0,0,0,14,0,0,0,0,0,0,0,0,7,0,0,0,0,0,0,0,0,0,0
2026-09-13T02:25:00+02:00,2026-09-13T02:30:00+02:00,0,0,0,9,0,0,0,0,2,0,0,0,7,0,0,0,0,0,0,0,0,1,0
2026-09-13T02:30:00+02:00,2026-09-13T02:35:00+02:00,0,0,0,13,0,0,0,0,0,0,0,0,3,0,0,0,0,0,0,0,0,1,0
2026-09-13T02:35:00+02:00,2026-09-13T02:40:00+02:00,0,0,0,12,0,0,0,0,0,1,0,0,3,0,0,0,0,0,0,0,0,0,0
2026-09-13T02:40:00+02:00,2026-09-13T02:45:00+02:00,0,0,0,9,0,0,0,0,0,0,0,0,0,0,0,0,0,0,0,0,0,0,0
2026-09-13T02:45:00+02:00,2026-09-13T02:50:00+02:00,0,0,0,10,0,0,0,0,0,0,0,0,0,0,0,0,0,0,0,0,0,0,0
2026-09-13T02:50:00+02:00,2026-09-13T02:55:00+02:00,0,0,0,9,0,0,0,0,0,0,0,0,0,0,0,0,0,0,0,0,0,0,0
2026-09-13T02:55:00+02:00,2026-09-13T03:00:00+02:00,0,0,0,20,0,0,0,0,0,0,0,0,0,0,0,0,0,0,0,0,0,0,0
2026-09-13T03:00:00+02:00,2026-09-13T03:05:00+02:00,0,0,0,12,0,0,0,0,2,0,0,0,11,0,0,0,0,0,0,0,0,1,0
2026-09-13T03:05:00+02:00,2026-09-13T03:10:00+02:00,0,0,0,10,0,0,0,0,0,0,0,0,2,0,0,0,0,0,0,0,0,0,0
2026-09-13T03:10:00+02:00,2026-09-13T03:15:00+02:00,0,0,0,11,0,0,0,0,0,0,0,0,0,0,0,0,0,0,0,0,0,0,0
2026-09-13T03:15:00+02:00,2026-09-13T03:20:00+02:00,0,1,0,12,0,0,0,0,0,0,0,0,3,0,0,0,0,0,0,0,0,0,0
2026-09-13T03:20:00+02:00,2026-09-13T03:25:00+02:00,0,0,0,13,0,0,0,0,0,1,0,0,0,0,0,0,0,0,0,0,0,0,0
2026-09-13T03:25:00+02:00,2026-09-13T03:30:00+02:00,0,0,0,15,0,0,0,0,3,0,0,0,6,0,0,0,0,0,0,0,0,0,0
2026-09-13T03:30:00+02:00,2026-09-13T03:35:00+02:00,0,0,0,16,0,0,0,0,1,1,0,0,3,0,0,0,0,0,0,0,0,2,0
2026-09-13T03:35:00+02:00,2026-09-13T03:40:00+02:00,0,0,0,8,0,0,0,0,0,0,0,0,0,0,0,0,0,0,0,0,0,2,0
2026-09-13T03:40:00+02:00,2026-09-13T03:45:00+02:00,0,0,0,15,0,0,0,0,0,0,0,0,9,0,0,0,0,0,0,0,0,0,0
2026-09-13T03:45:00+02:00,2026-09-13T03:50:00+02:00,0,0,0,13,0,0,0,0,0,0,0,0,0,0,0,0,0,0,0,0,0,0,0
2026-09-13T03:50:00+02:00,2026-09-13T03:55:00+02:00,0,0,0,11,0,0,0,0,0,0,0,0,0,0,0,0,0,0,0,0,0,0,0
2026-09-13T03:55:00+02:00,2026-09-13T04:00:00+02:00,0,0,0,6,0,0,0,0,0,0,0,0,0,0,0,0,0,0,0,0,0,0,0
2026-09-13T04:00:00+02:00,2026-09-13T04:05:00+02:00,0,0,0,12,0,0,0,0,3,0,0,0,1,0,0,0,0,0,0,0,0,0,0
2026-09-13T04:05:00+02:00,2026-09-13T04:10:00+02:00,0,0,0,7,0,0,0,0,0,1,0,0,0,0,0,0,0,0,0,0,0,1,0
2026-09-13T04:10:00+02:00,2026-09-13T04:15:00+02:00,0,0,0,7,0,0,0,0,0,0,0,0,0,0,0,0,0,0,0,0,0,0,0
2026-09-13T04:15:00+02:00,2026-09-13T04:20:00+02:00,0,0,0,7,0,0,0,0,0,0,0,0,6,0,0,0,0,0,0,0,0,2,0
2026-09-13T04:20:00+02:00,2026-09-13T04:25:00+02:00,0,0,0,6,0,0,0,0,0,2,0,0,0,0,0,0,0,0,0,0,0,0,0
2026-09-13T04:25:00+02:00,2026-09-13T04:30:00+02:00,0,0,0,8,0,0,0,0,0,0,0,0,0,0,0,0,0,0,0,0,0,0,0
2026-09-13T04:30:00+02:00,2026-09-13T04:35:00+02:00,0,0,0,13,0,0,0,0,2,0,0,0,7,0,0,0,0,0,0,0,0,0,0
2026-09-13T04:35:00+02:00,2026-09-13T04:40:00+02:00,0,0,1,6,0,0,0,0,3,1,0,0,0,0,0,0,0,0,0,0,0,0,0
2026-09-13T04:40:00+02:00,2026-09-13T04:45:00+02:00,0,0,0,1,0,0,0,0,0,0,0,0,0,0,0,0,0,0,0,0,0,0,0
2026-09-13T04:45:00+02:00,2026-09-13T04:50:00+02:00,0,0,1,7,0,0,0,0,1,0,0,0,0,0,0,0,0,0,0,0,0,0,0
2026-09-13T04:50:00+02:00,2026-09-13T04:55:00+02:00,0,0,0,9,0,0,0,0,0,2,0,0,0,0,0,0,0,0,0,0,0,0,0
2026-09-13T04:55:00+02:00,2026-09-13T05:00:00+02:00,0,0,0,6,0,0,0,0,0,0,0,0,0,0,0,0,0,0,0,0,0,3,0
2026-09-13T05:00:00+02:00,2026-09-13T05:05:00+02:00,0,0,0,16,0,0,0,0,0,0,0,0,0,0,0,0,0,0,0,0,0,0,0
2026-09-13T05:05:00+02:00,2026-09-13T05:10:00+02:00,0,0,0,16,0,0,0,0,0,1,0,0,0,0,0,0,0,0,0,0,0,0,0
2026-09-13T05:10:00+02:00,2026-09-13T05:15:00+02:00,0,0,1,17,0,0,0,0,1,0,0,0,0,0,0,0,0,0,0,0,0,0,0
2026-09-13T05:15:00+02:00,2026-09-13T05:20:00+02:00,0,0,1,16,0,0,0,0,2,0,0,0,0,0,0,0,0,0,0,0,0,0,0
2026-09-13T05:20:00+02:00,2026-09-13T05:25:00+02:00,0,0,0,12,0,0,0,0,1,0,0,0,0,0,0,0,0,0,0,0,0,1,0
2026-09-13T05:25:00+02:00,2026-09-13T05:30:00+02:00,0,1,2,19,0,0,0,0,2,0,1,0,8,0,0,0,0,0,0,0,0,0,0
2026-09-13T05:30:00+02:00,2026-09-13T05:35:00+02:00,0,0,1,28,0,0,0,0,1,0,0,0,0,0,0,0,0,0,0,0,0,3,0
2026-09-13T05:35:00+02:00,2026-09-13T05:40:00+02:00,0,0,1,18,0,0,0,0,0,0,0,0,0,0,0,0,0,0,0,0,0,0,0
2026-09-13T05:40:00+02:00,2026-09-13T05:45:00+02:00,0,0,1,21,0,0,0,0,0,0,0,0,1,0,0,0,0,0,0,0,0,0,0
2026-09-13T05:45:00+02:00,2026-09-13T05:50:00+02:00,3,2,1,29,0,0,0,0,3,0,0,0,7,0,0,0,0,0,0,0,0,1,0
2026-09-13T05:50:00+02:00,2026-09-13T05:55:00+02:00,3,0,0,26,0,0,0,0,2,0,0,0,15,0,0,0,0,0,0,0,0,0,0
2026-09-13T05:55:00+02:00,2026-09-13T06:00:00+02:00,0,2,0,22,0,0,0,0,0,0,0,0,8,0,0,0,0,0,0,0,0,1,0
2026-09-13T06:00:00+02:00,2026-09-13T06:05:00+02:00,0,0,1,20,0,0,0,0,0,0,0,0,0,0,0,0,0,0,0,0,0,1,0
2026-09-13T06:05:00+02:00,2026-09-13T06:10:00+02:00,0,0,1,8,0,0,0,0,0,1,0,0,5,0,0,0,0,0,0,0,0,5,0
2026-09-13T06:10:00+02:00,2026-09-13T06:15:00+02:00,0,0,1,11,1,0,0,0,1,0,0,0,0,0,0,0,0,0,0,0,0,1,0
2026-09-13T06:15:00+02:00,2026-09-13T06:20:00+02:00,0,2,1,18,2,0,0,0,4,1,0,0,1,0,0,0,0,0,0,0,0,1,0
2026-09-13T06:20:00+02:00,2026-09-13T06:25:00+02:00,0,0,2,12,0,0,0,0,0,0,0,0,0,0,0,0,0,0,0,0,0,2,0
2026-09-13T06:25:00+02:00,2026-09-13T06:30:00+02:00,0,1,2,31,1,0,0,0,1,4,0,0,2,0,0,0,0,0,0,0,0,2,0
2026-09-13T06:30:00+02:00,2026-09-13T06:35:00+02:00,0,0,0,22,0,0,0,0,1,1,0,0,1,0,0,0,0,0,0,0,0,1,0
2026-09-13T06:35:00+02:00,2026-09-13T06:40:00+02:00,0,0,0,39,0,0,0,0,0,2,0,0,1,0,0,0,0,0,0,0,0,0,0
2026-09-13T06:40:00+02:00,2026-09-13T06:45:00+02:00,0,2,1,39,0,0,0,0,0,0,0,0,2,0,0,0,0,0,0,0,0,2,0
2026-09-13T06:45:00+02:00,2026-09-13T06:50:00+02:00,0,0,0,28,0,0,0,0,3,2,0,0,0,0,0,0,0,0,0,0,0,3,0
2026-09-13T06:50:00+02:00,2026-09-13T06:55:00+02:00,0,2,0,42,0,0,0,0,1,0,0,0,4,0,0,0,0,0,0,0,0,0,0
2026-09-13T06:55:00+02:00,2026-09-13T07:00:00+02:00,0,0,0,26,0,0,0,0,1,0,0,0,6,0,1,0,0,0,0,0,0,1,0
2026-09-13T07:00:00+02:00,2026-09-13T07:05:00+02:00,0,0,3,44,0,0,0,0,1,0,0,0,3,0,0,0,0,0,0,0,0,0,0
2026-09-13T07:05:00+02:00,2026-09-13T07:10:00+02:00,0,2,2,51,0,0,0,0,0,0,0,0,0,0,0,0,0,0,0,0,0,2,0
2026-09-13T07:10:00+02:00,2026-09-13T07:15:00+02:00,0,1,1,38,0,0,0,0,0,0,0,0,2,0,0,0,0,0,0,0,0,0,0
2026-09-13T07:15:00+02:00,2026-09-13T07:20:00+02:00,0,0,0,43,0,0,0,0,1,0,0,0,0,0,0,0,0,0,0,0,0,5,0
2026-09-13T07:20:00+02:00,2026-09-13T07:25:00+02:00,0,0,0,39,0,0,0,0,1,0,0,0,0,0,0,0,0,0,0,0,0,3,0
2026-09-13T07:25:00+02:00,2026-09-13T07:30:00+02:00,0,0,0,26,0,0,0,0,1,0,0,0,6,0,0,0,0,0,0,0,0,3,0
2026-09-13T07:30:00+02:00,2026-09-13T07:35:00+02:00,0,4,2,50,2,0,0,0,2,2,0,0,0,0,0,0,0,0,0,0,0,0,0
2026-09-13T07:35:00+02:00,2026-09-13T07:40:00+02:00,2,0,0,50,0,0,0,0,0,0,0,0,4,0,0,0,1,0,0,0,0,2,0
2026-09-13T07:40:00+02:00,2026-09-13T07:45:00+02:00,0,4,3,47,0,0,0,0,0,2,0,0,2,0,0,0,0,0,0,0,0,1,0
2026-09-13T07:45:00+02:00,2026-09-13T07:50:00+02:00,3,12,1,48,0,0,0,0,0,1,1,0,4,0,0,0,0,0,1,0,0,0,0
2026-09-13T07:50:00+02:00,2026-09-13T07:55:00+02:00,0,16,2,56,1,0,0,0,1,1,2,0,13,0,0,0,0,0,0,0,0,6,0
2026-09-13T07:55:00+02:00,2026-09-13T08:00:00+02:00,0,0,3,48,0,0,0,0,0,2,0,0,14,0,0,0,0,0,0,0,0,3,0
2026-09-13T08:00:00+02:00,2026-09-13T08:05:00+02:00,0,0,1,51,1,0,0,0,0,3,0,0,1,0,0,0,0,0,0,0,0,4,0
2026-09-13T08:05:00+02:00,2026-09-13T08:10:00+02:00,0,0,1,65,0,0,0,0,0,1,0,0,10,0,0,0,0,0,0,0,0,1,0
2026-09-13T08:10:00+02:00,2026-09-13T08:15:00+02:00,1,8,2,60,0,0,0,0,0,0,0,0,7,0,0,0,0,0,0,0,0,2,0
2026-09-13T08:15:00+02:00,2026-09-13T08:20:00+02:00,0,4,0,49,0,0,0,0,0,2,0,0,0,0,0,0,0,0,1,0,0,1,0
2026-09-13T08:20:00+02:00,2026-09-13T08:25:00+02:00,0,4,1,92,2,0,0,0,1,3,0,0,11,0,0,0,2,0,0,0,0,0,0
2026-09-13T08:25:00+02:00,2026-09-13T08:30:00+02:00,0,6,1,93,0,0,0,0,0,0,0,0,38,0,0,0,0,0,0,0,0,0,0
2026-09-13T08:30:00+02:00,2026-09-13T08:35:00+02:00,0,10,3,101,0,0,0,0,0,1,2,0,23,0,0,0,0,0,0,0,0,5,0
2026-09-13T08:35:00+02:00,2026-09-13T08:40:00+02:00,0,2,0,104,1,0,0,0,0,2,2,0,5,0,0,0,0,0,0,0,0,5,0
2026-09-13T08:40:00+02:00,2026-09-13T08:45:00+02:00,0,5,0,118,0,0,0,0,0,0,0,0,17,3,0,0,0,0,0,0,0,4,0
2026-09-13T08:45:00+02:00,2026-09-13T08:50:00+02:00,0,9,2,122,0,0,0,0,1,0,0,0,19,0,0,0,0,0,0,0,0,6,0
2026-09-13T08:50:00+02:00,2026-09-13T08:55:00+02:00,0,0,0,105,0,0,0,0,1,1,0,0,11,0,0,0,0,0,0,0,0,4,0
2026-09-13T08:55:00+02:00,2026-09-13T09:00:00+02:00,0,4,3,108,2,0,0,0,1,1,0,0,5,0,0,0,0,0,0,0,0,3,0
2026-09-13T09:00:00+02:00,2026-09-13T09:05:00+02:00,0,10,1,103,0,0,0,0,0,0,0,0,7,0,2,0,0,0,0,0,0,1,0
2026-09-13T09:05:00+02:00,2026-09-13T09:10:00+02:00,0,2,3,108,2,0,0,0,0,1,0,0,8,0,0,0,0,0,0,0,0,3,0
2026-09-13T09:10:00+02:00,2026-09-13T09:15:00+02:00,0,7,3,112,0,0,0,0,2,0,0,0,17,0,0,0,0,0,0,0,0,5,0
2026-09-13T09:15:00+02:00,2026-09-13T09:20:00+02:00,0,6,0,113,2,0,0,0,0,1,0,0,12,0,0,0,0,0,0,0,0,1,0
2026-09-13T09:20:00+02:00,2026-09-13T09:25:00+02:00,0,8,0,116,1,0,0,0,0,3,5,0,15,0,0,0,0,0,0,0,0,5,0
2026-09-13T09:25:00+02:00,2026-09-13T09:30:00+02:00,0,6,1,107,0,0,0,0,0,0,1,0,13,0,0,0,0,0,0,0,0,3,0
2026-09-13T09:30:00+02:00,2026-09-13T09:35:00+02:00,0,3,0,101,2,0,0,0,1,2,0,0,13,0,0,0,0,0,0,0,0,2,0
2026-09-13T09:35:00+02:00,2026-09-13T09:40:00+02:00,0,0,0,125,1,0,0,0,0,0,7,0,4,0,0,0,0,0,0,0,0,4,0
2026-09-13T09:40:00+02:00,2026-09-13T09:45:00+02:00,0,2,1,122,0,0,0,0,1,0,5,0,24,0,0,0,0,0,0,0,0,2,0
2026-09-13T09:45:00+02:00,2026-09-13T09:50:00+02:00,0,3,0,113,3,0,0,0,0,0,0,0,56,2,0,0,0,0,0,0,0,5,0
2026-09-13T09:50:00+02:00,2026-09-13T09:55:00+02:00,0,3,0,138,0,0,0,0,0,0,2,0,39,0,0,0,0,0,0,0,0,3,0
2026-09-13T09:55:00+02:00,2026-09-13T10:00:00+02:00,0,0,0,161,3,0,0,0,0,0,0,0,54,1,3,0,0,0,0,0,0,5,0
2026-09-13T10:00:00+02:00,2026-09-13T10:05:00+02:00,0,2,0,141,0,0,0,0,0,4,2,0,18,0,0,0,0,0,0,0,0,5,0
2026-09-13T10:05:00+02:00,2026-09-13T10:10:00+02:00,5,9,4,162,1,0,0,0,0,1,2,0,22,0,1,0,0,0,0,0,0,3,0
2026-09-13T10:10:00+02:00,2026-09-13T10:15:00+02:00,0,5,0,153,1,0,0,0,2,1,2,0,39,0,0,0,0,0,0,0,0,6,0
2026-09-13T10:15:00+02:00,2026-09-13T10:20:00+02:00,0,8,0,140,1,0,0,0,0,3,2,0,40,0,0,0,0,0,0,0,0,5,0
2026-09-13T10:20:00+02:00,2026-09-13T10:25:00+02:00,0,8,0,157,0,0,0,0,1,0,0,0,71,0,0,0,0,0,0,0,0,4,0
2026-09-13T10:25:00+02:00,2026-09-13T10:30:00+02:00,1,8,0,131,0,0,0,0,0,1,2,0,34,0,0,0,2,0,0,0,0,5,0
2026-09-13T10:30:00+02:00,2026-09-13T10:35:00+02:00,0,1,0,148,1,0,0,0,1,0,9,0,14,4,0,0,0,0,0,0,0,3,0
2026-09-13T10:35:00+02:00,2026-09-13T10:40:00+02:00,0,4,0,144,0,0,0,0,1,0,5,0,22,0,0,0,0,0,0,0,0,6,0
2026-09-13T10:40:00+02:00,2026-09-13T10:45:00+02:00,0,0,2,132,1,0,0,0,0,0,3,0,29,0,0,0,0,0,0,0,0,0,0
2026-09-13T10:45:00+02:00,2026-09-13T10:50:00+02:00,0,1,0,113,0,0,0,0,0,1,0,0,33,0,0,0,0,0,0,0,0,2,0
2026-09-13T10:50:00+02:00,2026-09-13T10:55:00+02:00,0,7,0,115,1,0,0,0,0,0,3,0,17,0,0,0,0,0,0,0,0,4,0
2026-09-13T10:55:00+02:00,2026-09-13T11:00:00+02:00,0,6,0,121,1,0,0,0,1,0,4,0,37,2,0,0,0,0,0,0,0,1,0
2026-09-13T11:00:00+02:00,2026-09-13T11:05:00+02:00,0,10,0,132,2,0,0,0,1,1,2,0,34,0,0,0,0,0,0,0,0,3,0
2026-09-13T11:05:00+02:00,2026-09-13T11:10:00+02:00,0,14,0,129,2,0,0,0,0,2,6,0,34,0,1,0,0,0,0,0,0,6,0
2026-09-13T11:10:00+02:00,2026-09-13T11:15:00+02:00,0,2,2,119,6,0,0,0,0,2,1,0,36,0,0,0,0,0,0,0,0,4,0
2026-09-13T11:15:00+02:00,2026-09-13T11:20:00+02:00,0,4,0,112,2,0,0,0,1,2,2,0,29,0,0,0,0,0,0,0,0,5,0
2026-09-13T11:20:00+02:00,2026-09-13T11:25:00+02:00,0,0,0,130,1,0,0,0,0,2,0,0,31,0,0,0,0,0,0,0,0,6,0
2026-09-13T11:25:00+02:00,2026-09-13T11:30:00+02:00,0,5,0,156,0,0,0,0,0,1,3,0,84,8,0,0,0,0,0,0,0,0,0
2026-09-13T11:30:00+02:00,2026-09-13T11:35:00+02:00,0,3,1,150,1,0,0,0,2,3,8,0,49,0,0,0,0,0,0,0,0,3,0
2026-09-13T11:35:00+02:00,2026-09-13T11:40:00+02:00,0,9,0,149,0,0,0,0,1,1,3,0,28,0,0,0,0,0,1,0,0,4,0
2026-09-13T11:40:00+02:00,2026-09-13T11:45:00+02:00,0,5,2,141,0,1,0,0,6,3,2,0,17,1,0,0,0,0,0,0,0,1,0
2026-09-13T11:45:00+02:00,2026-09-13T11:50:00+02:00,0,3,0,130,1,0,0,0,0,0,2,0,13,0,0,0,0,0,0,0,0,6,0
2026-09-13T11:50:00+02:00,2026-09-13T11:55:00+02:00,0,3,1,152,2,1,0,0,0,2,7,0,41,0,0,0,0,0,0,0,0,4,0
2026-09-13T11:55:00+02:00,2026-09-13T12:00:00+02:00,0,9,0,125,2,0,0,0,0,0,0,0,32,0,3,0,0,0,0,0,0,3,0
2026-09-13T12:00:00+02:00,2026-09-13T12:05:00+02:00,0,6,2,152,1,0,0,0,0,0,5,0,19,4,0,0,0,0,0,0,0,6,0
2026-09-13T12:05:00+02:00,2026-09-13T12:10:00+02:00,0,9,2,106,1,0,0,0,0,0,4,0,15,1,1,0,0,0,0,0,0,1,0
2026-09-13T12:10:00+02:00,2026-09-13T12:15:00+02:00,0,5,0,111,1,1,0,0,0,0,2,0,12,0,1,0,0,0,0,0,0,3,0
2026-09-13T12:15:00+02:00,2026-09-13T12:20:00+02:00,0,2,0,183,1,0,0,0,1,2,9,0,6,0,0,0,0,0,0,0,0,8,0
2026-09-13T12:20:00+02:00,2026-09-13T12:25:00+02:00,0,6,1,135,4,1,0,0,1,2,5,0,7,0,0,0,0,0,0,0,0,9,0
2026-09-13T12:25:00+02:00,2026-09-13T12:30:00+02:00,0,11,0,157,0,0,0,0,2,0,7,0,33,0,0,0,0,0,0,0,0,1,0
2026-09-13T12:30:00+02:00,2026-09-13T12:35:00+02:00,0,2,0,171,1,0,0,0,1,1,6,0,12,0,0,0,0,0,0,0,0,4,0
2026-09-13T12:35:00+02:00,2026-09-13T12:40:00+02:00,0,0,1,157,0,0,0,0,0,3,7,0,22,4,0,0,0,0,0,0,0,4,0
2026-09-13T12:40:00+02:00,2026-09-13T12:45:00+02:00,0,7,1,155,4,0,0,0,1,1,2,0,22,0,0,0,0,0,0,0,0,6,0
2026-09-13T12:45:00+02:00,2026-09-13T12:50:00+02:00,0,3,0,154,1,0,0,0,0,2,0,0,22,0,0,0,0,0,0,0,0,2,0
2026-09-13T12:50:00+02:00,2026-09-13T12:55:00+02:00,0,6,0,170,2,0,0,0,0,3,7,0,21,0,0,0,0,0,0,0,0,1,0
2026-09-13T12:55:00+02:00,2026-09-13T13:00:00+02:00,0,4,0,150,0,0,0,0,1,0,5,0,26,0,0,0,0,0,0,0,0,6,0
2026-09-13T13:00:00+02:00,2026-09-13T13:05:00+02:00,0,5,2,157,2,0,0,0,0,0,8,0,40,0,0,0,0,0,0,0,0,2,0
2026-09-13T13:05:00+02:00,2026-09-13T13:10:00+02:00,0,6,0,140,0,0,0,0,1,2,5,0,43,0,0,0,0,0,0,0,0,3,0
2026-09-13T13:10:00+02:00,2026-09-13T13:15:00+02:00,0,9,4,146,0,0,0,0,2,6,1,0,26,0,0,0,0,0,1,0,0,6,0
2026-09-13T13:15:00+02:00,2026-09-13T13:20:00+02:00,0,2,0,137,0,0,0,0,0,1,2,0,22,4,0,0,0,0,0,0,0,4,0
2026-09-13T13:20:00+02:00,2026-09-13T13:25:00+02:00,0,2,0,135,2,1,0,0,0,0,6,0,24,0,0,0,0,0,0,0,0,2,0
2026-09-13T13:25:00+02:00,2026-09-13T13:30:00+02:00,0,12,0,142,2,0,0,0,1,0,4,0,28,3,0,0,0,0,0,0,0,3,0
2026-09-13T13:30:00+02:00,2026-09-13T13:35:00+02:00,0,5,2,188,1,0,0,0,0,0,7,0,18,0,1,0,0,0,0,0,0,2,0
2026-09-13T13:35:00+02:00,2026-09-13T13:40:00+02:00,0,12,0,148,2,0,0,0,0,0,3,0,46,0,0,0,0,0,0,0,0,7,0
2026-09-13T13:40:00+02:00,2026-09-13T13:45:00+02:00,0,6,3,168,1,0,0,0,0,1,4,0,10,0,0,0,0,0,0,0,0,7,0
2026-09-13T13:45:00+02:00,2026-09-13T13:50:00+02:00,0,6,0,152,3,0,0,0,1,1,5,0,39,3,0,0,0,0,0,0,0,3,0
2026-09-13T13:50:00+02:00,2026-09-13T13:55:00+02:00,0,5,0,154,3,0,0,0,0,2,8,0,48,0,0,0,0,0,1,0,0,4,0
2026-09-13T13:55:00+02:00,2026-09-13T14:00:00+02:00,0,15,0,170,0,0,0,0,1,0,2,0,26,0,0,0,0,0,0,0,0,5,0
2026-09-13T14:00:00+02:00,2026-09-13T14:05:00+02:00,0,5,0,199,1,0,0,0,0,1,1,0,48,7,3,0,0,0,0,0,0,7,0
2026-09-13T14:05:00+02:00,2026-09-13T14:10:00+02:00,8,10,3,186,1,0,0,0,1,0,3,0,34,0,2,0,0,0,0,0,0,2,0
2026-09-13T14:10:00+02:00,2026-09-13T14:15:00+02:00,0,16,3,146,0,1,0,0,1,1,0,0,44,0,0,0,0,0,0,0,0,2,0
2026-09-13T14:15:00+02:00,2026-09-13T14:20:00+02:00,0,14,0,157,2,1,0,0,1,2,2,0,30,2,5,0,0,0,0,0,0,9,0
2026-09-13T14:20:00+02:00,2026-09-13T14:25:00+02:00,0,18,3,156,1,2,0,0,1,0,7,0,11,0,0,0,0,0,0,0,0,6,0
2026-09-13T14:25:00+02:00,2026-09-13T14:30:00+02:00,0,0,0,130,1,0,0,0,1,0,4,0,22,0,0,0,0,0,0,0,0,4,0
2026-09-13T14:30:00+02:00,2026-09-13T14:35:00+02:00,0,0,0,137,0,0,0,0,0,2,8,0,13,0,0,0,0,0,0,0,0,2,0
2026-09-13T14:35:00+02:00,2026-09-13T14:40:00+02:00,0,7,2,125,2,0,0,0,0,2,10,0,25,5,0,0,0,0,0,0,0,6,0
2026-09-13T14:40:00+02:00,2026-09-13T14:45:00+02:00,0,0,2,150,0,1,0,0,0,0,14,0,10,2,0,0,0,0,0,0,0,8,0
2026-09-13T14:45:00+02:00,2026-09-13T14:50:00+02:00,0,13,1,172,1,0,0,0,0,0,11,0,62,0,0,0,0,0,0,0,0,1,0
2026-09-13T14:50:00+02:00,2026-09-13T14:55:00+02:00,0,6,0,163,0,0,0,0,0,1,4,0,15,0,0,0,0,0,0,0,0,2,0
2026-09-13T14:55:00+02:00,2026-09-13T15:00:00+02:00,0,12,2,167,0,0,0,0,0,0,12,0,24,0,0,0,0,0,0,0,0,4,0
2026-09-13T15:00:00+02:00,2026-09-13T15:05:00+02:00,0,6,2,165,2,0,0,0,0,0,5,0,11,0,0,0,0,0,0,0,0,7,0
2026-09-13T15:05:00+02:00,2026-09-13T15:10:00+02:00,0,8,1,177,0,0,0,0,1,0,2,0,14,0,0,0,0,0,0,0,0,4,0
2026-09-13T15:10:00+02:00,2026-09-13T15:15:00+02:00,0,10,2,159,2,0,0,0,0,0,3,0,2,0,0,0,0,0,0,0,0,5,0
2026-09-13T15:15:00+02:00,2026-09-13T15:20:00+02:00,0,8,1,185,0,0,0,0,0,0,6,0,21,0,0,0,0,0,0,0,0,2,0
2026-09-13T15:20:00+02:00,2026-09-13T15:25:00+02:00,0,17,1,146,0,0,0,0,0,0,4,0,36,0,0,0,0,0,0,0,0,8,0
2026-09-13T15:25:00+02:00,2026-09-13T15:30:00+02:00,0,4,2,139,2,0,0,0,0,0,2,0,43,0,0,0,0,0,0,0,0,3,0
2026-09-13T15:30:00+02:00,2026-09-13T15:35:00+02:00,0,6,0,160,0,0,0,0,1,0,1,0,35,0,0,0,0,0,0,0,0,9,0
2026-09-13T15:35:00+02:00,2026-09-13T15:40:00+02:00,0,6,0,173,0,0,0,0,0,0,4,0,22,0,0,0,0,0,0,0,0,7,0
2026-09-13T15:40:00+02:00,2026-09-13T15:45:00+02:00,0,0,1,173,0,0,0,0,0,4,10,0,17,0,0,0,0,0,0,0,0,3,0
2026-09-13T15:45:00+02:00,2026-09-13T15:50:00+02:00,0,3,0,129,0,0,0,0,0,0,10,0,25,0,0,0,0,0,0,0,0,5,0
2026-09-13T15:50:00+02:00,2026-09-13T15:55:00+02:00,0,0,4,164,3,0,0,0,2,2,11,0,19,0,0,0,0,0,0,0,0,8,0
2026-09-13T15:55:00+02:00,2026-09-13T16:00:00+02:00,0,8,1,212,1,0,0,0,0,0,8,0,23,0,0,0,0,0,0,0,0,11,0
2026-09-13T16:00:00+02:00,2026-09-13T16:05:00+02:00,0,1,3,165,0,0,0,0,0,2,4,0,30,0,0,0,0,0,0,0,0,1,0
2026-09-13T16:05:00+02:00,2026-09-13T16:10:00+02:00,0,2,0,182,0,0,0,0,1,0,6,0,37,0,0,0,0,0,0,0,0,6,0
2026-09-13T16:10:00+02:00,2026-09-13T16:15:00+02:00,0,2,3,199,0,0,0,0,1,4,12,0,21,2,0,0,0,0,0,0,0,6,0
2026-09-13T16:15:00+02:00,2026-09-13T16:20:00+02:00,0,7,0,168,1,1,0,0,1,1,3,0,26,0,0,0,0,0,0,0,0,6,0
2026-09-13T16:20:00+02:00,2026-09-13T16:25:00+02:00,0,14,0,180,1,1,0,0,0,1,5,0,21,0,0,0,0,0,0,0,0,4,0
2026-09-13T16:25:00+02:00,2026-09-13T16:30:00+02:00,0,3,0,162,1,0,0,0,0,0,7,0,27,0,0,0,0,0,0,0,0,5,0
2026-09-13T16:30:00+02:00,2026-09-13T16:35:00+02:00,0,0,2,142,1,0,0,0,0,1,2,0,48,0,0,0,0,0,0,0,0,2,0
2026-09-13T16:35:00+02:00,2026-09-13T16:40:00+02:00,0,7,1,158,1,0,0,0,0,2,7,0,11,0,0,0,0,0,0,0,0,5,0
2026-09-13T16:40:00+02:00,2026-09-13T16:45:00+02:00,0,12,3,160,1,0,0,0,0,0,4,0,20,3,0,0,0,0,0,0,0,4,0
2026-09-13T16:45:00+02:00,2026-09-13T16:50:00+02:00,0,8,0,166,1,0,0,0,0,1,3,0,21,0,0,0,0,0,0,0,0,5,0
2026-09-13T16:50:00+02:00,2026-09-13T16:55:00+02:00,0,2,0,186,2,0,0,0,1,0,7,0,33,6,0,0,0,0,0,0,0,8,0
2026-09-13T16:55:00+02:00,2026-09-13T17:00:00+02:00,0,3,0,162,0,0,0,0,0,0,12,0,13,0,1,0,0,0,0,0,0,2,0
2026-09-13T17:00:00+02:00,2026-09-13T17:05:00+02:00,0,0,0,155,0,0,0,0,1,3,7,0,33,1,0,0,0,0,0,0,0,4,0
2026-09-13T17:05:00+02:00,2026-09-13T17:10:00+02:00,0,3,3,169,2,0,0,0,0,0,4,0,39,2,0,0,0,0,0,0,0,4,0
2026-09-13T17:10:00+02:00,2026-09-13T17:15:00+02:00,1,14,1,162,1,0,0,0,1,0,2,0,34,0,0,0,0,0,0,0,0,2,0
2026-09-13T17:15:00+02:00,2026-09-13T17:20:00+02:00,0,4,1,169,3,0,0,0,1,2,0,0,34,0,0,0,0,0,0,0,0,10,0
2026-09-13T17:20:00+02:00,2026-09-13T17:25:00+02:00,0,1,4,182,1,0,0,0,0,3,5,0,38,5,0,0,0,0,0,0,0,5,0
2026-09-13T17:25:00+02:00,2026-09-13T17:30:00+02:00,0,5,1,167,1,0,0,0,0,0,1,0,49,0,2,0,0,0,0,0,0,2,0
2026-09-13T17:30:00+02:00,2026-09-13T17:35:00+02:00,0,5,0,171,1,0,0,0,2,2,3,0,21,0,0,0,0,0,0,0,0,5,0
2026-09-13T17:35:00+02:00,2026-09-13T17:40:00+02:00,0,12,0,178,2,0,0,0,0,1,2,0,45,0,0,0,0,0,0,0,0,11,0
2026-09-13T17:40:00+02:00,2026-09-13T17:45:00+02:00,0,2,1,146,1,0,0,0,0,1,3,0,51,0,0,0,0,0,0,0,0,6,0
2026-09-13T17:45:00+02:00,2026-09-13T17:50:00+02:00,0,5,5,173,2,0,0,0,0,0,6,0,41,0,0,0,0,0,0,0,0,3,0
2026-09-13T17:50:00+02:00,2026-09-13T17:55:00+02:00,0,2,4,156,0,0,0,0,0,0,11,0,65,0,0,0,0,0,0,0,0,1,0
2026-09-13T17:55:00+02:00,2026-09-13T18:00:00+02:00,0,2,1,164,0,0,0,0,1,1,0,0,47,0,3,0,0,0,0,0,0,3,0
2026-09-13T18:00:00+02:00,2026-09-13T18:05:00+02:00,0,7,2,184,1,0,0,0,2,3,0,0,50,0,1,0,0,0,0,0,0,2,0
2026-09-13T18:05:00+02:00,2026-09-13T18:10:00+02:00,0,11,0,165,0,0,0,0,0,1,1,0,40,2,0,0,0,0,0,0,0,2,0
2026-09-13T18:10:00+02:00,2026-09-13T18:15:00+02:00,0,2,3,175,0,0,0,0,0,0,0,0,58,0,0,0,0,0,0,0,0,5,0
2026-09-13T18:15:00+02:00,2026-09-13T18:20:00+02:00,0,0,2,156,1,0,0,0,0,1,3,0,32,3,0,0,0,0,0,0,0,2,0
2026-09-13T18:20:00+02:00,2026-09-13T18:25:00+02:00,0,7,0,173,0,0,0,0,1,0,1,0,23,0,0,0,0,0,0,0,0,5,0
2026-09-13T18:25:00+02:00,2026-09-13T18:30:00+02:00,0,6,2,144,3,0,0,0,0,1,5,0,34,0,0,0,0,0,0,0,0,0,0
2026-09-13T18:30:00+02:00,2026-09-13T18:35:00+02:00,0,33,4,154,0,0,0,0,0,0,3,0,55,0,0,0,0,0,0,0,0,3,0
2026-09-13T18:35:00+02:00,2026-09-13T18:40:00+02:00,0,2,0,150,0,0,0,0,0,0,4,0,24,0,0,0,0,0,0,0,0,2,0
2026-09-13T18:40:00+02:00,2026-09-13T18:45:00+02:00,0,23,1,132,0,0,0,0,0,0,1,0,31,3,0,0,0,0,0,0,0,2,0
2026-09-13T18:45:00+02:00,2026-09-13T18:50:00+02:00,0,7,2,144,3,0,0,0,0,1,0,0,48,0,0,0,0,0,0,0,0,1,0
2026-09-13T18:50:00+02:00,2026-09-13T18:55:00+02:00,0,0,0,130,0,0,0,0,0,1,5,0,40,0,0,0,0,0,0,0,0,3,0
2026-09-13T18:55:00+02:00,2026-09-13T19:00:00+02:00,0,5,0,137,5,0,0,0,1,1,7,0,27,0,0,0,0,0,0,0,0,2,0
2026-09-13T19:00:00+02:00,2026-09-13T19:05:00+02:00,1,0,0,132,1,0,0,0,0,0,0,0,16,0,0,0,0,0,0,0,0,1,0
2026-09-13T19:05:00+02:00,2026-09-13T19:10:00+02:00,0,4,3,122,2,0,0,0,0,0,1,0,31,0,0,0,0,0,0,0,0,2,0
2026-09-13T19:10:00+02:00,2026-09-13T19:15:00+02:00,1,8,4,104,2,0,0,0,0,2,2,0,27,4,0,0,0,0,0,0,0,8,0
2026-09-13T19:15:00+02:00,2026-09-13T19:20:00+02:00,0,9,1,127,1,0,0,0,1,2,4,0,11,0,0,0,0,0,0,0,0,5,0
2026-09-13T19:20:00+02:00,2026-09-13T19:25:00+02:00,0,3,1,122,1,0,0,0,3,0,3,0,8,0,0,0,0,0,0,0,0,5,0
2026-09-13T19:25:00+02:00,2026-09-13T19:30:00+02:00,0,3,0,131,0,0,0,0,0,0,3,0,24,0,0,0,0,0,0,0,0,4,0
2026-09-13T19:30:00+02:00,2026-09-13T19:35:00+02:00,0,0,0,123,1,0,0,0,4,0,0,0,35,0,0,0,0,0,0,0,0,1,0
2026-09-13T19:35:00+02:00,2026-09-13T19:40:00+02:00,0,0,0,84,1,0,0,0,0,0,0,0,30,7,0,0,0,0,0,0,0,5,0
2026-09-13T19:40:00+02:00,2026-09-13T19:45:00+02:00,0,0,1,90,0,0,0,0,1,0,0,0,23,0,0,0,0,0,0,0,0,2,0
2026-09-13T19:45:00+02:00,2026-09-13T19:50:00+02:00,0,5,1,99,0,0,0,0,2,0,0,0,20,0,0,0,0,0,0,0,0,1,0
2026-09-13T19:50:00+02:00,2026-09-13T19:55:00+02:00,0,15,1,88,2,0,0,0,2,0,0,0,2,0,0,0,0,0,0,0,0,2,0
2026-09-13T19:55:00+02:00,2026-09-13T20:00:00+02:00,0,5,1,102,0,0,0,0,13,1,2,0,6,0,0,0,0,0,0,0,0,1,0
2026-09-13T20:00:00+02:00,2026-09-13T20:05:00+02:00,0,4,0,82,0,0,0,0,0,0,0,0,5,0,0,0,0,0,0,0,0,1,0
2026-09-13T20:05:00+02:00,2026-09-13T20:10:00+02:00,0,0,1,79,1,0,0,0,2,0,0,0,12,0,0,0,0,0,0,0,0,1,0
2026-09-13T20:10:00+02:00,2026-09-13T20:15:00+02:00,0,0,6,89,0,0,0,0,0,1,0,0,15,0,0,0,0,0,0,0,0,0,0
2026-09-13T20:15:00+02:00,2026-09-13T20:20:00+02:00,0,0,4,94,0,0,0,0,2,1,1,0,10,0,0,0,0,0,1,0,0,3,0
2026-09-13T20:20:00+02:00,2026-09-13T20:25:00+02:00,0,0,0,54,0,0,0,0,2,1,0,0,14,0,0,0,0,0,1,0,0,1,0
2026-09-13T20:25:00+02:00,2026-09-13T20:30:00+02:00,0,3,0,52,0,0,0,0,6,0,0,0,0,0,0,0,0,0,0,0,0,1,0
2026-09-13T20:30:00+02:00,2026-09-13T20:35:00+02:00,0,2,1,75,0,0,0,0,3,0,0,0,23,0,0,0,0,0,0,0,0,1,0
2026-09-13T20:35:00+02:00,2026-09-13T20:40:00+02:00,0,7,6,62,0,0,0,0,5,2,0,0,42,0,0,0,0,0,0,0,0,1,0
2026-09-13T20:40:00+02:00,2026-09-13T20:45:00+02:00,0,1,1,50,0,0,0,0,0,0,0,0,12,0,0,0,0,0,0,0,0,0,0
2026-09-13T20:45:00+02:00,2026-09-13T20:50:00+02:00,0,0,1,73,0,0,0,0,4,0,0,0,9,0,0,0,0,0,0,0,0,2,0
2026-09-13T20:50:00+02:00,2026-09-13T20:55:00+02:00,0,0,3,38,0,0,0,0,0,0,0,0,4,0,0,0,0,0,0,0,0,0,0
2026-09-13T20:55:00+02:00,2026-09-13T21:00:00+02:00,0,2,3,69,0,0,0,0,2,0,0,0,5,0,0,0,0,0,0,0,0,1,0
2026-09-13T21:00:00+02:00,2026-09-13T21:05:00+02:00,0,0,0,48,0,0,0,0,2,0,0,0,6,0,0,0,0,0,0,0,0,2,0
2026-09-13T21:05:00+02:00,2026-09-13T21:10:00+02:00,0,0,0,71,0,0,0,0,11,3,0,0,5,0,0,0,0,0,3,0,0,0,0
2026-09-13T21:10:00+02:00,2026-09-13T21:15:00+02:00,0,0,0,54,0,0,0,0,1,2,0,0,6,0,0,0,0,0,0,0,0,0,0
2026-09-13T21:15:00+02:00,2026-09-13T21:20:00+02:00,0,0,1,38,1,0,0,0,3,0,0,0,5,0,0,0,0,0,0,0,0,1,0
2026-09-13T21:20:00+02:00,2026-09-13T21:25:00+02:00,0,1,1,51,0,0,0,0,5,2,0,0,5,0,0,0,0,0,0,0,0,2,0
2026-09-13T21:25:00+02:00,2026-09-13T21:30:00+02:00,0,2,0,33,0,0,0,0,3,1,0,0,2,0,0,0,0,0,0,0,0,0,0
2026-09-13T21:30:00+02:00,2026-09-13T21:35:00+02:00,0,0,0,45,0,0,0,0,5,3,0,0,1,0,1,0,0,0,2,0,0,0,0
2026-09-13T21:35:00+02:00,2026-09-13T21:40:00+02:00,0,0,2,29,0,0,0,0,0,0,0,0,5,0,0,0,0,0,0,0,0,2,0
2026-09-13T21:40:00+02:00,2026-09-13T21:45:00+02:00,0,0,2,36,1,0,0,0,6,0,0,0,3,0,0,0,0,0,0,0,0,2,0
2026-09-13T21:45:00+02:00,2026-09-13T21:50:00+02:00,0,0,0,19,1,0,0,0,5,0,0,0,0,0,0,0,0,0,0,0,0,0,0
2026-09-13T21:50:00+02:00,2026-09-13T21:55:00+02:00,0,1,0,28,0,0,0,0,3,0,0,0,13,0,0,0,0,0,0,0,0,0,0
2026-09-13T21:55:00+02:00,2026-09-13T22:00:00+02:00,0,0,0,42,0,1,0,0,3,0,0,0,0,0,0,0,0,0,0,0,0,1,0
2026-09-13T22:00:00+02:00,2026-09-13T22:05:00+02:00,0,0,0,20,0,0,0,0,5,0,0,0,6,0,0,0,0,0,0,0,0,0,0
2026-09-13T22:05:00+02:00,2026-09-13T22:10:00+02:00,0,2,0,39,1,0,0,0,7,0,0,0,0,0,0,0,0,0,1,0,0,2,0
2026-09-13T22:10:00+02:00,2026-09-13T22:15:00+02:00,0,0,0,21,0,0,0,0,4,0,0,0,0,0,0,0,0,0,0,0,0,0,0
2026-09-13T22:15:00+02:00,2026-09-13T22:20:00+02:00,0,2,0,22,0,0,0,0,4,0,0,0,1,0,0,0,0,0,0,0,0,0,0
2026-09-13T22:20:00+02:00,2026-09-13T22:25:00+02:00,0,3,0,28,0,0,0,0,3,2,0,0,5,0,0,0,0,0,0,0,0,1,0
2026-09-13T22:25:00+02:00,2026-09-13T22:30:00+02:00,0,0,0,32,0,0,0,0,2,0,0,0,7,0,0,0,0,0,0,0,0,1,0
2026-09-13T22:30:00+02:00,2026-09-13T22:35:00+02:00,0,0,0,19,0,0,0,0,2,0,0,0,13,0,0,0,0,0,0,0,0,0,0
2026-09-13T22:35:00+02:00,2026-09-13T22:40:00+02:00,0,0,0,30,1,0,0,0,0,1,0,0,3,0,0,0,0,0,0,0,0,4,0
2026-09-13T22:40:00+02:00,2026-09-13T22:45:00+02:00,0,0,1,16,0,0,0,0,1,0,0,0,0,0,0,0,0,0,0,0,0,0,0
2026-09-13T22:45:00+02:00,2026-09-13T22:50:00+02:00,0,2,0,7,0,0,0,0,4,2,0,0,0,0,0,0,0,0,2,0,0,1,0
2026-09-13T22:50:00+02:00,2026-09-13T22:55:00+02:00,0,0,0,9,0,0,0,0,3,1,0,0,0,0,0,0,0,0,1,0,0,0,0
2026-09-13T22:55:00+02:00,2026-09-13T23:00:00+02:00,0,0,0,14,0,0,0,0,2,0,0,0,2,0,0,0,0,0,0,0,0,1,0
2026-09-13T23:00:00+02:00,2026-09-13T23:05:00+02:00,1,0,0,6,0,0,0,0,6,2,0,0,6,0,0,0,0,0,0,0,0,0,0
2026-09-13T23:05:00+02:00,2026-09-13T23:10:00+02:00,0,0,0,14,0,0,0,0,5,0,0,0,0,0,0,0,0,0,0,0,0,0,0
2026-09-13T23:10:00+02:00,2026-09-13T23:15:00+02:00,0,2,0,9,0,0,0,0,2,0,0,0,0,0,0,0,0,0,0,0,0,2,0
2026-09-13T23:15:00+02:00,2026-09-13T23:20:00+02:00,0,1,0,9,0,0,0,0,4,0,0,0,0,0,0,0,0,0,0,0,0,0,0
2026-09-13T23:20:00+02:00,2026-09-13T23:25:00+02:00,0,4,0,8,0,0,0,0,6,0,0,0,3,0,0,0,0,0,0,0,0,2,0
2026-09-13T23:25:00+02:00,2026-09-13T23:30:00+02:00,0,0,0,14,0,0,0,0,6,2,0,0,5,0,0,0,0,0,0,0,0,0,0
2026-09-13T23:30:00+02:00,2026-09-13T23:35:00+02:00,0,0,0,11,0,0,0,0,1,0,0,0,2,0,0,0,0,0,0,0,0,1,0
2026-09-13T23:35:00+02:00,2026-09-13T23:40:00+02:00,0,0,0,6,0,0,0,0,2,0,0,0,0,0,0,0,0,0,0,0,0,2,0
2026-09-13T23:40:00+02:00,2026-09-13T23:45:00+02:00,0,0,0,4,0,0,0,0,3,2,0,0,0,0,0,0,0,0,1,0,0,2,0
2026-09-13T23:45:00+02:00,2026-09-13T23:50:00+02:00,0,0,0,9,0,0,0,0,2,1,0,0,0,0,0,0,0,0,0,0,0,0,0
2026-09-13T23:50:00+02:00,2026-09-13T23:55:00+02:00,0,0,0,10,0,0,0,0,2,0,0,0,0,0,0,0,0,0,0,0,0,0,0
2026-09-13T23:55:00+02:00,2026-09-14T00:00:00+02:00,0,3,0,3,0,0,0,0,2,0,0,0,3,0,0,0,0,0,0,0,0,0,0
2026-09-14T00:00:00+02:00,2026-09-14T00:05:00+02:00,0,0,0,7,0,0,0,0,4,2,0,0,0,0,0,0,0,0,0,0,0,0,0
2026-09-14T00:05:00+02:00,2026-09-14T00:10:00+02:00,0,0,0,6,0,0,0,0,3,0,0,0,0,0,0,0,0,0,0,0,0,1,0
2026-09-14T00:10:00+02:00,2026-09-14T00:15:00+02:00,0,0,0,3,0,0,0,0,1,0,0,0,0,0,0,0,0,0,0,0,0,0,0
2026-09-14T00:15:00+02:00,2026-09-14T00:20:00+02:00,0,0,0,1,0,0,0,0,1,0,0,0,0,0,0,0,0,0,0,0,0,0,0
2026-09-14T00:20:00+02:00,2026-09-14T00:25:00+02:00,0,0,0,8,0,0,0,0,0,0,0,0,7,0,0,0,0,0,0,0,0,0,0
2026-09-14T00:25:00+02:00,2026-09-14T00:30:00+02:00,0,0,0,5,0,0,0,0,2,0,0,0,0,0,0,0,0,0,0,0,0,0,0
2026-09-14T00:30:00+02:00,2026-09-14T00:35:00+02:00,0,0,0,7,0,0,0,0,1,0,0,0,0,0,0,0,0,0,0,0,0,0,0
2026-09-14T00:35:00+02:00,2026-09-14T00:40:00+02:00,0,0,0,3,0,0,0,0,0,0,0,0,0,0,0,0,0,0,0,0,0,0,0
2026-09-14T00:40:00+02:00,2026-09-14T00:45:00+02:00,0,0,0,1,0,0,0,0,3,1,0,0,0,0,0,0,0,0,0,0,0,0,0
2026-09-14T00:45:00+02:00,2026-09-14T00:50:00+02:00,0,0,0,4,0,0,0,0,3,0,0,0,5,0,0,0,0,0,0,0,0,0,0
2026-09-14T00:50:00+02:00,2026-09-14T00:55:00+02:00,0,0,0,7,0,0,0,0,1,2,0,0,0,0,0,0,0,0,0,0,0,0,0
2026-09-14T00:55:00+02:00,2026-09-14T01:00:00+02:00,0,0,0,9,0,0,0,0,1,0,0,0,0,0,0,0,0,0,0,0,0,0,0
2026-09-14T01:00:00+02:00,2026-09-14T01:05:00+02:00,0,0,0,7,0,0,0,0,3,0,0,0,0,0,0,0,0,0,0,0,0,1,0
2026-09-14T01:05:00+02:00,2026-09-14T01:10:00+02:00,0,0,0,8,0,0,0,0,0,1,0,0,0,0,0,0,0,0,0,0,0,3,0
2026-09-14T01:10:00+02:00,2026-09-14T01:15:00+02:00,0,0,0,7,0,0,0,0,2,0,0,0,0,0,0,0,0,0,0,0,0,0,0
2026-09-14T01:15:00+02:00,2026-09-14T01:20:00+02:00,0,0,0,4,0,0,0,0,2,1,0,0,0,0,0,0,0,0,0,0,0,0,0
2026-09-14T01:20:00+02:00,2026-09-14T01:25:00+02:00,0,0,0,6,0,0,0,0,1,0,0,0,0,0,0,0,0,0,0,0,0,0,0
2026-09-14T01:25:00+02:00,2026-09-14T01:30:00+02:00,0,0,0,3,0,0,0,0,4,1,0,0,2,0,0,0,0,0,0,0,0,0,0
2026-09-14T01:30:00+02:00,2026-09-14T01:35:00+02:00,0,0,0,1,0,0,0,0,1,0,0,0,0,0,0,0,0,0,0,0,0,0,0
2026-09-14T01:35:00+02:00,2026-09-14T01:40:00+02:00,0,0,0,4,0,0,0,0,0,2,0,0,0,0,0,0,0,0,0,0,0,0,0
2026-09-14T01:40:00+02:00,2026-09-14T01:45:00+02:00,0,0,0,5,0,0,0,0,2,2,0,0,3,0,0,0,0,0,0,0,0,0,0
2026-09-14T01:45:00+02:00,2026-09-14T01:50:00+02:00,0,0,0,5,0,0,0,0,0,1,0,0,0,0,0,0,0,0,0,0,0,0,0
2026-09-14T01:50:00+02:00,2026-09-14T01:55:00+02:00,0,0,0,1,0,0,0,0,1,1,0,0,0,0,0,0,0,0,0,0,0,0,0
2026-09-14T01:55:00+02:00,2026-09-14T02:00:00+02:00,0,0,0,1,0,0,0,0,0,1,0,0,0,0,0,0,0,0,0,0,0,2,0
2026-09-14T02:00:00+02:00,2026-09-14T02:05:00+02:00,0,0,0,2,0,0,0,0,0,2,0,0,0,0,0,0,0,0,1,0,0,2,0
2026-09-14T02:05:00+02:00,2026-09-14T02:10:00+02:00,0,0,0,7,0,0,0,0,4,2,0,0,0,0,0,0,0,0,0,0,0,0,0
2026-09-14T02:10:00+02:00,2026-09-14T02:15:00+02:00,0,0,0,3,0,0,0,0,2,2,0,0,0,0,0,0,0,0,0,0,0,0,0
2026-09-14T02:15:00+02:00,2026-09-14T02:20:00+02:00,0,0,0,7,0,0,0,0,1,0,0,0,0,0,0,0,0,0,0,0,0,2,0
2026-09-14T02:20:00+02:00,2026-09-14T02:25:00+02:00,0,0,0,6,0,0,0,0,1,3,0,0,2,0,0,0,0,0,0,0,0,2,0
2026-09-14T02:25:00+02:00,2026-09-14T02:30:00+02:00,0,0,0,2,0,0,0,0,0,0,0,0,0,0,0,0,0,0,0,0,0,0,0
2026-09-14T02:30:00+02:00,2026-09-14T02:35:00+02:00,0,0,0,4,0,0,0,0,2,0,0,0,0,0,0,0,0,0,0,0,0,0,0
2026-09-14T02:35:00+02:00,2026-09-14T02:40:00+02:00,0,2,0,2,0,0,0,0,0,2,0,0,0,0,0,0,0,0,0,0,0,1,0
2026-09-14T02:40:00+02:00,2026-09-14T02:45:00+02:00,0,0,0,3,0,0,0,0,6,3,0,0,0,0,0,0,0,0,0,0,0,1,0
2026-09-14T02:45:00+02:00,2026-09-14T02:50:00+02:00,0,0,0,4,0,0,0,0,0,2,0,0,0,0,0,0,0,0,0,0,0,0,0
2026-09-14T02:50:00+02:00,2026-09-14T02:55:00+02:00,0,0,0,3,0,0,0,0,0,0,0,0,0,0,0,0,0,0,0,0,0,0,0
2026-09-14T02:55:00+02:00,2026-09-14T03:00:00+02:00,0,1,0,4,1,0,0,0,3,1,0,0,1,0,0,0,0,0,0,0,0,5,0
2026-09-14T03:00:00+02:00,2026-09-14T03:05:00+02:00,0,1,1,5,0,0,0,0,5,4,0,0,5,0,0,0,0,0,0,0,0,1,0
2026-09-14T03:05:00+02:00,2026-09-14T03:10:00+02:00,0,0,0,9,0,0,0,0,0,3,0,0,0,0,0,0,0,0,0,0,0,0,0
2026-09-14T03:10:00+02:00,2026-09-14T03:15:00+02:00,0,0,1,5,0,0,0,0,3,0,0,0,0,0,0,0,0,0,0,0,0,1,0
2026-09-14T03:15:00+02:00,2026-09-14T03:20:00+02:00,0,0,0,11,0,0,0,0,4,0,0,0,0,0,0,0,0,0,0,0,0,3,0
2026-09-14T03:20:00+02:00,2026-09-14T03:25:00+02:00,0,0,0,3,0,0,0,0,5,3,0,0,0,0,0,0,0,0,0,0,0,0,0
2026-09-14T03:25:00+02:00,2026-09-14T03:30:00+02:00,0,0,0,7,0,0,0,0,1,1,0,0,0,0,0,0,0,0,0,0,0,0,0
2026-09-14T03:30:00+02:00,2026-09-14T03:35:00+02:00,0,1,0,9,0,0,0,0,4,0,0,0,1,0,0,0,0,0,0,0,0,3,0
2026-09-14T03:35:00+02:00,2026-09-14T03:40:00+02:00,0,0,2,2,0,0,0,0,1,3,0,0,0,0,0,0,0,0,0,0,0,2,0
2026-09-14T03:40:00+02:00,2026-09-14T03:45:00+02:00,0,0,0,5,0,0,0,0,2,1,0,0,2,0,0,0,0,0,0,0,0,0,0
2026-09-14T03:45:00+02:00,2026-09-14T03:50:00+02:00,0,0,1,8,2,0,0,0,5,1,0,0,0,0,0,0,0,0,0,0,0,0,0
2026-09-14T03:50:00+02:00,2026-09-14T03:55:00+02:00,0,2,0,3,0,0,0,0,2,2,1,0,0,0,0,0,0,0,1,0,0,0,0
2026-09-14T03:55:00+02:00,2026-09-14T04:00:00+02:00,0,0,0,2,0,0,0,0,1,1,0,0,5,0,0,0,0,0,1,0,0,4,0
2026-09-14T04:00:00+02:00,2026-09-14T04:05:00+02:00,0,0,1,7,0,0,0,0,4,2,0,0,9,0,0,0,0,0,0,0,0,0,0
2026-09-14T04:05:00+02:00,2026-09-14T04:10:00+02:00,0,0,2,17,0,0,0,0,4,1,2,0,4,0,0,0,0,0,0,0,0,0,0
2026-09-14T04:10:00+02:00,2026-09-14T04:15:00+02:00,0,0,8,14,0,0,0,0,7,2,0,0,2,0,0,0,0,0,1,0,0,3,0
2026-09-14T04:15:00+02:00,2026-09-14T04:20:00+02:00,0,0,4,16,0,0,0,0,5,4,0,0,3,0,0,0,0,0,3,0,0,3,0
2026-09-14T04:20:00+02:00,2026-09-14T04:25:00+02:00,0,4,4,17,0,0,0,0,6,2,0,0,1,0,0,0,0,0,0,0,0,1,0
2026-09-14T04:25:00+02:00,2026-09-14T04:30:00+02:00,0,0,0,15,0,0,0,0,3,1,0,0,3,0,0,0,0,0,0,0,0,1,0
2026-09-14T04:30:00+02:00,2026-09-14T04:35:00+02:00,0,1,3,13,0,0,0,0,4,3,0,0,7,0,0,0,0,0,1,0,0,4,0
2026-09-14T04:35:00+02:00,2026-09-14T04:40:00+02:00,0,0,1,28,0,0,0,0,4,1,0,0,0,0,0,0,0,0,0,0,0,3,0
2026-09-14T04:40:00+02:00,2026-09-14T04:45:00+02:00,0,2,0,35,1,0,0,0,12,3,0,0,5,0,0,0,0,0,1,0,0,1,0
2026-09-14T04:45:00+02:00,2026-09-14T04:50:00+02:00,0,4,0,29,0,0,0,0,2,5,0,0,0,0,0,0,0,0,2,0,0,1,0
2026-09-14T04:50:00+02:00,2026-09-14T04:55:00+02:00,0,0,1,34,2,0,0,0,5,6,0,0,3,0,0,0,0,0,2,0,0,2,0
2026-09-14T04:55:00+02:00,2026-09-14T05:00:00+02:00,0,0,0,56,0,0,0,0,10,0,0,0,11,0,0,0,0,0,0,0,0,1,0
2026-09-14T05:00:00+02:00,2026-09-14T05:05:00+02:00,0,0,1,33,0,0,0,0,5,1,0,0,4,0,0,0,0,0,0,0,0,6,0
2026-09-14T05:05:00+02:00,2026-09-14T05:10:00+02:00,0,0,3,45,2,0,0,0,9,3,1,0,0,0,0,0,0,0,0,0,0,6,0
2026-09-14T05:10:00+02:00,2026-09-14T05:15:00+02:00,0,0,6,47,1,0,0,0,8,7,0,0,3,0,0,0,0,0,2,0,0,4,0
2026-09-14T05:15:00+02:00,2026-09-14T05:20:00+02:00,0,0,8,39,0,0,0,0,10,1,0,0,10,0,0,0,1,0,0,0,0,8,0
2026-09-14T05:20:00+02:00,2026-09-14T05:25:00+02:00,0,3,4,67,0,0,0,0,9,2,0,0,9,0,0,0,0,0,0,0,0,6,0
2026-09-14T05:25:00+02:00,2026-09-14T05:30:00+02:00,0,0,5,61,0,0,0,0,3,6,0,0,14,0,0,0,0,0,1,0,0,5,0
2026-09-14T05:30:00+02:00,2026-09-14T05:35:00+02:00,0,8,4,89,0,0,0,0,9,2,0,0,13,0,0,0,0,0,0,0,0,7,0
2026-09-14T05:35:00+02:00,2026-09-14T05:40:00+02:00,0,1,6,91,0,0,0,0,12,6,0,0,1,0,0,0,0,0,1,0,0,3,0
2026-09-14T05:40:00+02:00,2026-09-14T05:45:00+02:00,0,2,7,76,0,0,0,0,10,9,0,0,7,0,0,0,0,0,3,0,0,4,0
2026-09-14T05:45:00+02:00,2026-09-14T05:50:00+02:00,0,0,2,72,0,0,0,0,7,3,0,0,0,0,0,0,0,0,1,0,0,5,0
2026-09-14T05:50:00+02:00,2026-09-14T05:55:00+02:00,0,0,3,99,0,0,0,0,7,1,1,0,3,0,0,0,0,0,0,0,0,10,0
2026-09-14T05:55:00+02:00,2026-09-14T06:00:00+02:00,0,0,4,86,1,0,0,0,7,2,0,0,5,0,0,0,0,0,0,0,0,12,0
2026-09-14T06:00:00+02:00,2026-09-14T06:05:00+02:00,0,0,3,71,0,0,0,0,6,6,0,0,5,0,0,0,0,0,1,0,0,7,0
2026-09-14T06:05:00+02:00,2026-09-14T06:10:00+02:00,0,3,3,90,0,0,0,0,12,7,0,0,10,0,0,0,0,0,4,0,0,8,0
2026-09-14T06:10:00+02:00,2026-09-14T06:15:00+02:00,0,3,2,89,0,0,0,0,10,11,3,0,12,0,0,0,0,0,0,0,0,5,0
2026-09-14T06:15:00+02:00,2026-09-14T06:20:00+02:00,0,13,3,87,0,0,0,0,8,1,0,0,15,0,0,0,0,0,0,0,0,12,0
2026-09-14T06:20:00+02:00,2026-09-14T06:25:00+02:00,0,2,2,120,0,0,0,0,9,6,3,0,11,0,0,0,0,0,0,0,0,6,0
2026-09-14T06:25:00+02:00,2026-09-14T06:30:00+02:00,0,9,0,112,0,0,0,0,11,1,0,0,13,0,0,0,0,0,0,0,0,16,0
2026-09-14T06:30:00+02:00,2026-09-14T06:35:00+02:00,0,4,6,104,1,0,0,0,16,6,0,0,19,0,0,0,0,0,1,0,0,13,0
2026-09-14T06:35:00+02:00,2026-09-14T06:40:00+02:00,0,1,7,136,0,0,0,0,9,17,2,0,31,0,0,0,3,0,0,0,0,2,0
2026-09-14T06:40:00+02:00,2026-09-14T06:45:00+02:00,0,3,1,124,0,0,0,0,10,9,0,0,20,0,0,0,0,0,1,0,0,5,0
2026-09-14T06:45:00+02:00,2026-09-14T06:50:00+02:00,0,10,4,124,2,0,0,0,7,4,0,0,21,0,0,0,0,0,0,0,0,10,0
2026-09-14T06:50:00+02:00,2026-09-14T06:55:00+02:00,0,11,4,163,0,0,0,0,3,4,0,0,53,0,0,0,0,0,1,0,0,11,0
2026-09-14T06:55:00+02:00,2026-09-14T07:00:00+02:00,1,0,1,173,1,0,0,0,15,14,0,0,29,0,1,0,0,0,0,0,0,15,0
2026-09-14T07:00:00+02:00,2026-09-14T07:05:00+02:00,0,0,0,175,0,0,0,0,8,15,2,0,31,0,0,0,0,0,3,0,0,13,0
2026-09-14T07:05:00+02:00,2026-09-14T07:10:00+02:00,0,4,7,175,0,0,0,0,14,6,0,0,40,0,0,0,0,0,0,0,0,8,0
2026-09-14T07:10:00+02:00,2026-09-14T07:15:00+02:00,0,13,4,195,3,0,0,0,10,6,1,0,76,0,0,0,1,0,2,0,0,8,0
2026-09-14T07:15:00+02:00,2026-09-14T07:20:00+02:00,0,12,2,161,2,0,0,0,11,15,0,0,72,0,1,0,0,0,1,0,0,7,0
2026-09-14T07:20:00+02:00,2026-09-14T07:25:00+02:00,0,3,4,182,0,0,0,0,9,9,0,0,59,0,0,0,0,0,1,0,0,11,0
2026-09-14T07:25:00+02:00,2026-09-14T07:30:00+02:00,0,0,7,178,2,0,0,0,7,10,0,0,142,0,0,0,0,0,1,0,0,11,0
2026-09-14T07:30:00+02:00,2026-09-14T07:35:00+02:00,0,3,8,224,1,0,0,0,4,9,0,0,91,0,0,0,0,0,3,0,0,12,0
2026-09-14T07:35:00+02:00,2026-09-14T07:40:00+02:00,0,15,3,202,0,0,0,0,11,14,0,0,168,0,0,0,0,0,0,0,0,13,0
2026-09-14T07:40:00+02:00,2026-09-14T07:45:00+02:00,0,2,6,264,1,0,0,0,12,4,2,0,126,0,4,0,0,0,0,0,0,12,0
2026-09-14T07:45:00+02:00,2026-09-14T07:50:00+02:00,1,5,6,212,1,0,0,0,10,8,0,0,154,0,1,0,1,0,0,0,0,7,0
2026-09-14T07:50:00+02:00,2026-09-14T07:55:00+02:00,1,9,2,217,3,0,0,0,13,12,0,0,72,0,0,0,0,0,0,0,0,12,0
2026-09-14T07:55:00+02:00,2026-09-14T08:00:00+02:00,0,4,3,215,3,0,0,0,11,17,1,0,80,1,0,0,0,0,1,0,0,9,0
2026-09-14T08:00:00+02:00,2026-09-14T08:05:00+02:00,0,15,5,210,1,0,0,0,12,14,1,0,116,6,0,0,0,0,1,0,0,22,0
2026-09-14T08:05:00+02:00,2026-09-14T08:10:00+02:00,0,1,2,188,0,0,0,0,5,18,0,0,90,0,0,0,0,1,0,0,0,21,0
2026-09-14T08:10:00+02:00,2026-09-14T08:15:00+02:00,0,0,3,158,4,0,0,0,8,6,0,0,110,1,0,0,1,0,1,0,0,13,0
2026-09-14T08:15:00+02:00,2026-09-14T08:20:00+02:00,0,13,2,141,0,0,0,0,5,6,1,0,104,0,0,0,1,0,1,0,0,13,0
2026-09-14T08:20:00+02:00,2026-09-14T08:25:00+02:00,2,2,3,189,2,0,0,0,10,11,2,0,144,1,1,0,0,0,1,0,0,25,0
2026-09-14T08:25:00+02:00,2026-09-14T08:30:00+02:00,0,13,2,153,0,0,0,0,6,14,0,0,142,0,0,0,0,0,3,0,0,15,0
2026-09-14T08:30:00+02:00,2026-09-14T08:35:00+02:00,0,5,5,154,1,0,0,0,16,8,0,0,66,0,0,0,0,0,0,0,0,19,0
2026-09-14T08:35:00+02:00,2026-09-14T08:40:00+02:00,0,6,6,174,3,0,0,0,10,12,0,0,121,0,0,0,0,0,0,0,0,19,0
2026-09-14T08:40:00+02:00,2026-09-14T08:45:00+02:00,0,0,2,169,2,0,0,0,11,15,0,0,125,0,2,0,0,0,1,0,0,20,0
2026-09-14T08:45:00+02:00,2026-09-14T08:50:00+02:00,0,8,3,172,2,0,0,0,17,13,0,0,82,0,2,0,1,0,2,0,0,16,0
2026-09-14T08:50:00+02:00,2026-09-14T08:55:00+02:00,0,10,0,192,6,0,0,0,10,6,1,0,179,0,0,0,1,0,0,0,0,13,0
2026-09-14T08:55:00+02:00,2026-09-14T09:00:00+02:00,0,14,2,205,5,0,0,0,14,6,0,0,98,0,0,0,3,0,0,0,0,8,0
2026-09-14T09:00:00+02:00,2026-09-14T09:05:00+02:00,0,17,3,182,1,0,0,0,19,20,1,0,114,5,0,0,0,0,1,0,0,14,0
2026-09-14T09:05:00+02:00,2026-09-14T09:10:00+02:00,0,10,2,170,0,0,0,0,10,13,0,0,99,1,3,0,0,0,4,0,0,14,0
2026-09-14T09:10:00+02:00,2026-09-14T09:15:00+02:00,0,8,4,185,4,0,0,0,5,9,1,0,88,0,0,0,0,0,0,0,0,10,0
2026-09-14T09:15:00+02:00,2026-09-14T09:20:00+02:00,0,10,4,187,3,0,0,0,9,7,0,0,132,0,0,0,0,0,1,0,0,14,0
2026-09-14T09:20:00+02:00,2026-09-14T09:25:00+02:00,0,7,0,202,3,0,0,0,12,25,0,0,146,0,0,0,0,0,1,0,0,21,0
2026-09-14T09:25:00+02:00,2026-09-14T09:30:00+02:00,0,28,2,175,0,0,0,0,7,9,0,0,127,4,0,0,0,0,0,0,0,10,0
