#INTERVAL_START,INTERVAL_END,ANIMAL,BICYCLE,BUS,CAR,CAR_TRAILER,CARAVAN,E_CART,HEAD,HEAVY,LIGHT,MOTORCYCLE,OBSTACLE,PEDESTRIAN,PRAM,SCOOTER,SKATE,TRACTOR,TRAM,TRUCK_TRAILER,TUK_TUK,UNKNOWN,VAN,WHEELCHAIR
2026-04-25T01:00:00+02:00,2026-04-25T01:05:00+02:00,0,0,0,0,0,0,0,0,0,0,0,0,0,0,0,0,0,0,0,0,0,0,0
2026-04-25T01:05:00+02:00,2026-04-25T01:10:00+02:00,0,0,0,0,0,0,0,0,0,0,0,0,0,0,0,0,0,0,0,0,0,0,0
2026-04-25T01:10:00+02:00,2026-04-25T01:15:00+02:00,0,0,0,0,0,0,0,0,0,0,0,0,0,0,0,0,0,0,0,0,0,0,0
2026-04-25T01:15:00+02:00,2026-04-25T01:20:00+02:00,0,0,0,0,0,0,0,0,0,0,0,0,0,0,0,0,0,0,0,0,0,0,0
2026-04-25T01:20:00+02:00,2026-04-25T01:25:00+02:00,0,1,0,0,0,0,0,0,0,0,0,0,0,0,0,0,0,0,0,0,0,0,0
2026-04-25T01:25:00+02:00,2026-04-25T01:30:00+02:00,0,0,0,0,0,0,0,0,0,0,0,0,0,0,0,0,0,0,0,0,0,0,0
2026-04-25T01:30:00+02:00,2026-04-25T01:35:00+02:00,0,0,0,0,0,0,0,0,0,0,0,0,0,0,0,0,0,0,0,0,0,0,0
2026-04-25T01:35:00+02:00,2026-04-25T01:40:00+02:00,0,0,0,0,0,0,0,0,0,0,0,0,0,0,0,0,0,0,0,0,0,0,0
2026-04-25T01:40:00+02:00,2026-04-25T01:45:00+02:00,0,0,0,0,0,0,0,0,0,0,0,0,0,0,0,0,0,0,0,0,0,0,0
2026-04-25T01:45:00+02:00,2026-04-25T01:50:00+02:00,0,0,0,0,0,0,0,0,0,0,0,0,0,0,0,0,0,0,0,0,0,0,0
2026-04-25T01:50:00+02:00,2026-04-25T01:55:00+02:00,0,0,0,0,0,0,0,0,0,0,0,0,0,0,0,0,0,0,0,0,0,0,0
2026-04-25T01:55:00+02:00,2026-04-25T02:00:00+02:00,0,0,0,0,0,0,0,0,0,0,0,0,0,0,0,0,0,0,0,0,0,0,0
2026-04-25T02:00:00+02:00,2026-04-25T02:05:00+02:00,0,0,0,0,0,0,0,0,0,0,0,0,0,0,0,0,0,0,0,0,0,0,0
2026-04-25T02:05:00+02:00,2026-04-25T02:10:00+02:00,0,0,0,0,0,0,0,0,0,0,0,0,0,0,0,0,0,0,0,0,0,0,0
2026-04-25T02:10:00+02:00,2026-04-25T02:15:00+02:00,0,0,0,0,0,0,0,0,0,0,0,0,0,0,0,0,0,0,0,0,0,0,0
2026-04-25T02:15:00+02:00,2026-04-25T02:20:00+02:00,0,0,0,0,0,0,0,0,0,0,0,0,0,0,0,0,0,0,0,0,0,0,0
2026-04-25T02:20:00+02:00,2026-04-25T02:25:00+02:00,0,0,0,0,0,0,0,0,0,0,0,0,0,0,0,0,0,0,0,0,0,0,0
2026-04-25T02:25:00+02:00,2026-04-25T02:30:00+02:00,0,0,0,0,0,0,0,0,0,0,0,0,0,0,0,0,0,0,0,0,0,0,0
2026-04-25T02:30:00+02:00,2026-04-25T02:35:00+02:00,0,1,0,0,0,0,0,0,0,0,0,0,0,0,0,0,0,0,0,0,0,0,0
2026-04-25T02:35:00+02:00,2026-04-25T02:40:00+02:00,0,0,0,0,0,0,0,0,0,0,0,0,0,0,0,0,0,0,0,0,0,0,0
2026-04-25T02:40:00+02:00,2026-04-25T02:45:00+02:00,0,0,0,0,0,0,0,0,0,0,0,0,0,0,0,0,0,0,0,0,0,0,0
2026-04-25T02:45:00+02:00,2026-04-25T02:50:00+02:00,0,0,0,0,0,0,0,0,0,0,0,0,0,0,0,0,0,0,0,0,0,0,0
2026-04-25T02:50:00+02:00,2026-04-25T02:55:00+02:00,0,0,0,0,0,0,0,0,0,0,0,0,1,0,0,0,0,0,0,0,0,0,0
2026-04-25T02:55:00+02:00,2026-04-25T03:00:00+02:00,0,0,0,0,0,0,0,0,0,0,0,0,1,0,0,0,0,0,0,0,0,0,0
2026-04-25T03:00:00+02:00,2026-04-25T03:05:00+02:00,0,0,0,0,0,0,0,0,0,0,0,0,5,0,0,0,0,0,0,0,0,0,0
2026-04-25T03:05:00+02:00,2026-04-25T03:10:00+02:00,0,0,0,0,0,0,0,0,0,0,0,0,0,0,0,0,0,0,0,0,0,0,0
2026-04-25T03:10:00+02:00,2026-04-25T03:15:00+02:00,0,0,0,0,0,0,0,0,0,0,0,0,0,0,0,0,0,0,0,0,0,0,0
2026-04-25T03:15:00+02:00,2026-04-25T03:20:00+02:00,0,0,0,0,0,0,0,0,0,0,0,0,0,0,0,0,0,0,0,0,0,0,0
2026-04-25T03:20:00+02:00,2026-04-25T03:25:00+02:00,0,0,0,0,0,0,0,0,0,0,0,0,0,0,0,0,0,0,0,0,0,0,0
2026-04-25T03:25:00+02:00,2026-04-25T03:30:00+02:00,0,0,0,0,0,0,0,0,0,0,0,0,0,0,0,0,0,0,0,0,0,0,0
2026-04-25T03:30:00+02:00,2026-04-25T03:35:00+02:00,0,0,0,0,0,0,0,0,0,0,0,0,1,0,0,0,0,0,0,0,0,0,0
2026-04-25T03:35:00+02:00,2026-04-25T03:40:00+02:00,0,0,0,0,0,0,0,0,0,0,0,0,0,0,0,0,0,0,0,0,0,0,0
2026-04-25T03:40:00+02:00,2026-04-25T03:45:00+02:00,0,0,0,0,0,0,0,0,0,0,0,0,0,0,0,0,0,0,0,0,0,0,0
2026-04-25T03:45:00+02:00,2026-04-25T03:50:00+02:00,0,0,0,0,0,0,0,0,0,0,0,0,0,0,0,0,0,0,0,0,0,0,0
2026-04-25T03:50:00+02:00,2026-04-25T03:55:00+02:00,0,0,0,0,0,0,0,0,0,0,0,0,4,0,0,0,0,0,0,0,0,0,0
2026-04-25T03:55:00+02:00,2026-04-25T04:00:00+02:00,0,0,0,0,0,0,0,0,0,0,0,0,0,0,0,0,0,0,0,0,0,0,0
2026-04-25T04:00:00+02:00,2026-04-25T04:05:00+02:00,0,0,0,0,0,0,0,0,0,0,0,0,0,0,0,0,0,0,0,0,0,0,0
2026-04-25T04:05:00+02:00,2026-04-25T04:10:00+02:00,0,0,0,0,0,0,0,0,0,0,0,0,1,0,0,0,0,0,0,0,0,0,0
2026-04-25T04:10:00+02:00,2026-04-25T04:15:00+02:00,0,0,0,0,0,0,0,0,0,0,0,0,0,0,0,0,0,0,0,0,0,0,0
2026-04-25T04:15:00+02:00,2026-04-25T04:20:00+02:00,0,0,0,0,0,0,0,0,0,0,0,0,0,0,0,0,0,0,0,0,0,0,0
2026-04-25T04:20:00+02:00,2026-04-25T04:25:00+02:00,0,0,0,0,0,0,0,0,0,0,0,0,0,0,0,0,0,0,0,0,0,0,0
2026-04-25T04:25:00+02:00,2026-04-25T04:30:00+02:00,0,0,0,0,0,0,0,0,0,0,0,0,0,0,0,0,0,0,0,0,0,0,0
2026-04-25T04:30:00+02:00,2026-04-25T04:35:00+02:00,1,0,0,0,0,0,0,0,0,0,0,0,1,0,0,0,0,0,0,0,0,0,0
2026-04-25T04:35:00+02:00,2026-04-25T04:40:00+02:00,0,0,0,0,0,0,0,0,0,0,0,0,0,0,0,0,0,0,0,0,0,0,0
2026-04-25T04:40:00+02:00,2026-04-25T04:45:00+02:00,0,0,0,0,0,0,0,0,0,0,0,0,0,0,0,0,0,0,0,0,0,0,0
2026-04-25T04:45:00+02:00,2026-04-25T04:50:00+02:00,0,0,0,0,0,0,0,0,0,0,0,0,0,0,0,0,0,0,0,0,0,0,0
2026-04-25T04:50:00+02:00,2026-04-25T04:55:00+02:00,0,0,0,0,0,0,0,0,0,0,0,0,1,0,0,0,0,0,0,0,0,0,0
2026-04-25T04:55:00+02:00,2026-04-25T05:00:00+02:00,0,0,0,0,0,0,0,0,0,0,0,0,1,0,0,0,0,0,0,0,0,0,0
2026-04-25T05:00:00+02:00,2026-04-25T05:05:00+02:00,0,0,0,0,0,0,0,0,0,0,0,0,1,0,0,0,0,0,0,0,0,0,0
2026-04-25T05:05:00+02:00,2026-04-25T05:10:00+02:00,0,0,0,0,0,0,0,0,0,0,0,0,0,0,0,0,0,0,0,0,0,0,0
2026-04-25T05:10:00+02:00,2026-04-25T05:15:00+02:00,0,0,0,0,0,0,0,0,0,0,0,0,0,0,0,0,0,0,0,0,0,0,0
2026-04-25T05:15:00+02:00,2026-04-25T05:20:00+02:00,0,0,0,0,0,0,0,0,0,0,0,0,5,0,0,0,0,0,0,0,0,0,0
2026-04-25T05:20:00+02:00,2026-04-25T05:25:00+02:00,0,1,0,0,0,0,0,0,0,0,0,0,0,0,0,0,0,0,0,0,0,0,0
2026-04-25T05:25:00+02:00,2026-04-25T05:30:00+02:00,0,0,0,0,0,0,0,0,0,0,0,0,0,0,0,0,0,0,0,0,0,0,0
2026-04-25T05:30:00+02:00,2026-04-25T05:35:00+02:00,0,0,0,0,0,0,0,0,0,0,0,0,2,0,0,0,0,0,0,0,0,0,0
2026-04-25T05:35:00+02:00,2026-04-25T05:40:00+02:00,0,0,0,0,0,0,0,0,0,0,0,0,0,0,0,0,0,0,0,0,0,0,0
2026-04-25T05:40:00+02:00,2026-04-25T05:45:00+02:00,0,0,0,0,0,0,0,0,0,0,0,0,0,0,0,0,0,0,0,0,0,0,0
2026-04-25T05:45:00+02:00,2026-04-25T05:50:00+02:00,0,0,0,0,0,0,0,0,0,0,0,0,0,0,0,0,0,0,0,0,0,0,0
2026-04-25T05:50:00+02:00,2026-04-25T05:55:00+02:00,0,0,0,0,0,0,0,0,0,0,0,0,0,0,0,0,0,0,0,0,0,0,0
2026-04-25T05:55:00+02:00,2026-04-25T06:00:00+02:00,1,0,0,0,0,0,0,0,0,0,0,0,1,0,0,0,0,0,0,0,0,0,0
2026-04-25T06:00:00+02:00,2026-04-25T06:05:00+02:00,0,0,0,0,0,0,0,0,0,0,0,0,0,0,0,0,0,0,0,0,0,0,0
2026-04-25T06:05:00+02:00,2026-04-25T06:10:00+02:00,0,0,0,0,0,0,0,0,0,0,0,0,1,0,0,0,0,0,0,0,0,0,0
2026-04-25T06:10:00+02:00,2026-04-25T06:15:00+02:00,0,0,0,0,0,0,0,0,0,0,0,0,0,0,0,0,0,0,0,0,0,0,0
2026-04-25T06:15:00+02:00,2026-04-25T06:20:00+02:00,0,0,0,0,0,0,0,0,0,0,0,0,0,0,0,0,0,0,0,0,0,0,0
2026-04-25T06:20:00+02:00,2026-04-25T06:25:00+02:00,0,0,0,0,0,0,0,0,0,0,0,0,0,0,0,0,0,0,0,0,0,0,0
2026-04-25T06:25:00+02:00,2026-04-25T06:30:00+02:00,0,0,0,0,0,0,0,0,0,0,0,0,0,0,0,0,0,0,0,0,0,0,0
2026-04-25T06:30:00+02:00,2026-04-25T06:35:00+02:00,0,0,0,0,0,0,0,0,0,0,0,0,0,0,0,0,0,0,0,0,0,0,0
2026-04-25T06:35:00+02:00,2026-04-25T06:40:00+02:00,0,0,0,0,0,0,0,0,0,0,0,0,0,0,0,0,0,0,0,0,0,0,0
2026-04-25T06:40:00+02:00,2026-04-25T06:45:00+02:00,0,1,0,0,0,0,0,0,0,0,0,0,1,0,0,0,0,0,0,0,0,0,0
2026-04-25T06:45:00+02:00,2026-04-25T06:50:00+02:00,0,0,0,0,0,0,0,0,0,0,0,0,0,0,0,0,0,0,0,0,0,0,0
2026-04-25T06:50:00+02:00,2026-04-25T06:55:00+02:00,0,0,0,0,0,0,0,0,0,0,0,0,1,0,0,0,0,0,0,0,0,0,0
2026-04-25T06:55:00+02:00,2026-04-25T07:00:00+02:00,0,0,0,0,0,0,0,0,0,0,0,0,0,0,0,0,0,0,0,0,0,0,0
2026-04-25T07:00:00+02:00,2026-04-25T07:05:00+02:00,0,0,0,0,0,0,0,0,0,0,0,0,0,0,0,0,0,0,0,0,0,0,0
2026-04-25T07:05:00+02:00,2026-04-25T07:10:00+02:00,0,0,0,0,0,0,0,0,0,0,0,0,0,0,0,0,0,0,0,0,0,0,0
2026-04-25T07:10:00+02:00,2026-04-25T07:15:00+02:00,0,0,0,0,0,0,0,0,0,0,0,0,1,0,0,0,0,0,0,0,0,0,0
2026-04-25T07:15:00+02:00,2026-04-25T07:20:00+02:00,1,0,0,0,0,0,0,0,0,0,0,0,2,0,1,0,0,0,0,0,0,0,0
2026-04-25T07:20:00+02:00,2026-04-25T07:25:00+02:00,0,0,0,0,0,0,0,0,0,0,0,0,2,0,0,0,0,0,0,0,0,0,0
2026-04-25T07:25:00+02:00,2026-04-25T07:30:00+02:00,0,1,0,0,0,0,0,0,0,0,0,0,1,0,0,0,0,0,0,0,0,0,0
2026-04-25T07:30:00+02:00,2026-04-25T07:35:00+02:00,0,0,0,0,0,0,0,0,0,0,0,0,0,0,0,0,0,0,0,0,0,0,0
2026-04-25T07:35:00+02:00,2026-04-25T07:40:00+02:00,0,0,0,0,0,0,0,0,0,0,0,0,0,0,0,0,0,0,0,0,0,0,0
2026-04-25T07:40:00+02:00,2026-04-25T07:45:00+02:00,1,0,0,0,0,0,0,0,0,0,0,0,2,0,0,0,0,0,0,0,0,0,0
2026-04-25T07:45:00+02:00,2026-04-25T07:50:00+02:00,0,0,0,0,0,0,0,0,0,0,0,0,3,0,0,0,0,0,0,0,0,0,0
2026-04-25T07:50:00+02:00,2026-04-25T07:55:00+02:00,0,0,0,0,0,0,0,0,0,0,0,0,1,0,0,0,0,0,0,0,0,0,0
2026-04-25T07:55:00+02:00,2026-04-25T08:00:00+02:00,0,2,0,0,0,0,0,0,0,0,0,0,3,0,1,0,0,0,0,0,0,0,0
2026-04-25T08:00:00+02:00,2026-04-25T08:05:00+02:00,0,0,0,0,0,0,0,0,0,0,0,0,1,0,0,0,0,0,0,0,0,0,0
2026-04-25T08:05:00+02:00,2026-04-25T08:10:00+02:00,0,0,0,0,0,0,0,0,0,0,0,0,3,0,0,0,0,0,0,0,0,0,0
2026-04-25T08:10:00+02:00,2026-04-25T08:15:00+02:00,0,0,0,0,0,0,0,0,0,0,0,0,3,0,0,0,0,0,0,0,0,0,0
2026-04-25T08:15:00+02:00,2026-04-25T08:20:00+02:00,0,2,0,0,0,0,0,0,0,0,0,0,2,0,0,0,0,0,0,0,0,0,0
2026-04-25T08:20:00+02:00,2026-04-25T08:25:00+02:00,0,1,0,0,0,0,0,0,0,0,0,0,4,0,0,0,0,0,0,0,0,0,0
2026-04-25T08:25:00+02:00,2026-04-25T08:30:00+02:00,0,1,0,0,0,0,0,0,0,0,0,0,5,0,0,0,0,0,0,0,0,0,0
2026-04-25T08:30:00+02:00,2026-04-25T08:35:00+02:00,0,3,0,0,0,0,0,0,0,0,0,0,2,0,0,0,0,0,0,0,0,0,0
2026-04-25T08:35:00+02:00,2026-04-25T08:40:00+02:00,0,0,0,0,0,0,0,0,0,0,0,0,3,0,0,0,0,0,0,0,0,0,0
2026-04-25T08:40:00+02:00,2026-04-25T08:45:00+02:00,0,0,0,0,0,0,0,0,0,0,0,0,9,0,1,0,0,0,0,0,0,0,0
2026-04-25T08:45:00+02:00,2026-04-25T08:50:00+02:00,0,0,0,0,0,0,0,0,0,0,0,0,2,0,0,0,0,0,0,0,0,0,0
2026-04-25T08:50:00+02:00,2026-04-25T08:55:00+02:00,0,1,0,0,0,0,0,0,0,0,0,0,5,0,0,0,0,0,0,0,0,0,0
2026-04-25T08:55:00+02:00,2026-04-25T09:00:00+02:00,0,0,0,0,0,0,0,0,0,0,0,0,8,0,0,0,0,0,0,0,0,0,0
2026-04-25T09:00:00+02:00,2026-04-25T09:05:00+02:00,0,0,0,0,0,0,0,0,0,0,0,0,7,0,0,0,0,0,0,0,0,0,0
2026-04-25T09:05:00+02:00,2026-04-25T09:10:00+02:00,1,1,0,0,0,0,0,0,0,0,0,0,9,0,0,0,0,0,0,0,0,0,0
2026-04-25T09:10:00+02:00,2026-04-25T09:15:00+02:00,0,1,0,0,0,0,0,0,0,0,0,0,5,0,0,0,0,0,0,0,0,0,0
2026-04-25T09:15:00+02:00,2026-04-25T09:20:00+02:00,0,1,0,0,0,0,0,0,0,0,0,0,10,0,0,0,0,0,0,0,0,0,0
2026-04-25T09:20:00+02:00,2026-04-25T09:25:00+02:00,0,3,0,0,0,0,0,0,0,0,0,0,6,0,0,0,0,0,0,0,0,0,0
2026-04-25T09:25:00+02:00,2026-04-25T09:30:00+02:00,0,0,0,0,0,0,0,0,0,0,0,0,2,0,0,0,0,0,0,0,0,0,0
2026-04-25T09:30:00+02:00,2026-04-25T09:35:00+02:00,0,0,0,0,0,0,0,0,0,0,0,0,4,0,0,0,0,0,0,0,0,0,0
2026-04-25T09:35:00+02:00,2026-04-25T09:40:00+02:00,0,0,0,0,0,0,0,0,0,0,0,0,6,0,0,0,0,0,0,0,0,0,0
2026-04-25T09:40:00+02:00,2026-04-25T09:45:00+02:00,1,1,0,0,0,0,0,0,0,0,0,0,12,0,0,0,0,0,0,0,0,0,0
2026-04-25T09:45:00+02:00,2026-04-25T09:50:00+02:00,0,0,0,0,0,0,0,0,0,0,0,0,7,0,1,0,0,0,0,0,0,0,0
2026-04-25T09:50:00+02:00,2026-04-25T09:55:00+02:00,0,1,0,0,0,0,0,0,0,0,0,0,6,0,0,0,0,0,0,0,0,0,0
2026-04-25T09:55:00+02:00,2026-04-25T10:00:00+02:00,0,0,0,0,0,0,0,0,0,0,0,0,3,0,0,0,0,0,0,0,0,0,0
2026-04-25T10:00:00+02:00,2026-04-25T10:05:00+02:00,0,1,0,0,0,0,0,0,0,0,0,0,10,0,0,0,0,0,0,0,0,0,0
2026-04-25T10:05:00+02:00,2026-04-25T10:10:00+02:00,0,2,0,0,0,0,0,0,0,0,0,0,5,0,0,0,0,0,0,0,0,0,0
2026-04-25T10:10:00+02:00,2026-04-25T10:15:00+02:00,0,0,0,0,0,0,0,0,0,0,0,0,7,0,0,0,0,0,0,0,0,0,0
2026-04-25T10:15:00+02:00,2026-04-25T10:20:00+02:00,0,1,0,0,0,0,0,0,0,0,0,0,2,0,0,0,0,0,0,0,0,0,0
2026-04-25T10:20:00+02:00,2026-04-25T10:25:00+02:00,0,0,0,0,0,0,0,0,0,0,0,0,7,0,0,0,0,0,0,0,0,0,0
2026-04-25T10:25:00+02:00,2026-04-25T10:30:00+02:00,0,0,0,0,0,0,0,0,0,0,0,0,6,0,0,0,0,0,0,0,0,0,0
2026-04-25T10:30:00+02:00,2026-04-25T10:35:00+02:00,0,0,0,0,0,0,0,0,0,0,0,0,5,0,0,0,0,0,0,0,0,0,0
2026-04-25T10:35:00+02:00,2026-04-25T10:40:00+02:00,0,2,0,0,0,0,0,0,0,0,0,0,9,0,0,0,0,0,0,0,0,0,0
2026-04-25T10:40:00+02:00,2026-04-25T10:45:00+02:00,0,2,0,0,0,0,0,0,0,0,0,0,8,0,1,0,0,0,0,0,0,0,0
2026-04-25T10:45:00+02:00,2026-04-25T10:50:00+02:00,0,0,0,0,0,0,0,0,0,0,0,0,6,0,0,0,0,0,0,0,0,0,0
2026-04-25T10:50:00+02:00,2026-04-25T10:55:00+02:00,0,1,0,0,0,0,0,0,0,0,0,0,10,0,0,0,0,0,0,0,0,0,0
2026-04-25T10:55:00+02:00,2026-04-25T11:00:00+02:00,0,5,0,0,0,0,0,0,0,0,0,0,6,0,0,0,0,0,0,0,0,0,0
2026-04-25T11:00:00+02:00,2026-04-25T11:05:00+02:00,0,2,0,0,0,0,0,0,0,0,0,0,7,0,0,0,0,0,0,0,0,0,0
2026-04-25T11:05:00+02:00,2026-04-25T11:10:00+02:00,0,1,0,0,0,0,0,0,0,0,0,0,4,0,0,0,0,0,0,0,0,0,0
2026-04-25T11:10:00+02:00,2026-04-25T11:15:00+02:00,0,1,0,0,0,0,0,0,0,0,0,0,5,0,0,0,0,0,0,0,0,0,0
2026-04-25T11:15:00+02:00,2026-04-25T11:20:00+02:00,0,1,0,0,0,0,0,0,0,0,0,0,12,0,0,0,0,0,0,0,0,0,0
2026-04-25T11:20:00+02:00,2026-04-25T11:25:00+02:00,0,1,0,0,0,0,0,0,0,0,0,0,6,0,0,0,0,0,0,0,0,0,0
2026-04-25T11:25:00+02:00,2026-04-25T11:30:00+02:00,0,1,0,0,0,0,0,0,0,0,0,0,9,0,0,0,0,0,0,0,0,0,0
2026-04-25T11:30:00+02:00,2026-04-25T11:35:00+02:00,0,2,0,0,0,0,0,0,0,0,0,0,3,0,0,0,0,0,0,0,0,0,0
2026-04-25T11:35:00+02:00,2026-04-25T11:40:00+02:00,0,0,0,0,0,0,0,0,0,0,0,0,3,0,0,0,0,0,0,0,0,0,0
2026-04-25T11:40:00+02:00,2026-04-25T11:45:00+02:00,0,2,0,0,0,0,0,0,0,0,0,0,2,0,0,0,0,0,0,0,0,0,0
2026-04-25T11:45:00+02:00,2026-04-25T11:50:00+02:00,0,1,0,0,0,0,0,0,0,0,0,0,1,0,0,0,0,0,0,0,0,0,0
2026-04-25T11:50:00+02:00,2026-04-25T11:55:00+02:00,0,1,0,0,0,0,0,0,0,0,0,0,4,0,0,0,0,0,0,0,0,0,0
2026-04-25T11:55:00+02:00,2026-04-25T12:00:00+02:00,0,1,0,0,0,0,0,0,0,0,0,0,7,0,0,0,0,0,0,0,0,0,0
2026-04-25T12:00:00+02:00,2026-04-25T12:05:00+02:00,0,1,0,0,0,0,0,0,0,0,0,0,2,0,0,0,0,0,0,0,0,0,0
2026-04-25T12:05:00+02:00,2026-04-25T12:10:00+02:00,0,0,0,0,0,0,0,0,0,0,0,0,4,0,0,0,0,0,0,0,0,0,0
2026-04-25T12:10:00+02:00,2026-04-25T12:15:00+02:00,0,0,0,0,0,0,0,0,0,0,0,0,2,0,0,0,0,0,0,0,0,0,0
2026-04-25T12:15:00+02:00,2026-04-25T12:20:00+02:00,0,0,0,0,0,0,0,0,0,0,0,0,4,0,0,0,0,0,0,0,0,0,0
2026-04-25T12:20:00+02:00,2026-04-25T12:25:00+02:00,0,0,0,0,0,0,0,0,0,0,0,0,5,0,0,0,0,0,0,0,0,0,0
2026-04-25T12:25:00+02:00,2026-04-25T12:30:00+02:00,0,0,0,0,0,0,0,0,0,0,0,0,3,0,0,0,0,0,0,0,0,0,0
2026-04-25T12:30:00+02:00,2026-04-25T12:35:00+02:00,0,0,0,0,0,0,0,0,0,0,0,0,2,0,0,0,0,0,0,0,0,0,0
2026-04-25T12:35:00+02:00,2026-04-25T12:40:00+02:00,0,4,0,0,0,0,0,0,0,0,0,0,3,0,0,0,0,0,0,0,0,0,0
2026-04-25T12:40:00+02:00,2026-04-25T12:45:00+02:00,1,1,0,0,0,0,0,0,0,0,0,0,2,0,0,0,0,0,0,0,0,0,0
2026-04-25T12:45:00+02:00,2026-04-25T12:50:00+02:00,0,0,0,0,0,0,0,0,0,0,0,0,2,0,0,0,0,0,0,0,0,0,0
2026-04-25T12:50:00+02:00,2026-04-25T12:55:00+02:00,0,0,0,0,0,0,0,0,0,0,0,0,3,0,0,0,0,0,0,0,0,0,0
2026-04-25T12:55:00+02:00,2026-04-25T13:00:00+02:00,0,2,0,0,0,0,0,0,0,0,0,0,2,0,0,0,0,0,0,0,0,0,0
2026-04-25T13:00:00+02:00,2026-04-25T13:05:00+02:00,0,2,0,0,0,0,0,0,0,0,0,0,3,0,0,0,0,0,0,0,0,0,0
2026-04-25T13:05:00+02:00,2026-04-25T13:10:00+02:00,0,0,0,0,0,0,0,0,0,0,0,0,4,0,0,0,0,0,0,0,0,0,0
2026-04-25T13:10:00+02:00,2026-04-25T13:15:00+02:00,0,0,0,0,0,0,0,0,0,0,0,0,2,0,0,0,0,0,0,0,0,0,0
2026-04-25T13:15:00+02:00,2026-04-25T13:20:00+02:00,0,0,0,0,0,0,0,0,0,0,0,0,0,0,0,0,0,0,0,0,0,0,0
2026-04-25T13:20:00+02:00,2026-04-25T13:25:00+02:00,0,1,0,0,0,0,0,0,0,0,0,0,4,0,0,0,0,0,0,0,0,0,0
2026-04-25T13:25:00+02:00,2026-04-25T13:30:00+02:00,0,0,0,0,0,0,0,0,0,0,0,0,1,0,0,0,0,0,0,0,0,0,0
2026-04-25T13:30:00+02:00,2026-04-25T13:35:00+02:00,0,0,0,0,0,0,0,0,0,0,0,0,0,0,0,0,0,0,0,0,0,0,0
2026-04-25T13:35:00+02:00,2026-04-25T13:40:00+02:00,0,1,0,0,0,0,0,0,0,0,0,0,4,0,0,0,0,0,0,0,0,0,0
2026-04-25T13:40:00+02:00,2026-04-25T13:45:00+02:00,0,1,0,0,0,0,0,0,0,0,0,0,0,0,0,0,0,0,0,0,0,0,0
2026-04-25T13:45:00+02:00,2026-04-25T13:50:00+02:00,0,0,0,0,0,0,0,0,0,0,0,0,1,0,0,0,0,0,0,0,0,0,0
2026-04-25T13:50:00+02:00,2026-04-25T13:55:00+02:00,0,0,0,0,0,0,0,0,0,0,0,0,5,1,0,0,0,0,0,0,0,0,0
2026-04-25T13:55:00+02:00,2026-04-25T14:00:00+02:00,0,2,0,0,0,0,0,0,0,0,0,0,3,0,0,0,0,0,0,0,0,0,0
2026-04-25T14:00:00+02:00,2026-04-25T14:05:00+02:00,0,0,0,0,0,0,0,0,0,0,0,0,3,0,0,0,0,0,0,0,0,0,0
2026-04-25T14:05:00+02:00,2026-04-25T14:10:00+02:00,0,1,0,0,0,0,0,0,0,0,0,0,2,0,0,0,0,0,0,0,0,0,0
2026-04-25T14:10:00+02:00,2026-04-25T14:15:00+02:00,0,0,0,0,0,0,0,0,0,0,0,0,2,0,0,0,0,0,0,0,0,0,0
2026-04-25T14:15:00+02:00,2026-04-25T14:20:00+02:00,0,3,0,0,0,0,0,0,0,0,0,0,6,0,0,0,0,0,0,0,0,0,0
2026-04-25T14:20:00+02:00,2026-04-25T14:25:00+02:00,0,1,0,0,0,0,0,0,0,0,0,0,5,0,0,0,0,0,0,0,0,0,0
2026-04-25T14:25:00+02:00,2026-04-25T14:30:00+02:00,0,0,0,0,0,0,0,0,0,0,0,0,7,1,0,0,0,0,0,0,0,0,0
2026-04-25T14:30:00+02:00,2026-04-25T14:35:00+02:00,0,5,0,0,0,0,0,0,0,0,0,0,5,0,0,0,0,0,0,0,0,0,0
2026-04-25T14:35:00+02:00,2026-04-25T14:40:00+02:00,0,0,0,0,0,0,0,0,0,0,0,0,0,0,0,0,0,0,0,0,0,0,0
2026-04-25T14:40:00+02:00,2026-04-25T14:45:00+02:00,0,1,0,0,0,0,0,0,0,0,0,0,0,0,0,0,0,0,0,0,0,0,0
2026-04-25T14:45:00+02:00,2026-04-25T14:50:00+02:00,0,1,0,0,0,0,0,0,0,0,0,0,2,0,0,0,0,0,0,0,0,0,0
2026-04-25T14:50:00+02:00,2026-04-25T14:55:00+02:00,0,0,0,0,0,0,0,0,0,0,0,0,4,0,0,0,0,0,0,0,0,0,0
2026-04-25T14:55:00+02:00,2026-04-25T15:00:00+02:00,0,0,0,0,0,0,0,0,0,0,0,0,0,0,0,0,0,0,0,0,0,0,0
2026-04-25T15:00:00+02:00,2026-04-25T15:05:00+02:00,0,1,0,0,0,0,0,0,0,0,0,0,6,0,0,0,0,0,0,0,0,0,0
2026-04-25T15:05:00+02:00,2026-04-25T15:10:00+02:00,0,0,0,0,0,0,0,0,0,0,0,0,4,0,0,0,0,0,0,0,0,0,0
2026-04-25T15:10:00+02:00,2026-04-25T15:15:00+02:00,0,0,0,0,0,0,0,0,0,0,0,0,9,0,0,0,0,0,0,0,0,0,0
2026-04-25T15:15:00+02:00,2026-04-25T15:20:00+02:00,0,0,0,0,0,0,0,0,0,0,0,0,4,0,0,0,0,0,0,0,0,0,0
2026-04-25T15:20:00+02:00,2026-04-25T15:25:00+02:00,0,0,0,0,0,0,0,0,0,0,0,0,0,0,0,0,0,0,0,0,0,0,0
2026-04-25T15:25:00+02:00,2026-04-25T15:30:00+02:00,0,0,0,0,0,0,0,0,0,0,0,0,1,0,0,0,0,0,0,0,0,0,0
2026-04-25T15:30:00+02:00,2026-04-25T15:35:00+02:00,0,1,0,0,0,0,0,0,0,0,1,0,4,0,0,0,0,0,0,0,0,0,0
2026-04-25T15:35:00+02:00,2026-04-25T15:40:00+02:00,0,0,0,0,0,0,0,0,0,0,0,0,5,0,0,0,0,0,0,0,0,0,0
2026-04-25T15:40:00+02:00,2026-04-25T15:45:00+02:00,0,0,0,0,0,0,0,0,0,0,0,0,1,0,1,0,0,0,0,0,0,0,0
2026-04-25T15:45:00+02:00,2026-04-25T15:50:00+02:00,0,0,0,0,0,0,0,0,0,0,0,0,6,0,0,0,0,0,0,0,0,0,0
2026-04-25T15:50:00+02:00,2026-04-25T15:55:00+02:00,0,0,0,0,0,0,0,0,0,0,0,0,3,0,0,0,0,0,0,0,0,0,0
2026-04-25T15:55:00+02:00,2026-04-25T16:00:00+02:00,0,1,0,0,0,0,0,0,0,0,0,0,0,0,0,0,0,0,0,0,0,0,0
2026-04-25T16:00:00+02:00,2026-04-25T16:05:00+02:00,0,0,0,0,0,0,0,0,0,0,0,0,0,0,0,0,0,0,0,0,0,0,0
2026-04-25T16:05:00+02:00,2026-04-25T16:10:00+02:00,0,2,0,0,0,0,0,0,0,0,0,0,3,0,0,0,0,0,0,0,0,0,0
2026-04-25T16:10:00+02:00,2026-04-25T16:15:00+02:00,0,0,0,0,0,0,0,0,0,0,0,0,4,0,0,0,0,0,0,0,0,0,0
2026-04-25T16:15:00+02:00,2026-04-25T16:20:00+02:00,0,0,0,0,0,0,0,0,0,0,0,0,4,1,0,0,0,0,0,0,0,0,0
2026-04-25T16:20:00+02:00,2026-04-25T16:25:00+02:00,1,0,0,0,0,0,0,0,0,0,0,0,4,0,0,0,0,0,0,0,0,0,0
2026-04-25T16:25:00+02:00,2026-04-25T16:30:00+02:00,0,0,0,0,0,0,0,0,0,0,0,0,2,0,0,0,0,0,0,0,0,0,0
2026-04-25T16:30:00+02:00,2026-04-25T16:35:00+02:00,0,0,0,0,0,0,0,0,0,0,0,0,3,0,1,0,0,0,0,0,0,0,0
2026-04-25T16:35:00+02:00,2026-04-25T16:40:00+02:00,0,0,0,0,0,0,0,0,0,0,0,0,1,0,0,0,0,0,0,0,0,0,0
2026-04-25T16:40:00+02:00,2026-04-25T16:45:00+02:00,0,3,0,0,0,0,0,0,0,0,0,0,3,0,0,0,0,0,0,0,0,0,0
2026-04-25T16:45:00+02:00,2026-04-25T16:50:00+02:00,0,1,0,0,0,0,0,0,0,0,0,0,2,0,0,0,0,0,0,0,0,0,0
2026-04-25T16:50:00+02:00,2026-04-25T16:55:00+02:00,0,0,0,0,0,0,0,0,0,0,0,0,0,0,0,0,0,0,0,0,0,0,0
2026-04-25T16:55:00+02:00,2026-04-25T17:00:00+02:00,0,0,0,0,0,0,0,0,0,0,0,0,1,0,0,0,0,0,0,0,0,0,0
2026-04-25T17:00:00+02:00,2026-04-25T17:05:00+02:00,0,0,0,0,0,0,0,0,0,0,0,0,7,0,0,0,0,0,0,0,0,0,0
2026-04-25T17:05:00+02:00,2026-04-25T17:10:00+02:00,0,1,0,0,0,0,0,0,0,0,0,0,2,0,0,0,0,0,0,0,0,0,0
2026-04-25T17:10:00+02:00,2026-04-25T17:15:00+02:00,0,0,0,0,0,0,0,0,0,0,0,0,6,0,0,0,0,0,0,0,0,0,0
2026-04-25T17:15:00+02:00,2026-04-25T17:20:00+02:00,0,3,0,0,0,0,0,0,0,0,0,0,8,0,0,0,0,0,0,0,0,0,0
2026-04-25T17:20:00+02:00,2026-04-25T17:25:00+02:00,0,0,0,0,0,0,0,0,0,0,0,0,0,0,0,0,0,0,0,0,0,0,0
2026-04-25T17:25:00+02:00,2026-04-25T17:30:00+02:00,0,1,0,0,0,0,0,0,0,0,0,0,3,0,0,0,0,0,0,0,0,0,0
2026-04-25T17:30:00+02:00,2026-04-25T17:35:00+02:00,0,0,0,0,0,0,0,0,0,0,0,0,2,0,0,0,0,0,0,0,0,0,0
2026-04-25T17:35:00+02:00,2026-04-25T17:40:00+02:00,0,2,0,0,0,0,0,0,0,0,0,0,0,0,0,0,0,0,0,0,0,0,0
2026-04-25T17:40:00+02:00,2026-04-25T17:45:00+02:00,0,0,0,0,0,0,0,0,0,0,0,0,3,0,0,0,0,0,0,0,0,0,0
2026-04-25T17:45:00+02:00,2026-04-25T17:50:00+02:00,1,1,0,0,0,0,0,0,0,0,0,0,2,0,0,0,0,0,0,0,0,0,0
2026-04-25T17:50:00+02:00,2026-04-25T17:55:00+02:00,0,1,0,0,0,0,0,0,0,0,0,0,1,0,0,0,0,0,0,0,0,0,0
2026-04-25T17:55:00+02:00,2026-04-25T18:00:00+02:00,0,1,0,0,0,0,0,0,0,0,0,0,2,0,0,0,0,0,0,0,0,0,0
2026-04-25T18:00:00+02:00,2026-04-25T18:05:00+02:00,0,0,0,0,0,0,0,0,0,0,0,0,5,0,0,0,0,0,0,0,0,0,0
2026-04-25T18:05:00+02:00,2026-04-25T18:10:00+02:00,0,1,0,0,0,0,0,0,0,0,0,0,9,0,0,0,0,0,0,0,0,0,0
2026-04-25T18:10:00+02:00,2026-04-25T18:15:00+02:00,0,1,0,0,0,0,0,0,0,0,0,0,0,0,0,0,0,0,0,0,0,0,0
2026-04-25T18:15:00+02:00,2026-04-25T18:20:00+02:00,0,1,0,0,0,0,0,0,0,0,0,0,1,0,0,0,0,0,0,0,0,0,0
2026-04-25T18:20:00+02:00,2026-04-25T18:25:00+02:00,0,0,0,0,0,0,0,0,0,0,0,0,3,0,0,0,0,0,0,0,0,0,0
2026-04-25T18:25:00+02:00,2026-04-25T18:30:00+02:00,1,0,0,0,0,0,0,0,0,0,0,0,4,0,0,0,0,0,0,0,0,0,0
2026-04-25T18:30:00+02:00,2026-04-25T18:35:00+02:00,0,2,0,0,0,0,0,0,0,0,0,0,0,0,0,0,0,0,0,0,0,0,0
2026-04-25T18:35:00+02:00,2026-04-25T18:40:00+02:00,0,1,0,0,0,0,0,0,0,0,0,0,1,0,0,0,0,0,0,0,0,0,0
2026-04-25T18:40:00+02:00,2026-04-25T18:45:00+02:00,0,0,0,0,0,0,0,0,0,0,0,0,2,0,1,0,0,0,0,0,0,0,0
2026-04-25T18:45:00+02:00,2026-04-25T18:50:00+02:00,0,0,0,0,0,0,0,0,0,0,0,0,5,0,1,0,0,0,0,0,0,0,0
2026-04-25T18:50:00+02:00,2026-04-25T18:55:00+02:00,0,1,0,0,0,0,0,0,0,0,0,0,3,0,0,0,0,0,0,0,0,0,0
2026-04-25T18:55:00+02:00,2026-04-25T19:00:00+02:00,0,1,0,0,0,0,0,0,0,0,0,0,0,0,0,0,0,0,0,0,0,0,0
2026-04-25T19:00:00+02:00,2026-04-25T19:05:00+02:00,0,0,0,0,0,0,0,0,0,0,0,0,1,0,0,0,0,0,0,0,0,0,0
2026-04-25T19:05:00+02:00,2026-04-25T19:10:00+02:00,0,1,0,0,0,0,0,0,0,0,0,0,0,0,0,0,0,0,0,0,0,0,0
2026-04-25T19:10:00+02:00,2026-04-25T19:15:00+02:00,0,3,0,0,0,0,0,0,0,0,0,0,0,0,0,0,0,0,0,0,0,0,0
2026-04-25T19:15:00+02:00,2026-04-25T19:20:00+02:00,0,1,0,0,0,0,0,0,0,0,0,0,4,0,0,0,0,0,0,0,0,0,0
2026-04-25T19:20:00+02:00,2026-04-25T19:25:00+02:00,0,0,0,0,0,0,0,0,0,0,0,0,6,0,0,0,0,0,0,0,0,0,0
2026-04-25T19:25:00+02:00,2026-04-25T19:30:00+02:00,0,0,0,0,0,0,0,0,0,0,0,0,1,0,0,0,0,0,0,0,0,0,0
2026-04-25T19:30:00+02:00,2026-04-25T19:35:00+02:00,0,2,0,0,0,0,0,0,0,0,0,0,1,0,0,0,0,0,0,0,0,0,0
2026-04-25T19:35:00+02:00,2026-04-25T19:40:00+02:00,0,2,0,0,0,0,0,0,0,0,0,0,2,0,0,0,0,0,0,0,0,0,0
2026-04-25T19:40:00+02:00,2026-04-25T19:45:00+02:00,0,1,0,0,0,0,0,0,0,0,0,0,0,0,0,0,0,0,0,0,0,0,0
2026-04-25T19:45:00+02:00,2026-04-25T19:50:00+02:00,0,0,0,0,0,0,0,0,0,0,0,0,1,0,0,0,0,0,0,0,0,0,0
2026-04-25T19:50:00+02:00,2026-04-25T19:55:00+02:00,0,0,0,0,0,0,0,0,0,0,0,0,0,0,0,0,0,0,0,0,0,0,0
2026-04-25T19:55:00+02:00,2026-04-25T20:00:00+02:00,0,0,0,0,0,0,0,0,0,0,0,0,1,0,0,0,0,0,0,0,0,0,0
2026-04-25T20:00:00+02:00,2026-04-25T20:05:00+02:00,0,0,0,0,0,0,0,0,0,0,0,0,2,0,0,0,0,0,0,0,0,0,0
2026-04-25T20:05:00+02:00,2026-04-25T20:10:00+02:00,0,1,0,0,0,0,0,0,0,0,0,0,2,0,0,0,0,0,0,0,0,0,0
2026-04-25T20:10:00+02:00,2026-04-25T20:15:00+02:00,0,0,0,0,0,0,0,0,0,0,0,0,0,0,0,0,0,0,0,0,0,0,0
2026-04-25T20:15:00+02:00,2026-04-25T20:20:00+02:00,0,0,0,0,0,0,0,0,0,0,0,0,6,0,0,0,0,0,0,0,0,0,0
2026-04-25T20:20:00+02:00,2026-04-25T20:25:00+02:00,1,0,0,0,0,0,0,0,0,0,0,0,2,0,0,0,0,0,0,0,0,0,0
2026-04-25T20:25:00+02:00,2026-04-25T20:30:00+02:00,1,0,0,0,0,0,0,0,0,0,0,0,1,0,0,0,0,0,0,0,0,0,0
2026-04-25T20:30:00+02:00,2026-04-25T20:35:00+02:00,0,0,0,0,0,0,0,0,0,0,0,0,0,0,0,0,0,0,0,0,0,0,0
2026-04-25T20:35:00+02:00,2026-04-25T20:40:00+02:00,0,0,0,0,0,0,0,0,0,0,0,0,2,0,0,0,0,0,0,0,0,0,0
2026-04-25T20:40:00+02:00,2026-04-25T20:45:00+02:00,0,2,0,0,0,0,0,0,0,0,0,0,4,0,0,0,0,0,0,0,0,0,0
2026-04-25T20:45:00+02:00,2026-04-25T20:50:00+02:00,0,0,0,0,0,0,0,0,0,0,0,0,1,0,0,0,0,0,0,0,0,0,0
2026-04-25T20:50:00+02:00,2026-04-25T20:55:00+02:00,0,0,0,0,0,0,0,0,0,0,0,0,3,0,0,0,0,0,0,0,0,0,0
2026-04-25T20:55:00+02:00,2026-04-25T21:00:00+02:00,0,0,0,0,0,0,0,0,0,0,0,0,0,0,0,0,0,0,0,0,0,0,0
2026-04-25T21:00:00+02:00,2026-04-25T21:05:00+02:00,0,0,0,0,0,0,0,0,0,0,0,0,0,0,0,0,0,0,0,0,0,0,0
2026-04-25T21:05:00+02:00,2026-04-25T21:10:00+02:00,0,0,0,0,0,0,0,0,0,0,0,0,2,0,0,0,0,0,0,0,0,0,0
2026-04-25T21:10:00+02:00,2026-04-25T21:15:00+02:00,0,0,0,0,0,0,0,0,0,0,0,0,6,0,0,0,0,0,0,0,0,0,0
2026-04-25T21:15:00+02:00,2026-04-25T21:20:00+02:00,0,0,0,0,0,0,0,0,0,0,0,0,2,0,0,0,0,0,0,0,0,0,0
2026-04-25T21:20:00+02:00,2026-04-25T21:25:00+02:00,0,0,0,0,0,0,0,0,0,0,0,0,2,0,0,0,0,0,0,0,0,0,0
2026-04-25T21:25:00+02:00,2026-04-25T21:30:00+02:00,0,0,0,0,0,0,0,0,0,0,0,0,0,0,0,0,0,0,0,0,0,0,0
2026-04-25T21:30:00+02:00,2026-04-25T21:35:00+02:00,0,0,0,0,0,0,0,0,0,0,0,0,0,0,0,0,0,0,0,0,0,0,0
2026-04-25T21:35:00+02:00,2026-04-25T21:40:00+02:00,0,0,0,0,0,0,0,0,0,0,0,0,2,0,0,0,0,0,0,0,0,0,0
2026-04-25T21:40:00+02:00,2026-04-25T21:45:00+02:00,0,0,0,0,0,0,0,0,0,0,0,0,3,0,0,0,0,0,0,0,0,0,0
2026-04-25T21:45:00+02:00,2026-04-25T21:50:00+02:00,0,0,0,0,0,0,0,0,0,0,0,0,0,0,0,0,0,0,0,0,0,0,0
2026-04-25T21:50:00+02:00,2026-04-25T21:55:00+02:00,0,0,0,0,0,0,0,0,0,0,0,0,4,0,0,0,0,0,0,0,0,0,0
2026-04-25T21:55:00+02:00,2026-04-25T22:00:00+02:00,0,0,0,0,0,0,0,0,0,0,0,0,3,0,0,0,0,0,0,0,0,0,0
2026-04-25T22:00:00+02:00,2026-04-25T22:05:00+02:00,0,0,0,0,0,0,0,0,0,0,0,0,0,0,0,0,0,0,0,0,0,0,0
2026-04-25T22:05:00+02:00,2026-04-25T22:10:00+02:00,0,0,0,0,0,0,0,0,0,0,0,0,0,0,0,0,0,0,0,0,0,0,0
2026-04-25T22:10:00+02:00,2026-04-25T22:15:00+02:00,0,0,0,0,0,0,0,0,0,0,0,0,0,0,0,0,0,0,0,0,0,0,0
2026-04-25T22:15:00+02:00,2026-04-25T22:20:00+02:00,0,0,0,0,0,0,0,0,0,0,0,0,0,0,0,0,0,0,0,0,0,0,0
2026-04-25T22:20:00+02:00,2026-04-25T22:25:00+02:00,0,0,0,0,0,0,0,0,0,0,0,0,2,0,0,0,0,0,0,0,0,0,0
2026-04-25T22:25:00+02:00,2026-04-25T22:30:00+02:00,0,0,0,0,0,0,0,0,0,0,0,0,0,0,0,0,0,0,0,0,0,0,0
2026-04-25T22:30:00+02:00,2026-04-25T22:35:00+02:00,0,0,0,0,0,0,0,0,0,0,0,0,1,0,0,0,0,0,0,0,0,0,0
2026-04-25T22:35:00+02:00,2026-04-25T22:40:00+02:00,0,0,0,0,0,0,0,0,0,0,0,0,0,0,0,0,0,0,0,0,0,0,0
2026-04-25T22:40:00+02:00,2026-04-25T22:45:00+02:00,0,0,0,0,0,0,0,0,0,0,0,0,0,0,0,0,0,0,0,0,0,0,0
2026-04-25T22:45:00+02:00,2026-04-25T22:50:00+02:00,0,0,0,0,0,0,0,0,0,0,0,0,0,0,0,0,0,0,0,0,0,0,0
2026-04-25T22:50:00+02:00,2026-04-25T22:55:00+02:00,0,0,0,0,0,0,0,0,0,0,0,0,0,0,0,0,0,0,0,0,0,0,0
2026-04-25T22:55:00+02:00,2026-04-25T23:00:00+02:00,0,0,0,0,0,0,0,0,0,0,0,0,3,0,0,0,0,0,0,0,0,0,0
2026-04-25T23:00:00+02:00,2026-04-25T23:05:00+02:00,0,0,0,0,0,0,0,0,0,0,0,0,0,0,0,0,0,0,0,0,0,0,0
2026-04-25T23:05:00+02:00,2026-04-25T23:10:00+02:00,0,0,0,0,0,0,0,0,0,0,0,0,2,0,0,0,0,0,0,0,0,0,0
2026-04-25T23:10:00+02:00,2026-04-25T23:15:00+02:00,0,0,0,0,0,0,0,0,0,0,0,0,4,0,0,0,0,0,0,0,0,0,0
2026-04-25T23:15:00+02:00,2026-04-25T23:20:00+02:00,0,0,0,0,0,0,0,0,0,0,0,0,0,0,0,0,0,0,0,0,0,0,0
2026-04-25T23:20:00+02:00,2026-04-25T23:25:00+02:00,0,0,0,0,0,0,0,0,0,0,0,0,2,0,0,0,0,0,0,0,0,0,0
2026-04-25T23:25:00+02:00,2026-04-25T23:30:00+02:00,0,0,0,0,0,0,0,0,0,0,0,0,3,0,0,0,0,0,0,0,0,0,0
2026-04-25T23:30:00+02:00,2026-04-25T23:35:00+02:00,0,0,0,0,0,0,0,0,0,0,0,0,1,0,0,0,0,0,0,0,0,0,0
2026-04-25T23:35:00+02:00,2026-04-25T23:40:00+02:00,0,0,0,0,0,0,0,0,0,0,0,0,2,0,0,0,0,0,0,0,0,0,0
2026-04-25T23:40:00+02:00,2026-04-25T23:45:00+02:00,0,0,0,0,0,0,0,0,0,0,0,0,2,0,0,0,0,0,0,0,0,0,0
2026-04-25T23:45:00+02:00,2026-04-25T23:50:00+02:00,0,0,0,0,0,0,0,0,0,0,0,0,0,0,0,0,0,0,0,0,0,0,0
2026-04-25T23:50:00+02:00,2026-04-25T23:55:00+02:00,0,0,0,0,0,0,0,0,0,0,0,0,0,0,0,0,0,0,0,0,0,0,0
2026-04-25T23:55:00+02:00,2026-04-26T00:00:00+02:00,0,0,0,0,0,0,0,0,0,0,0,0,0,0,0,0,0,0,0,0,0,0,0
2026-04-26T00:00:00+02:00,2026-04-26T00:05:00+02:00,0,0,0,0,0,0,0,0,0,0,0,0,0,0,0,0,0,0,0,0,0,0,0
2026-04-26T00:05:00+02:00,2026-04-26T00:10:00+02:00,0,0,0,0,0,0,0,0,0,0,0,0,1,0,0,0,0,0,0,0,0,0,0
2026-04-26T00:10:00+02:00,2026-04-26T00:15:00+02:00,0,0,0,0,0,0,0,0,0,0,0,0,1,0,0,0,0,0,0,0,0,0,0
2026-04-26T00:15:00+02:00,2026-04-26T00:20:00+02:00,0,1,0,0,0,0,0,0,0,0,0,0,0,0,0,0,0,0,0,0,0,0,0
2026-04-26T00:20:00+02:00,2026-04-26T00:25:00+02:00,0,0,0,0,0,0,0,0,0,0,0,0,0,0,0,0,0,0,0,0,0,0,0
2026-04-26T00:25:00+02:00,2026-04-26T00:30:00+02:00,0,0,0,0,0,0,0,0,0,0,0,0,0,0,0,0,0,0,0,0,0,0,0
2026-04-26T00:30:00+02:00,2026-04-26T00:35:00+02:00,0,0,0,0,0,0,0,0,0,0,0,0,0,0,0,0,0,0,0,0,0,0,0
2026-04-26T00:35:00+02:00,2026-04-26T00:40:00+02:00,0,0,0,0,0,0,0,0,0,0,0,0,0,0,0,0,0,0,0,0,0,0,0
2026-04-26T00:40:00+02:00,2026-04-26T00:45:00+02:00,0,0,0,0,0,0,0,0,0,0,0,0,0,0,0,0,0,0,0,0,0,0,0
2026-04-26T00:45:00+02:00,2026-04-26T00:50:00+02:00,0,0,0,0,0,0,0,0,0,0,0,0,0,0,0,0,0,0,0,0,0,0,0
2026-04-26T00:50:00+02:00,2026-04-26T00:55:00+02:00,0,0,0,0,0,0,0,0,0,0,0,0,0,0,0,0,0,0,0,0,0,0,0
2026-04-26T00:55:00+02:00,2026-04-26T01:00:00+02:00,0,0,0,0,0,0,0,0,0,0,0,0,2,0,0,0,0,0,0,0,0,0,0
2026-04-26T01:00:00+02:00,2026-04-26T01:05:00+02:00,0,0,0,0,0,0,0,0,0,0,0,0,0,0,0,0,0,0,0,0,0,0,0
2026-04-26T01:05:00+02:00,2026-04-26T01:10:00+02:00,0,0,0,0,0,0,0,0,0,0,0,0,0,0,0,0,0,0,0,0,0,0,0
2026-04-26T01:10:00+02:00,2026-04-26T01:15:00+02:00,0,0,0,0,0,0,0,0,0,0,0,0,0,0,0,0,0,0,0,0,0,0,0
2026-04-26T01:15:00+02:00,2026-04-26T01:20:00+02:00,0,0,0,0,0,0,0,0,0,0,0,0,0,0,0,0,0,0,0,0,0,0,0
2026-04-26T01:20:00+02:00,2026-04-26T01:25:00+02:00,0,0,0,0,0,0,0,0,0,0,0,0,2,0,0,0,0,0,0,0,0,0,0
2026-04-26T01:25:00+02:00,2026-04-26T01:30:00+02:00,0,0,0,0,0,0,0,0,0,0,0,0,0,0,0,0,0,0,0,0,0,0,0
2026-04-26T01:30:00+02:00,2026-04-26T01:35:00+02:00,0,0,0,0,0,0,0,0,0,0,0,0,0,0,0,0,0,0,0,0,0,0,0
2026-04-26T01:35:00+02:00,2026-04-26T01:40:00+02:00,0,0,0,0,0,0,0,0,0,0,0,0,0,0,0,0,0,0,0,0,0,0,0
2026-04-26T01:40:00+02:00,2026-04-26T01:45:00+02:00,0,0,0,0,0,0,0,0,0,0,0,0,0,0,0,0,0,0,0,0,0,0,0
2026-04-26T01:45:00+02:00,2026-04-26T01:50:00+02:00,0,0,0,0,0,0,0,0,0,0,0,0,0,0,0,0,0,0,0,0,0,0,0
2026-04-26T01:50:00+02:00,2026-04-26T01:55:00+02:00,0,0,0,0,0,0,0,0,0,0,0,0,0,0,0,0,0,0,0,0,0,0,0
2026-04-26T01:55:00+02:00,2026-04-26T02:00:00+02:00,0,0,0,0,0,0,0,0,0,0,0,0,1,0,0,0,0,0,0,0,0,0,0
2026-04-26T02:00:00+02:00,2026-04-26T02:05:00+02:00,0,0,0,0,0,0,0,0,0,0,0,0,0,0,0,0,0,0,0,0,0,0,0
2026-04-26T02:05:00+02:00,2026-04-26T02:10:00+02:00,0,0,0,0,0,0,0,0,0,0,0,0,0,0,0,0,0,0,0,0,0,0,0
2026-04-26T02:10:00+02:00,2026-04-26T02:15:00+02:00,0,0,0,0,0,0,0,0,0,0,0,0,0,0,0,0,0,0,0,0,0,0,0
2026-04-26T02:15:00+02:00,2026-04-26T02:20:00+02:00,0,0,0,0,0,0,0,0,0,0,0,0,0,0,0,0,0,0,0,0,0,0,0
2026-04-26T02:20:00+02:00,2026-04-26T02:25:00+02:00,0,0,0,0,0,0,0,0,0,0,0,0,0,0,0,0,0,0,0,0,0,0,0
2026-04-26T02:25:00+02:00,2026-04-26T02:30:00+02:00,0,0,0,0,0,0,0,0,0,0,0,0,1,0,0,0,0,0,0,0,0,0,0
2026-04-26T02:30:00+02:00,2026-04-26T02:35:00+02:00,0,0,0,0,0,0,0,0,0,0,0,0,5,0,0,0,0,0,0,0,0,0,0
2026-04-26T02:35:00+02:00,2026-04-26T02:40:00+02:00,0,0,0,0,0,0,0,0,0,0,0,0,2,0,0,0,0,0,0,0,0,0,0
2026-04-26T02:40:00+02:00,2026-04-26T02:45:00+02:00,0,0,0,0,0,0,0,0,0,0,0,0,0,0,0,0,0,0,0,0,0,0,0
2026-04-26T02:45:00+02:00,2026-04-26T02:50:00+02:00,0,0,0,0,0,0,0,0,0,0,0,0,0,0,0,0,0,0,0,0,0,0,0
2026-04-26T02:50:00+02:00,2026-04-26T02:55:00+02:00,0,0,0,0,0,0,0,0,0,0,0,0,0,0,0,0,0,0,0,0,0,0,0
2026-04-26T02:55:00+02:00,2026-04-26T03:00:00+02:00,0,0,0,0,0,0,0,0,0,0,0,0,0,0,0,0,0,0,0,0,0,0,0
2026-04-26T03:00:00+02:00,2026-04-26T03:05:00+02:00,0,0,0,0,0,0,0,0,0,0,0,0,0,0,0,0,0,0,0,0,0,0,0
2026-04-26T03:05:00+02:00,2026-04-26T03:10:00+02:00,0,0,0,0,0,0,0,0,0,0,0,0,0,0,0,0,0,0,0,0,0,0,0
2026-04-26T03:10:00+02:00,2026-04-26T03:15:00+02:00,0,0,0,0,0,0,0,0,0,0,0,0,0,0,0,0,0,0,0,0,0,0,0
2026-04-26T03:15:00+02:00,2026-04-26T03:20:00+02:00,0,0,0,0,0,0,0,0,0,0,0,0,0,0,0,0,0,0,0,0,0,0,0
2026-04-26T03:20:00+02:00,2026-04-26T03:25:00+02:00,0,0,0,0,0,0,0,0,0,0,0,0,0,0,0,0,0,0,0,0,0,0,0
2026-04-26T03:25:00+02:00,2026-04-26T03:30:00+02:00,0,0,0,0,0,0,0,0,0,0,0,0,0,0,0,0,0,0,0,0,0,0,0
2026-04-26T03:30:00+02:00,2026-04-26T03:35:00+02:00,0,0,0,0,0,0,0,0,0,0,0,0,0,0,0,0,0,0,0,0,0,0,0
2026-04-26T03:35:00+02:00,2026-04-26T03:40:00+02:00,0,0,0,0,0,0,0,0,0,0,0,0,0,0,0,0,0,0,0,0,0,0,0
2026-04-26T03:40:00+02:00,2026-04-26T03:45:00+02:00,0,0,0,0,0,0,0,0,0,0,0,0,0,0,0,0,0,0,0,0,0,0,0
2026-04-26T03:45:00+02:00,2026-04-26T03:50:00+02:00,0,0,0,0,0,0,0,0,0,0,0,0,0,0,0,0,0,0,0,0,0,0,0
2026-04-26T03:50:00+02:00,2026-04-26T03:55:00+02:00,0,0,0,0,0,0,0,0,0,0,0,0,0,0,0,0,0,0,0,0,0,0,0
2026-04-26T03:55:00+02:00,2026-04-26T04:00:00+02:00,0,0,0,0,0,0,0,0,0,0,0,0,0,0,0,0,0,0,0,0,0,0,0
2026-04-26T04:00:00+02:00,2026-04-26T04:05:00+02:00,0,0,0,0,0,0,0,0,0,0,0,0,0,0,0,0,0,0,0,0,0,0,0
2026-04-26T04:05:00+02:00,2026-04-26T04:10:00+02:00,0,0,0,0,0,0,0,0,0,0,0,0,0,0,0,0,0,0,0,0,0,0,0
2026-04-26T04:10:00+02:00,2026-04-26T04:15:00+02:00,0,0,0,0,0,0,0,0,0,0,0,0,0,0,0,0,0,0,0,0,0,0,0
2026-04-26T04:15:00+02:00,2026-04-26T04:20:00+02:00,0,0,0,0,0,0,0,0,0,0,0,0,0,0,0,0,0,0,0,0,0,0,0
2026-04-26T04:20:00+02:00,2026-04-26T04:25:00+02:00,0,0,0,0,0,0,0,0,0,0,0,0,0,0,0,0,0,0,0,0,0,0,0
2026-04-26T04:25:00+02:00,2026-04-26T04:30:00+02:00,0,0,0,0,0,0,0,0,0,0,0,0,0,0,0,0,0,0,0,0,0,0,0
2026-04-26T04:30:00+02:00,2026-04-26T04:35:00+02:00,0,0,0,0,0,0,0,0,0,0,0,0,1,0,0,0,0,0,0,0,0,0,0
2026-04-26T04:35:00+02:00,2026-04-26T04:40:00+02:00,0,0,0,0,0,0,0,0,0,0,0,0,0,0,0,0,0,0,0,0,0,0,0
2026-04-26T04:40:00+02:00,2026-04-26T04:45:00+02:00,0,0,0,0,0,0,0,0,0,0,0,0,0,0,0,0,0,0,0,0,0,0,0
2026-04-26T04:45:00+02:00,2026-04-26T04:50:00+02:00,0,0,0,0,0,0,0,0,0,0,0,0,0,0,0,0,0,0,0,0,0,0,0
2026-04-26T04:50:00+02:00,2026-04-26T04:55:00+02:00,0,0,0,0,0,0,0,0,0,0,0,0,1,0,0,0,0,0,0,0,0,0,0
2026-04-26T04:55:00+02:00,2026-04-26T05:00:00+02:00,0,0,0,0,0,0,0,0,0,0,0,0,0,0,0,0,0,0,0,0,0,0,0
2026-04-26T05:00:00+02:00,2026-04-26T05:05:00+02:00,0,0,0,0,0,0,0,0,0,0,0,0,0,0,0,0,0,0,0,0,0,0,0
2026-04-26T05:05:00+02:00,2026-04-26T05:10:00+02:00,0,0,0,0,0,0,0,0,0,0,0,0,0,0,0,0,0,0,0,0,0,0,0
2026-04-26T05:10:00+02:00,2026-04-26T05:15:00+02:00,0,0,0,0,0,0,0,0,0,0,0,0,0,0,0,0,0,0,0,0,0,0,0
2026-04-26T05:15:00+02:00,2026-04-26T05:20:00+02:00,0,0,0,0,0,0,0,0,0,0,0,0,0,0,0,0,0,0,0,0,0,0,0
2026-04-26T05:20:00+02:00,2026-04-26T05:25:00+02:00,0,1,0,0,0,0,0,0,0,0,0,0,1,0,0,0,0,0,0,0,0,0,0
2026-04-26T05:25:00+02:00,2026-04-26T05:30:00+02:00,0,0,0,0,0,0,0,0,0,0,0,0,0,0,0,0,0,0,0,0,0,0,0
2026-04-26T05:30:00+02:00,2026-04-26T05:35:00+02:00,0,0,0,0,0,0,0,0,0,0,0,0,3,0,0,0,0,0,0,0,0,0,0
2026-04-26T05:35:00+02:00,2026-04-26T05:40:00+02:00,0,0,0,0,0,0,0,0,0,0,0,0,1,0,0,0,0,0,0,0,0,0,0
2026-04-26T05:40:00+02:00,2026-04-26T05:45:00+02:00,0,0,0,0,0,0,0,0,0,0,0,0,0,0,0,0,0,0,0,0,0,0,0
2026-04-26T05:45:00+02:00,2026-04-26T05:50:00+02:00,0,0,0,0,0,0,0,0,0,0,0,0,0,0,0,0,0,0,0,0,0,0,0
2026-04-26T05:50:00+02:00,2026-04-26T05:55:00+02:00,0,0,0,0,0,0,0,0,0,0,0,0,0,0,0,0,0,0,0,0,0,0,0
2026-04-26T05:55:00+02:00,2026-04-26T06:00:00+02:00,0,0,0,0,0,0,0,0,0,0,0,0,0,0,0,0,0,0,0,0,0,0,0
2026-04-26T06:00:00+02:00,2026-04-26T06:05:00+02:00,0,0,0,0,0,0,0,0,0,0,0,0,1,0,0,0,0,0,0,0,0,0,0
2026-04-26T06:05:00+02:00,2026-04-26T06:10:00+02:00,0,0,0,0,0,0,0,0,0,0,0,0,0,0,0,0,0,0,0,0,0,0,0
2026-04-26T06:10:00+02:00,2026-04-26T06:15:00+02:00,0,0,0,0,0,0,0,0,0,0,0,0,0,0,0,0,0,0,0,0,0,0,0
2026-04-26T06:15:00+02:00,2026-04-26T06:20:00+02:00,0,0,0,0,0,0,0,0,0,0,0,0,1,0,0,0,0,0,0,0,0,0,0
2026-04-26T06:20:00+02:00,2026-04-26T06:25:00+02:00,0,0,0,0,0,0,0,0,0,0,0,0,0,0,0,0,0,0,0,0,0,0,0
2026-04-26T06:25:00+02:00,2026-04-26T06:30:00+02:00,0,0,0,0,0,0,0,0,0,0,0,0,1,0,0,0,0,0,0,0,0,0,0
2026-04-26T06:30:00+02:00,2026-04-26T06:35:00+02:00,0,0,0,0,0,0,0,0,0,0,0,0,0,0,0,0,0,0,0,0,0,0,0
2026-04-26T06:35:00+02:00,2026-04-26T06:40:00+02:00,0,0,0,0,0,0,0,0,0,0,0,0,2,0,0,0,0,0,0,0,0,0,0
2026-04-26T06:40:00+02:00,2026-04-26T06:45:00+02:00,0,0,0,0,0,0,0,0,0,0,0,0,0,0,0,0,0,0,0,0,0,0,0
2026-04-26T06:45:00+02:00,2026-04-26T06:50:00+02:00,0,0,0,0,0,0,0,0,0,0,0,0,0,0,0,0,0,0,0,0,0,0,0
2026-04-26T06:50:00+02:00,2026-04-26T06:55:00+02:00,0,0,0,0,0,0,0,0,0,0,0,0,0,0,0,0,0,0,0,0,0,0,0
2026-04-26T06:55:00+02:00,2026-04-26T07:00:00+02:00,0,0,0,0,0,0,0,0,0,0,0,0,0,0,0,0,0,0,0,0,0,0,0
2026-04-26T07:00:00+02:00,2026-04-26T07:05:00+02:00,0,0,0,0,0,0,0,0,0,0,0,0,0,0,0,0,0,0,0,0,0,0,0
2026-04-26T07:05:00+02:00,2026-04-26T07:10:00+02:00,0,0,0,0,0,0,0,0,0,0,0,0,0,0,0,0,0,0,0,0,0,0,0
2026-04-26T07:10:00+02:00,2026-04-26T07:15:00+02:00,0,0,0,0,0,0,0,0,0,0,0,0,0,0,0,0,0,0,0,0,0,0,0
2026-04-26T07:15:00+02:00,2026-04-26T07:20:00+02:00,0,0,0,0,0,0,0,0,0,0,0,0,1,0,0,0,0,0,0,0,0,0,0
2026-04-26T07:20:00+02:00,2026-04-26T07:25:00+02:00,0,0,0,0,0,0,0,0,0,0,0,0,0,0,0,0,0,0,0,0,0,0,0
2026-04-26T07:25:00+02:00,2026-04-26T07:30:00+02:00,0,0,0,0,0,0,0,0,0,0,0,0,1,0,0,0,0,0,0,0,0,0,0
2026-04-26T07:30:00+02:00,2026-04-26T07:35:00+02:00,0,0,0,0,0,0,0,0,0,0,0,0,0,0,0,0,0,0,0,0,0,0,0
2026-04-26T07:35:00+02:00,2026-04-26T07:40:00+02:00,0,0,0,0,0,0,0,0,0,0,0,0,1,0,0,0,0,0,0,0,0,0,0
2026-04-26T07:40:00+02:00,2026-04-26T07:45:00+02:00,1,0,0,0,0,0,0,0,0,0,0,0,2,0,0,0,0,0,0,0,0,0,0
2026-04-26T07:45:00+02:00,2026-04-26T07:50:00+02:00,1,0,0,0,0,0,0,0,0,0,0,0,1,0,0,0,0,0,0,0,0,0,0
2026-04-26T07:50:00+02:00,2026-04-26T07:55:00+02:00,0,0,0,0,0,0,0,0,0,0,0,0,0,0,0,0,0,0,0,0,0,0,0
2026-04-26T07:55:00+02:00,2026-04-26T08:00:00+02:00,0,1,0,0,0,0,0,0,0,0,0,0,2,0,0,0,0,0,0,0,0,0,0
2026-04-26T08:00:00+02:00,2026-04-26T08:05:00+02:00,0,0,0,0,0,0,0,0,0,0,0,0,1,0,0,0,0,0,0,0,0,0,0
2026-04-26T08:05:00+02:00,2026-04-26T08:10:00+02:00,0,1,0,0,0,0,0,0,0,0,0,0,4,0,0,0,0,0,0,0,0,0,0
2026-04-26T08:10:00+02:00,2026-04-26T08:15:00+02:00,0,0,0,0,0,0,0,0,0,0,0,0,6,0,0,0,0,0,0,0,0,0,0
2026-04-26T08:15:00+02:00,2026-04-26T08:20:00+02:00,0,1,0,0,0,0,0,0,0,0,0,0,3,0,0,0,0,0,0,0,0,0,0
2026-04-26T08:20:00+02:00,2026-04-26T08:25:00+02:00,0,2,0,0,0,0,0,0,0,0,0,0,5,0,0,0,0,0,0,0,0,0,0
2026-04-26T08:25:00+02:00,2026-04-26T08:30:00+02:00,0,1,0,0,0,0,0,0,0,0,0,0,2,0,0,0,0,0,0,0,0,0,0
2026-04-26T08:30:00+02:00,2026-04-26T08:35:00+02:00,0,2,0,0,0,0,0,0,0,0,0,0,4,0,0,0,0,0,0,0,0,0,0
2026-04-26T08:35:00+02:00,2026-04-26T08:40:00+02:00,0,0,0,0,0,0,0,0,0,0,0,0,3,0,0,0,0,0,0,0,0,0,0
2026-04-26T08:40:00+02:00,2026-04-26T08:45:00+02:00,1,2,0,0,0,0,0,0,0,0,0,0,3,0,0,0,0,0,0,0,0,0,0
2026-04-26T08:45:00+02:00,2026-04-26T08:50:00+02:00,0,0,0,0,0,0,0,0,0,0,0,0,1,0,0,0,0,0,0,0,0,0,0
2026-04-26T08:50:00+02:00,2026-04-26T08:55:00+02:00,0,2,0,0,0,0,0,0,0,0,0,0,4,0,0,0,0,0,0,0,0,0,0
2026-04-26T08:55:00+02:00,2026-04-26T09:00:00+02:00,0,0,0,0,0,0,0,0,0,0,0,0,1,0,0,0,0,0,0,0,0,0,0
2026-04-26T09:00:00+02:00,2026-04-26T09:05:00+02:00,0,0,0,0,0,0,0,0,0,0,0,0,0,0,0,0,0,0,0,0,0,0,0
2026-04-26T09:05:00+02:00,2026-04-26T09:10:00+02:00,0,0,0,0,0,0,0,0,0,0,0,0,2,0,0,0,0,0,0,0,0,0,0
2026-04-26T09:10:00+02:00,2026-04-26T09:15:00+02:00,0,1,0,0,0,0,0,0,0,0,0,0,4,0,0,0,0,0,0,0,0,0,0
2026-04-26T09:15:00+02:00,2026-04-26T09:20:00+02:00,0,1,0,0,0,0,0,0,0,0,0,0,1,0,0,0,0,0,0,0,0,0,0
2026-04-26T09:20:00+02:00,2026-04-26T09:25:00+02:00,0,0,0,0,0,0,0,0,0,0,0,0,1,0,0,0,0,0,0,0,0,0,0
2026-04-26T09:25:00+02:00,2026-04-26T09:30:00+02:00,0,0,0,0,0,0,0,0,0,0,0,0,2,0,0,0,0,0,0,0,0,0,0
2026-04-26T09:30:00+02:00,2026-04-26T09:35:00+02:00,0,0,0,0,0,0,0,0,0,0,0,0,4,0,1,0,0,0,0,0,0,0,0
2026-04-26T09:35:00+02:00,2026-04-26T09:40:00+02:00,0,0,0,0,0,0,0,0,0,0,0,0,2,0,0,0,0,0,0,0,0,0,0
2026-04-26T09:40:00+02:00,2026-04-26T09:45:00+02:00,0,0,0,0,0,0,0,0,0,0,0,0,1,0,0,0,0,0,0,0,0,0,0
2026-04-26T09:45:00+02:00,2026-04-26T09:50:00+02:00,0,0,0,0,0,0,0,0,0,0,0,0,0,0,0,0,0,0,0,0,0,0,0
2026-04-26T09:50:00+02:00,2026-04-26T09:55:00+02:00,0,0,0,0,0,0,0,0,0,0,0,0,2,0,0,0,0,0,0,0,0,0,0
2026-04-26T09:55:00+02:00,2026-04-26T10:00:00+02:00,0,1,0,0,0,0,0,0,0,0,0,0,0,0,0,0,0,0,0,0,0,0,0
2026-04-26T10:00:00+02:00,2026-04-26T10:05:00+02:00,0,0,0,0,0,0,0,0,0,0,0,0,1,0,0,0,0,0,0,0,0,0,0
2026-04-26T10:05:00+02:00,2026-04-26T10:10:00+02:00,0,0,0,0,0,0,0,0,0,0,0,0,1,0,0,0,0,0,0,0,0,0,0
2026-04-26T10:10:00+02:00,2026-04-26T10:15:00+02:00,0,1,0,0,0,0,0,0,0,0,0,0,4,0,1,0,0,0,0,0,0,0,0
2026-04-26T10:15:00+02:00,2026-04-26T10:20:00+02:00,0,1,0,0,0,0,0,0,0,0,0,0,0,0,0,0,0,0,0,0,0,0,0
2026-04-26T10:20:00+02:00,2026-04-26T10:25:00+02:00,0,0,0,0,0,0,0,0,0,0,0,0,0,0,0,0,0,0,0,0,0,0,0
2026-04-26T10:25:00+02:00,2026-04-26T10:30:00+02:00,0,0,0,0,0,0,0,0,0,0,0,0,1,0,0,0,0,0,0,0,0,0,0
2026-04-26T10:30:00+02:00,2026-04-26T10:35:00+02:00,0,1,0,0,0,0,0,0,0,0,0,0,1,0,0,0,0,0,0,0,0,0,0
2026-04-26T10:35:00+02:00,2026-04-26T10:40:00+02:00,0,0,0,0,0,0,0,0,0,0,0,0,5,0,0,0,0,0,0,0,0,0,0
2026-04-26T10:40:00+02:00,2026-04-26T10:45:00+02:00,0,0,0,0,0,0,0,0,0,0,0,0,2,0,0,0,0,0,0,0,0,0,0
2026-04-26T10:45:00+02:00,2026-04-26T10:50:00+02:00,0,0,0,0,0,0,0,0,0,0,0,0,10,0,0,0,0,0,0,0,0,0,0
2026-04-26T10:50:00+02:00,2026-04-26T10:55:00+02:00,0,0,0,0,0,0,0,0,0,0,0,0,8,0,0,0,0,0,0,0,0,0,0
2026-04-26T10:55:00+02:00,2026-04-26T11:00:00+02:00,0,0,0,0,0,0,0,0,0,0,0,0,7,0,0,0,0,0,0,0,0,0,0
2026-04-26T11:00:00+02:00,2026-04-26T11:05:00+02:00,0,0,0,0,0,0,0,0,0,0,0,0,3,0,1,0,0,0,0,0,0,0,0
2026-04-26T11:05:00+02:00,2026-04-26T11:10:00+02:00,0,0,0,0,0,0,0,0,0,0,0,0,3,0,0,0,0,0,0,0,0,0,0
2026-04-26T11:10:00+02:00,2026-04-26T11:15:00+02:00,0,3,0,0,0,0,0,0,0,0,0,0,1,0,0,0,0,0,0,0,0,0,0
2026-04-26T11:15:00+02:00,2026-04-26T11:20:00+02:00,0,0,0,0,0,0,0,0,0,0,0,0,3,0,0,0,0,0,0,0,0,0,0
2026-04-26T11:20:00+02:00,2026-04-26T11:25:00+02:00,0,0,0,0,0,0,0,0,0,0,0,0,5,0,0,0,0,0,0,0,0,0,0
2026-04-26T11:25:00+02:00,2026-04-26T11:30:00+02:00,0,0,0,0,0,0,0,0,0,0,0,0,3,0,0,0,0,0,0,0,0,0,0
2026-04-26T11:30:00+02:00,2026-04-26T11:35:00+02:00,0,1,0,0,0,0,0,0,0,0,0,0,4,0,0,0,0,0,0,0,0,0,0
2026-04-26T11:35:00+02:00,2026-04-26T11:40:00+02:00,0,0,0,0,0,0,0,0,0,0,0,0,8,0,0,0,0,0,0,0,0,0,0
2026-04-26T11:40:00+02:00,2026-04-26T11:45:00+02:00,0,0,0,0,0,0,0,0,0,0,0,0,1,0,0,0,0,0,0,0,0,0,0
2026-04-26T11:45:00+02:00,2026-04-26T11:50:00+02:00,0,1,0,0,0,0,0,0,0,0,0,0,1,0,0,0,0,0,0,0,0,0,0
2026-04-26T11:50:00+02:00,2026-04-26T11:55:00+02:00,0,0,0,0,0,0,0,0,0,0,0,0,4,0,0,0,0,0,0,0,0,0,0
2026-04-26T11:55:00+02:00,2026-04-26T12:00:00+02:00,0,0,0,0,0,0,0,0,0,0,0,0,1,0,0,0,0,0,0,0,0,0,0
2026-04-26T12:00:00+02:00,2026-04-26T12:05:00+02:00,0,0,0,0,0,0,0,0,0,0,0,0,0,0,0,0,0,0,0,0,0,0,0
2026-04-26T12:05:00+02:00,2026-04-26T12:10:00+02:00,0,1,0,0,0,0,0,0,0,0,0,0,5,0,0,0,0,0,0,0,0,0,0
2026-04-26T12:10:00+02:00,2026-04-26T12:15:00+02:00,0,0,0,0,0,0,0,0,0,0,0,0,1,0,0,0,0,0,0,0,0,0,0
2026-04-26T12:15:00+02:00,2026-04-26T12:20:00+02:00,0,2,0,0,0,0,0,0,0,0,0,0,2,0,0,0,0,0,0,0,0,0,0
2026-04-26T12:20:00+02:00,2026-04-26T12:25:00+02:00,0,0,0,0,0,0,0,0,0,0,0,0,3,0,0,0,0,0,0,0,0,0,0
2026-04-26T12:25:00+02:00,2026-04-26T12:30:00+02:00,0,0,0,0,0,0,0,0,0,0,0,0,0,0,0,0,0,0,0,0,0,0,0
2026-04-26T12:30:00+02:00,2026-04-26T12:35:00+02:00,0,0,0,0,0,0,0,0,0,0,0,0,0,0,0,0,0,0,0,0,0,0,0
2026-04-26T12:35:00+02:00,2026-04-26T12:40:00+02:00,0,0,0,0,0,0,0,0,0,0,0,0,1,0,0,0,0,0,0,0,0,0,0
2026-04-26T12:40:00+02:00,2026-04-26T12:45:00+02:00,0,2,0,0,0,0,0,0,0,0,0,0,0,0,0,0,0,0,0,0,0,0,0
2026-04-26T12:45:00+02:00,2026-04-26T12:50:00+02:00,0,2,0,0,0,0,0,0,0,0,0,0,3,0,0,0,0,0,0,0,0,0,0
2026-04-26T12:50:00+02:00,2026-04-26T12:55:00+02:00,0,1,0,0,0,0,0,0,0,0,0,0,2,0,0,0,0,0,0,0,0,0,0
2026-04-26T12:55:00+02:00,2026-04-26T13:00:00+02:00,0,1,0,0,0,0,0,0,0,0,0,0,4,0,0,0,0,0,0,0,0,0,0
2026-04-26T13:00:00+02:00,2026-04-26T13:05:00+02:00,0,0,0,0,0,0,0,0,0,0,0,0,2,0,0,0,0,0,0,0,0,0,0
2026-04-26T13:05:00+02:00,2026-04-26T13:10:00+02:00,0,0,0,0,0,0,0,0,0,0,0,0,0,0,0,0,0,0,0,0,0,0,0
2026-04-26T13:10:00+02:00,2026-04-26T13:15:00+02:00,1,0,0,0,0,0,0,0,0,0,0,0,2,0,0,0,0,0,0,0,0,0,0
2026-04-26T13:15:00+02:00,2026-04-26T13:20:00+02:00,0,0,0,0,0,0,0,0,0,0,0,0,6,1,0,0,0,0,0,0,0,0,0
2026-04-26T13:20:00+02:00,2026-04-26T13:25:00+02:00,0,0,0,0,0,0,0,0,0,0,0,0,1,0,0,0,0,0,0,0,0,0,0
2026-04-26T13:25:00+02:00,2026-04-26T13:30:00+02:00,0,0,0,0,0,0,0,0,0,0,0,0,5,0,0,0,0,0,0,0,0,0,0
2026-04-26T13:30:00+02:00,2026-04-26T13:35:00+02:00,0,0,0,0,0,0,0,0,0,0,0,0,3,0,0,0,0,0,0,0,0,0,0
2026-04-26T13:35:00+02:00,2026-04-26T13:40:00+02:00,0,1,0,0,0,0,0,0,0,0,0,0,5,0,0,0,0,0,0,0,0,0,0
2026-04-26T13:40:00+02:00,2026-04-26T13:45:00+02:00,0,0,0,0,0,0,0,0,0,0,0,0,0,0,0,0,0,0,0,0,0,0,0
2026-04-26T13:45:00+02:00,2026-04-26T13:50:00+02:00,0,0,0,0,0,0,0,0,0,0,0,0,0,0,0,0,0,0,0,0,0,0,0
2026-04-26T13:50:00+02:00,2026-04-26T13:55:00+02:00,0,0,0,0,0,0,0,0,0,0,0,0,1,0,0,0,0,0,0,0,0,0,0
2026-04-26T13:55:00+02:00,2026-04-26T14:00:00+02:00,0,3,0,0,0,0,0,0,0,0,0,0,4,0,0,0,0,0,0,0,0,0,0
2026-04-26T14:00:00+02:00,2026-04-26T14:05:00+02:00,0,0,0,0,0,0,0,0,0,0,0,0,5,0,0,0,0,0,0,0,0,0,0
2026-04-26T14:05:00+02:00,2026-04-26T14:10:00+02:00,0,1,0,0,0,0,0,0,0,0,0,0,5,0,0,0,0,0,0,0,0,0,0
2026-04-26T14:10:00+02:00,2026-04-26T14:15:00+02:00,0,1,0,0,0,0,0,0,0,0,0,0,0,0,0,0,0,0,0,0,0,0,0
2026-04-26T14:15:00+02:00,2026-04-26T14:20:00+02:00,0,0,0,0,0,0,0,0,0,0,0,0,1,0,0,0,0,0,0,0,0,0,0
2026-04-26T14:20:00+02:00,2026-04-26T14:25:00+02:00,0,0,0,0,0,0,0,0,0,0,0,0,0,0,0,0,0,0,0,0,0,0,0
2026-04-26T14:25:00+02:00,2026-04-26T14:30:00+02:00,0,2,0,0,0,0,0,0,0,0,0,0,3,0,0,0,0,0,0,0,0,0,0
2026-04-26T14:30:00+02:00,2026-04-26T14:35:00+02:00,0,1,0,0,0,0,0,0,0,0,0,0,1,0,0,0,0,0,0,0,0,0,0
2026-04-26T14:35:00+02:00,2026-04-26T14:40:00+02:00,0,0,0,0,0,0,0,0,0,0,0,0,2,0,1,0,0,0,0,0,0,0,0
2026-04-26T14:40:00+02:00,2026-04-26T14:45:00+02:00,0,0,0,0,0,0,0,0,0,0,0,0,2,0,0,0,0,0,0,0,0,0,0
2026-04-26T14:45:00+02:00,2026-04-26T14:50:00+02:00,0,1,0,0,0,0,0,0,0,0,0,0,2,0,0,0,0,0,0,0,0,0,0
2026-04-26T14:50:00+02:00,2026-04-26T14:55:00+02:00,0,0,0,0,0,0,0,0,0,0,0,0,4,0,0,0,0,0,0,0,0,0,0
2026-04-26T14:55:00+02:00,2026-04-26T15:00:00+02:00,0,0,0,0,0,0,0,0,0,0,0,0,1,0,0,0,0,0,0,0,0,0,0
2026-04-26T15:00:00+02:00,2026-04-26T15:05:00+02:00,0,3,0,0,0,0,0,0,0,0,0,0,4,0,0,0,0,0,0,0,0,0,0
2026-04-26T15:05:00+02:00,2026-04-26T15:10:00+02:00,0,0,0,0,0,0,0,0,0,0,0,0,2,0,0,0,0,0,0,0,0,0,0
2026-04-26T15:10:00+02:00,2026-04-26T15:15:00+02:00,0,1,0,0,0,0,0,0,0,0,0,0,1,1,0,0,0,0,0,0,0,0,0
2026-04-26T15:15:00+02:00,2026-04-26T15:20:00+02:00,0,0,0,0,0,0,0,0,0,0,0,0,5,0,0,0,0,0,0,0,0,0,0
2026-04-26T15:20:00+02:00,2026-04-26T15:25:00+02:00,0,0,0,0,0,0,0,0,0,0,0,0,3,0,0,0,0,0,0,0,0,0,0
2026-04-26T15:25:00+02:00,2026-04-26T15:30:00+02:00,0,1,0,0,0,0,0,0,0,0,0,0,7,0,0,0,0,0,0,0,0,0,0
2026-04-26T15:30:00+02:00,2026-04-26T15:35:00+02:00,0,1,0,0,0,0,0,0,0,0,0,0,10,0,0,0,0,0,0,0,0,0,0
2026-04-26T15:35:00+02:00,2026-04-26T15:40:00+02:00,0,1,0,0,0,0,0,0,0,0,0,0,1,0,0,0,0,0,0,0,0,0,0
2026-04-26T15:40:00+02:00,2026-04-26T15:45:00+02:00,0,1,0,0,0,0,0,0,0,0,0,0,4,0,0,0,0,0,0,0,0,0,0
2026-04-26T15:45:00+02:00,2026-04-26T15:50:00+02:00,0,2,0,0,0,0,0,0,0,0,0,0,3,0,0,0,0,0,0,0,0,0,0
2026-04-26T15:50:00+02:00,2026-04-26T15:55:00+02:00,0,0,0,0,0,0,0,0,0,0,0,0,3,0,0,0,0,0,0,0,0,0,0
2026-04-26T15:55:00+02:00,2026-04-26T16:00:00+02:00,0,1,0,0,0,0,0,0,0,0,0,0,1,0,0,0,0,0,0,0,0,0,0
2026-04-26T16:00:00+02:00,2026-04-26T16:05:00+02:00,0,0,0,0,0,0,0,0,0,0,0,0,0,0,0,0,0,0,0,0,0,0,0
2026-04-26T16:05:00+02:00,2026-04-26T16:10:00+02:00,0,1,0,0,0,0,0,0,0,0,0,0,1,0,0,0,0,0,0,0,0,0,0
2026-04-26T16:10:00+02:00,2026-04-26T16:15:00+02:00,1,0,0,0,0,0,0,0,0,0,0,0,3,0,0,0,0,0,0,0,0,0,0
2026-04-26T16:15:00+02:00,2026-04-26T16:20:00+02:00,0,0,0,0,0,0,0,0,0,0,0,0,5,0,0,0,0,0,0,0,0,0,0
2026-04-26T16:20:00+02:00,2026-04-26T16:25:00+02:00,0,0,0,0,0,0,0,0,0,0,0,0,3,0,0,0,0,0,0,0,0,0,0
2026-04-26T16:25:00+02:00,2026-04-26T16:30:00+02:00,0,1,0,0,0,0,0,0,0,0,0,0,4,0,0,0,0,0,0,0,0,0,0
2026-04-26T16:30:00+02:00,2026-04-26T16:35:00+02:00,0,0,0,0,0,0,0,0,0,0,0,0,0,0,0,0,0,0,0,0,0,0,0
2026-04-26T16:35:00+02:00,2026-04-26T16:40:00+02:00,0,0,0,0,0,0,0,0,0,0,0,0,2,0,0,0,0,0,0,0,0,0,0
2026-04-26T16:40:00+02:00,2026-04-26T16:45:00+02:00,0,0,0,0,0,0,0,0,0,0,0,0,5,0,0,0,0,0,0,0,0,0,0
2026-04-26T16:45:00+02:00,2026-04-26T16:50:00+02:00,0,0,0,0,0,0,0,0,0,0,0,0,6,0,0,0,0,0,0,0,0,0,0
2026-04-26T16:50:00+02:00,2026-04-26T16:55:00+02:00,0,0,0,0,0,0,0,0,0,0,0,0,3,0,0,0,0,0,0,0,0,0,0
2026-04-26T16:55:00+02:00,2026-04-26T17:00:00+02:00,0,1,0,0,0,0,0,0,0,0,0,0,2,0,0,0,0,0,0,0,0,0,0
2026-04-26T17:00:00+02:00,2026-04-26T17:05:00+02:00,0,0,0,0,0,0,0,0,0,0,0,0,2,0,0,0,0,0,0,0,0,0,0
2026-04-26T17:05:00+02:00,2026-04-26T17:10:00+02:00,0,0,0,0,0,0,0,0,0,0,0,0,5,1,0,0,0,0,0,0,0,0,0
2026-04-26T17:10:00+02:00,2026-04-26T17:15:00+02:00,0,0,0,0,0,0,0,0,0,0,0,0,0,0,0,0,0,0,0,0,0,0,0
2026-04-26T17:15:00+02:00,2026-04-26T17:20:00+02:00,0,1,0,0,0,0,0,0,0,0,0,0,1,0,0,0,0,0,0,0,0,0,0
2026-04-26T17:20:00+02:00,2026-04-26T17:25:00+02:00,0,1,0,0,0,0,0,0,0,0,0,0,0,0,0,0,0,0,0,0,0,0,0
2026-04-26T17:25:00+02:00,2026-04-26T17:30:00+02:00,0,0,0,0,0,0,0,0,0,0,0,0,5,0,1,0,0,0,0,0,0,0,0
2026-04-26T17:30:00+02:00,2026-04-26T17:35:00+02:00,1,0,0,0,0,0,0,0,0,0,0,0,1,0,0,0,0,0,0,0,0,0,0
2026-04-26T17:35:00+02:00,2026-04-26T17:40:00+02:00,0,0,0,0,0,0,0,0,0,0,0,0,3,0,0,0,0,0,0,0,0,0,0
2026-04-26T17:40:00+02:00,2026-04-26T17:45:00+02:00,0,0,0,0,0,0,0,0,0,0,0,0,8,0,0,0,0,0,0,0,0,0,0
2026-04-26T17:45:00+02:00,2026-04-26T17:50:00+02:00,0,1,0,0,0,0,0,0,0,0,0,0,0,0,0,0,0,0,0,0,0,0,0
2026-04-26T17:50:00+02:00,2026-04-26T17:55:00+02:00,0,1,0,0,0,0,0,0,0,0,0,0,0,0,0,0,0,0,0,0,0,0,0
2026-04-26T17:55:00+02:00,2026-04-26T18:00:00+02:00,0,0,0,0,0,0,0,0,0,0,0,0,6,0,0,0,0,0,0,0,0,0,0
2026-04-26T18:00:00+02:00,2026-04-26T18:05:00+02:00,0,2,0,0,0,0,0,0,0,0,0,0,3,0,0,0,0,0,0,0,0,0,0
2026-04-26T18:05:00+02:00,2026-04-26T18:10:00+02:00,0,0,0,0,0,0,0,0,0,0,0,0,2,0,0,0,0,0,0,0,0,0,0
2026-04-26T18:10:00+02:00,2026-04-26T18:15:00+02:00,0,0,0,0,0,0,0,0,0,0,0,0,4,0,1,0,0,0,0,0,0,0,0
2026-04-26T18:15:00+02:00,2026-04-26T18:20:00+02:00,0,0,0,0,0,0,0,0,0,0,0,0,0,0,0,0,0,0,0,0,0,0,0
2026-04-26T18:20:00+02:00,2026-04-26T18:25:00+02:00,0,2,0,0,0,0,0,0,0,0,0,0,2,0,0,0,0,0,0,0,0,0,0
2026-04-26T18:25:00+02:00,2026-04-26T18:30:00+02:00,0,0,0,0,0,0,0,0,0,0,0,0,0,0,0,0,0,0,0,0,0,0,0
2026-04-26T18:30:00+02:00,2026-04-26T18:35:00+02:00,0,1,0,0,0,0,0,0,0,0,0,0,2,0,0,0,0,0,0,0,0,0,1
2026-04-26T18:35:00+02:00,2026-04-26T18:40:00+02:00,0,0,0,0,0,0,0,0,0,0,0,0,3,0,0,0,0,0,0,0,0,0,0
2026-04-26T18:40:00+02:00,2026-04-26T18:45:00+02:00,0,1,0,0,0,0,0,0,0,0,0,0,4,0,0,0,0,0,0,0,0,0,0
2026-04-26T18:45:00+02:00,2026-04-26T18:50:00+02:00,0,0,0,0,0,0,0,0,0,0,0,0,0,0,0,0,0,0,0,0,0,0,0
2026-04-26T18:50:00+02:00,2026-04-26T18:55:00+02:00,0,1,0,0,0,0,0,0,0,0,0,0,1,0,0,0,0,0,0,0,0,0,0
2026-04-26T18:55:00+02:00,2026-04-26T19:00:00+02:00,0,0,0,0,0,0,0,0,0,0,0,0,4,0,0,0,0,0,0,0,0,0,0
2026-04-26T19:00:00+02:00,2026-04-26T19:05:00+02:00,0,2,0,0,0,0,0,0,0,0,0,0,2,0,0,0,0,0,0,0,0,0,0
2026-04-26T19:05:00+02:00,2026-04-26T19:10:00+02:00,0,0,0,0,0,0,0,0,0,0,0,0,2,0,0,0,0,0,0,0,0,0,0
2026-04-26T19:10:00+02:00,2026-04-26T19:15:00+02:00,0,2,0,0,0,0,0,0,0,0,0,0,4,0,0,0,0,0,0,0,0,0,0
2026-04-26T19:15:00+02:00,2026-04-26T19:20:00+02:00,0,1,0,0,0,0,0,0,0,0,0,0,2,0,1,0,0,0,0,0,0,0,0
2026-04-26T19:20:00+02:00,2026-04-26T19:25:00+02:00,0,0,0,0,0,0,0,0,0,0,0,0,1,0,0,0,0,0,0,0,0,0,0
2026-04-26T19:25:00+02:00,2026-04-26T19:30:00+02:00,0,0,0,0,0,0,0,0,0,0,0,0,0,0,0,0,0,0,0,0,0,0,0
2026-04-26T19:30:00+02:00,2026-04-26T19:35:00+02:00,0,0,0,0,0,0,0,0,0,0,0,0,3,0,0,0,0,0,0,0,0,0,0
2026-04-26T19:35:00+02:00,2026-04-26T19:40:00+02:00,0,0,0,0,0,0,0,0,0,0,0,0,3,0,0,0,0,0,0,0,0,0,0
2026-04-26T19:40:00+02:00,2026-04-26T19:45:00+02:00,0,0,0,0,0,0,0,0,0,0,0,0,0,0,0,0,0,0,0,0,0,0,0
2026-04-26T19:45:00+02:00,2026-04-26T19:50:00+02:00,0,1,0,0,0,0,0,0,0,0,0,0,5,0,0,0,0,0,0,0,0,0,0
2026-04-26T19:50:00+02:00,2026-04-26T19:55:00+02:00,0,0,0,0,0,0,0,0,0,0,0,0,2,0,0,0,0,0,0,0,0,0,0
2026-04-26T19:55:00+02:00,2026-04-26T20:00:00+02:00,0,0,0,0,0,0,0,0,0,0,0,0,0,0,0,0,0,0,0,0,0,0,0
2026-04-26T20:00:00+02:00,2026-04-26T20:05:00+02:00,0,0,0,0,0,0,0,0,0,0,0,0,0,0,0,0,0,0,0,0,0,0,0
2026-04-26T20:05:00+02:00,2026-04-26T20:10:00+02:00,0,0,0,0,0,0,0,0,0,0,0,0,0,0,0,0,0,0,0,0,0,0,0
2026-04-26T20:10:00+02:00,2026-04-26T20:15:00+02:00,0,0,0,0,0,0,0,0,0,0,0,0,0,0,0,0,0,0,0,0,0,0,0
2026-04-26T20:15:00+02:00,2026-04-26T20:20:00+02:00,0,0,0,0,0,0,0,0,0,0,0,0,1,0,0,0,0,0,0,0,0,0,0
2026-04-26T20:20:00+02:00,2026-04-26T20:25:00+02:00,0,0,0,0,0,0,0,0,0,0,0,0,1,0,0,0,0,0,0,0,0,0,0
2026-04-26T20:25:00+02:00,2026-04-26T20:30:00+02:00,0,1,0,0,0,0,0,0,0,0,0,0,0,0,0,0,0,0,0,0,0,0,0
2026-04-26T20:30:00+02:00,2026-04-26T20:35:00+02:00,0,0,0,0,0,0,0,0,0,0,0,0,0,0,0,0,0,0,0,0,0,0,0
2026-04-26T20:35:00+02:00,2026-04-26T20:40:00+02:00,0,0,0,0,0,0,0,0,0,0,0,0,0,0,0,0,0,0,0,0,0,0,0
2026-04-26T20:40:00+02:00,2026-04-26T20:45:00+02:00,0,0,0,0,0,0,0,0,0,0,0,0,0,0,0,0,0,0,0,0,0,0,0
2026-04-26T20:45:00+02:00,2026-04-26T20:50:00+02:00,0,0,0,0,0,0,0,0,0,0,0,0,2,0,0,0,0,0,0,0,0,0,0
2026-04-26T20:50:00+02:00,2026-04-26T20:55:00+02:00,0,0,0,0,0,0,0,0,0,0,0,0,0,0,0,0,0,0,0,0,0,0,0
2026-04-26T20:55:00+02:00,2026-04-26T21:00:00+02:00,0,0,0,0,0,0,0,0,0,0,0,0,0,0,0,0,0,0,0,0,0,0,0
2026-04-26T21:00:00+02:00,2026-04-26T21:05:00+02:00,0,0,0,0,0,0,0,0,0,0,0,0,0,0,0,0,0,0,0,0,0,0,0
2026-04-26T21:05:00+02:00,2026-04-26T21:10:00+02:00,0,0,0,0,0,0,0,0,0,0,0,0,0,0,0,0,0,0,0,0,0,0,0
2026-04-26T21:10:00+02:00,2026-04-26T21:15:00+02:00,0,0,0,0,0,0,0,0,0,0,0,0,0,0,0,0,0,0,0,0,0,0,0
2026-04-26T21:15:00+02:00,2026-04-26T21:20:00+02:00,0,0,0,0,0,0,0,0,0,0,0,0,0,0,0,0,0,0,0,0,0,0,0
2026-04-26T21:20:00+02:00,2026-04-26T21:25:00+02:00,0,2,0,0,0,0,0,0,0,0,0,0,0,0,0,0,0,0,0,0,0,0,0
2026-04-26T21:25:00+02:00,2026-04-26T21:30:00+02:00,0,0,0,0,0,0,0,0,0,0,0,0,0,0,0,0,0,0,0,0,0,0,0
2026-04-26T21:30:00+02:00,2026-04-26T21:35:00+02:00,0,0,0,0,0,0,0,0,0,0,0,0,1,0,0,0,0,0,0,0,0,0,0
2026-04-26T21:35:00+02:00,2026-04-26T21:40:00+02:00,0,0,0,0,0,0,0,0,0,0,0,0,0,0,0,0,0,0,0,0,0,0,0
2026-04-26T21:40:00+02:00,2026-04-26T21:45:00+02:00,0,0,0,0,0,0,0,0,0,0,0,0,0,0,0,0,0,0,0,0,0,0,0
2026-04-26T21:45:00+02:00,2026-04-26T21:50:00+02:00,0,0,0,0,0,0,0,0,0,0,0,0,0,0,0,0,0,0,0,0,0,0,0
2026-04-26T21:50:00+02:00,2026-04-26T21:55:00+02:00,0,0,0,0,0,0,0,0,0,0,0,0,0,0,0,0,0,0,0,0,0,0,0
2026-04-26T21:55:00+02:00,2026-04-26T22:00:00+02:00,0,0,0,0,0,0,0,0,0,0,0,0,2,0,0,0,0,0,0,0,0,0,0
2026-04-26T22:00:00+02:00,2026-04-26T22:05:00+02:00,0,0,0,0,0,0,0,0,0,0,0,0,0,0,0,0,0,0,0,0,0,0,0
2026-04-26T22:05:00+02:00,2026-04-26T22:10:00+02:00,0,0,0,0,0,0,0,0,0,0,0,0,0,0,0,0,0,0,0,0,0,0,0
2026-04-26T22:10:00+02:00,2026-04-26T22:15:00+02:00,0,0,0,0,0,0,0,0,0,0,0,0,0,0,0,0,0,0,0,0,0,0,0
2026-04-26T22:15:00+02:00,2026-04-26T22:20:00+02:00,0,0,0,0,0,0,0,0,0,0,0,0,1,0,0,0,0,0,0,0,0,0,0
2026-04-26T22:20:00+02:00,2026-04-26T22:25:00+02:00,0,0,0,0,0,0,0,0,0,0,0,0,0,0,0,0,0,0,0,0,0,0,0
2026-04-26T22:25:00+02:00,2026-04-26T22:30:00+02:00,0,0,0,0,0,0,0,0,0,0,0,0,0,0,0,0,0,0,0,0,0,0,0
2026-04-26T22:30:00+02:00,2026-04-26T22:35:00+02:00,0,0,0,0,0,0,0,0,0,0,0,0,1,0,0,0,0,0,0,0,0,0,0
2026-04-26T22:35:00+02:00,2026-04-26T22:40:00+02:00,0,0,0,0,0,0,0,0,0,0,0,0,0,0,0,0,0,0,0,0,0,0,0
2026-04-26T22:40:00+02:00,2026-04-26T22:45:00+02:00,0,0,0,0,0,0,0,0,0,0,0,0,1,0,0,0,0,0,0,0,0,0,0
2026-04-26T22:45:00+02:00,2026-04-26T22:50:00+02:00,0,0,0,0,0,0,0,0,0,0,0,0,0,0,0,0,0,0,0,0,0,0,0
2026-04-26T22:50:00+02:00,2026-04-26T22:55:00+02:00,0,0,0,0,0,0,0,0,0,0,0,0,0,0,0,0,0,0,0,0,0,0,0
2026-04-26T22:55:00+02:00,2026-04-26T23:00:00+02:00,0,0,0,0,0,0,0,0,0,0,0,0,1,0,0,0,0,0,0,0,0,0,0
2026-04-26T23:00:00+02:00,2026-04-26T23:05:00+02:00,0,0,0,0,0,0,0,0,0,0,0,0,0,0,0,0,0,0,0,0,0,0,0
2026-04-26T23:05:00+02:00,2026-04-26T23:10:00+02:00,0,0,0,0,0,0,0,0,0,0,0,0,0,0,0,0,0,0,0,0,0,0,0
2026-04-26T23:10:00+02:00,2026-04-26T23:15:00+02:00,0,0,0,0,0,0,0,0,0,0,0,0,0,0,0,0,0,0,0,0,0,0,0
2026-04-26T23:15:00+02:00,2026-04-26T23:20:00+02:00,0,0,0,0,0,0,0,0,0,0,0,0,0,0,0,0,0,0,0,0,0,0,0
2026-04-26T23:20:00+02:00,2026-04-26T23:25:00+02:00,0,0,0,0,0,0,0,0,0,0,0,0,0,0,0,0,0,0,0,0,0,0,0
2026-04-26T23:25:00+02:00,2026-04-26T23:30:00+02:00,0,0,0,0,0,0,0,0,0,0,0,0,0,0,0,0,0,0,0,0,0,0,0
2026-04-26T23:30:00+02:00,2026-04-26T23:35:00+02:00,0,0,0,0,0,0,0,0,0,0,0,0,0,0,0,0,0,0,0,0,0,0,0
2026-04-26T23:35:00+02:00,2026-04-26T23:40:00+02:00,0,0,0,0,0,0,0,0,0,0,0,0,0,0,0,0,0,0,0,0,0,0,0
2026-04-26T23:40:00+02:00,2026-04-26T23:45:00+02:00,0,0,0,0,0,0,0,0,0,0,0,0,0,0,0,0,0,0,0,0,0,0,0
2026-04-26T23:45:00+02:00,2026-04-26T23:50:00+02:00,0,0,0,0,0,0,0,0,0,0,0,0,0,0,0,0,0,0,0,0,0,0,0
2026-04-26T23:50:00+02:00,2026-04-26T23:55:00+02:00,0,0,0,0,0,0,0,0,0,0,0,0,0,0,0,0,0,0,0,0,0,0,0
2026-04-26T23:55:00+02:00,2026-04-27T00:00:00+02:00,0,0,0,0,0,0,0,0,0,0,0,0,0,0,0,0,0,0,0,0,0,0,0
2026-04-27T00:00:00+02:00,2026-04-27T00:05:00+02:00,0,0,0,0,0,0,0,0,0,0,0,0,0,0,0,0,0,0,0,0,0,0,0
2026-04-27T00:05:00+02:00,2026-04-27T00:10:00+02:00,0,0,0,0,0,0,0,0,0,0,0,0,0,0,0,0,0,0,0,0,0,0,0
2026-04-27T00:10:00+02:00,2026-04-27T00:15:00+02:00,0,0,0,0,0,0,0,0,0,0,0,0,0,0,0,0,0,0,0,0,0,0,0
2026-04-27T00:15:00+02:00,2026-04-27T00:20:00+02:00,0,0,0,0,0,0,0,0,0,0,0,0,0,0,0,0,0,0,0,0,0,0,0
2026-04-27T00:20:00+02:00,2026-04-27T00:25:00+02:00,0,0,0,0,0,0,0,0,0,0,0,0,0,0,0,0,0,0,0,0,0,0,0
2026-04-27T00:25:00+02:00,2026-04-27T00:30:00+02:00,0,0,0,0,0,0,0,0,0,0,0,0,0,0,0,0,0,0,0,0,0,0,0
2026-04-27T00:30:00+02:00,2026-04-27T00:35:00+02:00,0,0,0,0,0,0,0,0,0,0,0,0,0,0,0,0,0,0,0,0,0,0,0
2026-04-27T00:35:00+02:00,2026-04-27T00:40:00+02:00,0,0,0,0,0,0,0,0,0,0,0,0,0,0,0,0,0,0,0,0,0,0,0
2026-04-27T00:40:00+02:00,2026-04-27T00:45:00+02:00,0,0,0,0,0,0,0,0,0,0,0,0,0,0,0,0,0,0,0,0,0,0,0
2026-04-27T00:45:00+02:00,2026-04-27T00:50:00+02:00,0,0,0,0,0,0,0,0,0,0,0,0,0,0,0,0,0,0,0,0,0,0,0
2026-04-27T00:50:00+02:00,2026-04-27T00:55:00+02:00,0,0,0,0,0,0,0,0,0,0,0,0,0,0,0,0,0,0,0,0,0,0,0
2026-04-27T00:55:00+02:00,2026-04-27T01:00:00+02:00,0,0,0,0,0,0,0,0,0,0,0,0,0,0,0,0,0,0,0,0,0,0,0
2026-04-27T01:00:00+02:00,2026-04-27T01:05:00+02:00,0,0,0,0,0,0,0,0,0,0,0,0,0,0,0,0,0,0,0,0,0,0,0
2026-04-27T01:05:00+02:00,2026-04-27T01:10:00+02:00,0,0,0,0,0,0,0,0,0,0,0,0,0,0,0,0,0,0,0,0,0,0,0
2026-04-27T01:10:00+02:00,2026-04-27T01:15:00+02:00,0,0,0,0,0,0,0,0,0,0,0,0,0,0,0,0,0,0,0,0,0,0,0
2026-04-27T01:15:00+02:00,2026-04-27T01:20:00+02:00,0,0,0,0,0,0,0,0,0,0,0,0,0,0,0,0,0,0,0,0,0,0,0
2026-04-27T01:20:00+02:00,2026-04-27T01:25:00+02:00,0,0,0,0,0,0,0,0,0,0,0,0,0,0,0,0,0,0,0,0,0,0,0
2026-04-27T01:25:00+02:00,2026-04-27T01:30:00+02:00,0,0,0,0,0,0,0,0,0,0,0,0,0,0,0,0,0,0,0,0,0,0,0
2026-04-27T01:30:00+02:00,2026-04-27T01:35:00+02:00,0,0,0,0,0,0,0,0,0,0,0,0,0,0,0,0,0,0,0,0,0,0,0
2026-04-27T01:35:00+02:00,2026-04-27T01:40:00+02:00,0,0,0,0,0,0,0,0,0,0,0,0,0,0,0,0,0,0,0,0,0,0,0
2026-04-27T01:40:00+02:00,2026-04-27T01:45:00+02:00,0,0,0,0,0,0,0,0,0,0,0,0,0,0,0,0,0,0,0,0,0,0,0
2026-04-27T01:45:00+02:00,2026-04-27T01:50:00+02:00,0,0,0,0,0,0,0,0,0,0,0,0,0,0,0,0,0,0,0,0,0,0,0
2026-04-27T01:50:00+02:00,2026-04-27T01:55:00+02:00,0,0,0,0,0,0,0,0,0,0,0,0,0,0,0,0,0,0,0,0,0,0,0
2026-04-27T01:55:00+02:00,2026-04-27T02:00:00+02:00,0,0,0,0,0,0,0,0,0,0,0,0,0,0,0,0,0,0,0,0,0,0,0
2026-04-27T02:00:00+02:00,2026-04-27T02:05:00+02:00,0,0,0,0,0,0,0,0,0,0,0,0,0,0,0,0,0,0,0,0,0,0,0
2026-04-27T02:05:00+02:00,2026-04-27T02:10:00+02:00,0,0,0,0,0,0,0,0,0,0,0,0,0,0,0,0,0,0,0,0,0,0,0
2026-04-27T02:10:00+02:00,2026-04-27T02:15:00+02:00,0,0,0,0,0,0,0,0,0,0,0,0,0,0,0,0,0,0,0,0,0,0,0
2026-04-27T02:15:00+02:00,2026-04-27T02:20:00+02:00,0,0,0,0,0,0,0,0,0,0,0,0,0,0,0,0,0,0,0,0,0,0,0
2026-04-27T02:20:00+02:00,2026-04-27T02:25:00+02:00,0,0,0,0,0,0,0,0,0,0,0,0,0,0,0,0,0,0,0,0,0,0,0
2026-04-27T02:25:00+02:00,2026-04-27T02:30:00+02:00,0,0,0,0,0,0,0,0,0,0,0,0,0,0,0,0,0,0,0,0,0,0,0
2026-04-27T02:30:00+02:00,2026-04-27T02:35:00+02:00,0,0,0,0,0,0,0,0,0,0,0,0,0,0,0,0,0,0,0,0,0,0,0
2026-04-27T02:35:00+02:00,2026-04-27T02:40:00+02:00,0,0,0,0,0,0,0,0,0,0,0,0,0,0,0,0,0,0,0,0,0,0,0
2026-04-27T02:40:00+02:00,2026-04-27T02:45:00+02:00,0,0,0,0,0,0,0,0,0,0,0,0,0,0,0,0,0,0,0,0,0,0,0
2026-04-27T02:45:00+02:00,2026-04-27T02:50:00+02:00,0,0,0,0,0,0,0,0,0,0,0,0,0,0,0,0,0,0,0,0,0,0,0
2026-04-27T02:50:00+02:00,2026-04-27T02:55:00+02:00,0,0,0,0,0,0,0,0,0,0,0,0,0,0,0,0,0,0,0,0,0,0,0
2026-04-27T02:55:00+02:00,2026-04-27T03:00:00+02:00,0,0,0,0,0,0,0,0,0,0,0,0,0,0,0,0,0,0,0,0,0,0,0
2026-04-27T03:00:00+02:00,2026-04-27T03:05:00+02:00,0,0,0,0,0,0,0,0,0,0,0,0,0,0,0,0,0,0,0,0,0,0,0
2026-04-27T03:05:00+02:00,2026-04-27T03:10:00+02:00,0,0,0,0,0,0,0,0,0,0,0,0,0,0,0,0,0,0,0,0,0,0,0
2026-04-27T03:10:00+02:00,2026-04-27T03:15:00+02:00,0,0,0,0,0,0,0,0,0,0,0,0,0,0,0,0,0,0,0,0,0,0,0
2026-04-27T03:15:00+02:00,2026-04-27T03:20:00+02:00,0,0,0,0,0,0,0,0,0,0,0,0,0,0,0,0,0,0,0,0,0,0,0
2026-04-27T03:20:00+02:00,2026-04-27T03:25:00+02:00,0,0,0,0,0,0,0,0,0,0,0,0,0,0,0,0,0,0,0,0,0,0,0
2026-04-27T03:25:00+02:00,2026-04-27T03:30:00+02:00,0,0,0,0,0,0,0,0,0,0,0,0,0,0,0,0,0,0,0,0,0,0,0
2026-04-27T03:30:00+02:00,2026-04-27T03:35:00+02:00,0,0,0,0,0,0,0,0,0,0,0,0,0,0,0,0,0,0,0,0,0,0,0
2026-04-27T03:35:00+02:00,2026-04-27T03:40:00+02:00,0,0,0,0,0,0,0,0,0,0,0,0,0,0,0,0,0,0,0,0,0,0,0
2026-04-27T03:40:00+02:00,2026-04-27T03:45:00+02:00,0,0,0,0,0,0,0,0,0,0,0,0,0,0,0,0,0,0,0,0,0,0,0
2026-04-27T03:45:00+02:00,2026-04-27T03:50:00+02:00,0,0,0,0,0,0,0,0,0,0,0,0,0,0,0,0,0,0,0,0,0,0,0
2026-04-27T03:50:00+02:00,2026-04-27T03:55:00+02:00,0,0,0,0,0,0,0,0,0,0,0,0,0,0,0,0,0,0,0,0,0,0,0
2026-04-27T03:55:00+02:00,2026-04-27T04:00:00+02:00,0,0,0,0,0,0,0,0,0,0,0,0,0,0,0,0,0,0,0,0,0,0,0
2026-04-27T04:00:00+02:00,2026-04-27T04:05:00+02:00,0,0,0,0,0,0,0,0,0,0,0,0,1,0,0,0,0,0,0,0,0,0,0
2026-04-27T04:05:00+02:00,2026-04-27T04:10:00+02:00,0,1,0,0,0,0,0,0,0,0,0,0,0,0,0,0,0,0,0,0,0,0,0
2026-04-27T04:10:00+02:00,2026-04-27T04:15:00+02:00,0,0,0,0,0,0,0,0,0,0,0,0,0,0,0,0,0,0,0,0,0,0,0
2026-04-27T04:15:00+02:00,2026-04-27T04:20:00+02:00,0,0,0,0,0,0,0,0,0,0,0,0,0,0,0,0,0,0,0,0,0,0,0
2026-04-27T04:20:00+02:00,2026-04-27T04:25:00+02:00,0,0,0,0,0,0,0,0,0,0,0,0,0,0,0,0,0,0,0,0,0,0,0
2026-04-27T04:25:00+02:00,2026-04-27T04:30:00+02:00,0,0,0,0,0,0,0,0,0,0,0,0,0,0,0,0,0,0,0,0,0,0,0
2026-04-27T04:30:00+02:00,2026-04-27T04:35:00+02:00,0,0,0,0,0,0,0,0,0,0,0,0,1,0,0,0,0,0,0,0,0,0,0
2026-04-27T04:35:00+02:00,2026-04-27T04:40:00+02:00,0,0,0,0,0,0,0,0,0,0,0,0,0,0,0,0,0,0,0,0,0,0,0
2026-04-27T04:40:00+02:00,2026-04-27T04:45:00+02:00,0,0,0,0,0,0,0,0,0,0,0,0,0,0,0,0,0,0,0,0,0,0,0
2026-04-27T04:45:00+02:00,2026-04-27T04:50:00+02:00,0,1,0,0,0,0,0,0,0,0,0,0,2,0,0,0,0,0,0,0,0,0,0
2026-04-27T04:50:00+02:00,2026-04-27T04:55:00+02:00,0,0,0,0,0,0,0,0,0,0,0,0,1,0,0,0,0,0,0,0,0,0,0
2026-04-27T04:55:00+02:00,2026-04-27T05:00:00+02:00,0,0,0,0,0,0,0,0,0,0,0,0,1,0,0,0,0,0,0,0,0,0,0
2026-04-27T05:00:00+02:00,2026-04-27T05:05:00+02:00,0,0,0,0,0,0,0,0,0,0,0,0,1,0,0,0,0,0,0,0,0,0,0
2026-04-27T05:05:00+02:00,2026-04-27T05:10:00+02:00,0,0,0,0,0,0,0,0,0,0,0,0,0,0,0,0,0,0,0,0,0,0,0
2026-04-27T05:10:00+02:00,2026-04-27T05:15:00+02:00,0,0,0,0,0,0,0,0,0,0,0,0,0,0,0,0,0,0,0,0,0,0,0
2026-04-27T05:15:00+02:00,2026-04-27T05:20:00+02:00,0,0,0,0,0,0,0,0,0,0,0,0,2,0,0,0,0,0,0,0,0,0,0
2026-04-27T05:20:00+02:00,2026-04-27T05:25:00+02:00,0,1,0,0,0,0,0,0,0,0,0,0,2,0,0,0,0,0,0,0,0,0,0
2026-04-27T05:25:00+02:00,2026-04-27T05:30:00+02:00,0,0,0,0,0,0,0,0,0,0,0,0,3,0,0,0,0,0,0,0,0,0,0
2026-04-27T05:30:00+02:00,2026-04-27T05:35:00+02:00,0,1,0,0,0,0,0,0,0,0,0,0,4,0,0,0,0,0,0,0,0,0,0
2026-04-27T05:35:00+02:00,2026-04-27T05:40:00+02:00,0,0,0,0,0,0,0,0,0,0,0,0,2,0,0,0,0,0,0,0,0,0,0
2026-04-27T05:40:00+02:00,2026-04-27T05:45:00+02:00,0,0,0,0,0,0,0,0,0,0,0,0,1,0,0,0,0,0,0,0,0,0,0
2026-04-27T05:45:00+02:00,2026-04-27T05:50:00+02:00,0,0,0,0,0,0,0,0,0,0,0,0,0,0,0,0,0,0,0,0,0,0,0
2026-04-27T05:50:00+02:00,2026-04-27T05:55:00+02:00,0,0,0,0,0,0,0,0,0,0,0,0,0,0,0,0,0,0,0,0,0,0,0
2026-04-27T05:55:00+02:00,2026-04-27T06:00:00+02:00,0,0,0,0,0,0,0,0,0,0,0,0,0,0,0,0,0,0,0,0,0,0,0
2026-04-27T06:00:00+02:00,2026-04-27T06:05:00+02:00,0,0,0,0,0,0,0,0,0,0,0,0,1,0,0,0,0,0,0,0,0,0,0
2026-04-27T06:05:00+02:00,2026-04-27T06:10:00+02:00,0,0,0,0,0,0,0,0,0,0,0,0,0,0,0,0,0,0,0,0,0,0,0
2026-04-27T06:10:00+02:00,2026-04-27T06:15:00+02:00,0,0,0,0,0,0,0,0,0,0,0,0,0,0,0,0,0,0,0,0,0,0,0
2026-04-27T06:15:00+02:00,2026-04-27T06:20:00+02:00,0,0,0,0,0,0,0,0,0,0,0,0,1,0,0,0,0,0,0,0,0,0,0
2026-04-27T06:20:00+02:00,2026-04-27T06:25:00+02:00,0,0,0,0,0,0,0,0,0,0,0,0,0,0,0,0,0,0,0,0,0,0,0
2026-04-27T06:25:00+02:00,2026-04-27T06:30:00+02:00,0,0,0,0,0,0,0,0,0,0,0,0,2,0,0,0,0,0,0,0,0,0,0
2026-04-27T06:30:00+02:00,2026-04-27T06:35:00+02:00,0,0,0,0,0,0,0,0,0,0,0,0,4,0,0,0,0,0,0,0,0,0,0
2026-04-27T06:35:00+02:00,2026-04-27T06:40:00+02:00,0,0,0,0,0,0,0,0,0,0,0,0,1,0,0,0,0,0,0,0,0,0,0
2026-04-27T06:40:00+02:00,2026-04-27T06:45:00+02:00,0,0,0,0,0,0,0,0,0,0,0,0,2,0,0,0,0,0,0,0,0,0,0
2026-04-27T06:45:00+02:00,2026-04-27T06:50:00+02:00,0,0,0,0,0,0,0,0,0,0,0,0,1,0,0,0,0,0,0,0,0,0,0
2026-04-27T06:50:00+02:00,2026-04-27T06:55:00+02:00,0,0,0,0,0,0,0,0,0,0,0,0,4,0,0,0,0,0,0,0,0,0,0
2026-04-27T06:55:00+02:00,2026-04-27T07:00:00+02:00,0,1,0,0,0,0,0,0,0,0,0,0,5,0,0,0,0,0,0,0,0,0,0
2026-04-27T07:00:00+02:00,2026-04-27T07:05:00+02:00,0,1,0,0,0,0,0,0,0,0,0,0,2,0,0,0,0,0,0,0,0,0,0
2026-04-27T07:05:00+02:00,2026-04-27T07:10:00+02:00,0,0,0,0,0,0,0,0,0,0,0,0,8,0,0,0,0,0,0,0,0,0,0
2026-04-27T07:10:00+02:00,2026-04-27T07:15:00+02:00,1,0,0,0,0,0,0,0,0,0,0,0,2,0,0,0,0,0,0,0,0,0,0
2026-04-27T07:15:00+02:00,2026-04-27T07:20:00+02:00,0,0,0,0,0,0,0,0,0,0,0,0,2,0,0,0,0,0,0,0,0,0,0
2026-04-27T07:20:00+02:00,2026-04-27T07:25:00+02:00,0,0,0,0,0,0,0,0,0,0,0,0,7,0,0,0,0,0,0,0,0,0,0
2026-04-27T07:25:00+02:00,2026-04-27T07:30:00+02:00,0,0,0,0,0,0,0,0,0,0,0,0,3,0,0,0,0,0,0,0,0,0,0
2026-04-27T07:30:00+02:00,2026-04-27T07:35:00+02:00,0,1,0,0,0,0,0,0,0,0,0,0,8,0,0,0,0,0,0,0,0,0,0
2026-04-27T07:35:00+02:00,2026-04-27T07:40:00+02:00,0,1,0,0,0,0,0,0,0,0,0,0,5,0,0,0,0,0,0,0,0,0,0
2026-04-27T07:40:00+02:00,2026-04-27T07:45:00+02:00,0,0,0,0,0,0,0,0,0,0,0,0,7,0,0,0,0,0,0,0,0,0,0
2026-04-27T07:45:00+02:00,2026-04-27T07:50:00+02:00,0,0,0,0,0,0,0,0,0,0,0,0,3,0,0,0,0,0,0,0,0,0,0
2026-04-27T07:50:00+02:00,2026-04-27T07:55:00+02:00,1,1,0,0,0,0,0,0,0,0,0,0,5,0,0,0,0,0,0,0,0,0,0
2026-04-27T07:55:00+02:00,2026-04-27T08:00:00+02:00,0,1,0,0,0,0,0,0,0,0,0,0,3,0,0,0,0,0,0,0,0,0,0
2026-04-27T08:00:00+02:00,2026-04-27T08:05:00+02:00,0,0,0,0,0,0,0,0,0,0,0,0,4,0,0,0,0,0,0,0,0,0,0
2026-04-27T08:05:00+02:00,2026-04-27T08:10:00+02:00,0,0,0,0,0,0,0,0,0,0,0,0,6,0,0,0,0,0,0,0,0,0,0
2026-04-27T08:10:00+02:00,2026-04-27T08:15:00+02:00,0,2,0,0,0,0,0,0,0,0,0,0,2,0,0,0,0,0,0,0,0,0,0
2026-04-27T08:15:00+02:00,2026-04-27T08:20:00+02:00,0,0,0,0,0,0,0,0,0,0,0,0,4,0,0,0,0,0,0,0,0,0,0
2026-04-27T08:20:00+02:00,2026-04-27T08:25:00+02:00,0,1,0,0,0,0,0,0,0,0,0,0,7,1,0,0,0,0,0,0,0,0,0
2026-04-27T08:25:00+02:00,2026-04-27T08:30:00+02:00,0,0,0,0,0,0,0,0,0,0,0,0,8,0,0,0,0,0,0,0,0,0,0
2026-04-27T08:30:00+02:00,2026-04-27T08:35:00+02:00,0,0,0,0,0,0,0,0,0,0,0,0,7,0,0,0,0,0,0,0,0,0,0
2026-04-27T08:35:00+02:00,2026-04-27T08:40:00+02:00,1,0,0,0,0,0,0,0,0,0,0,0,3,0,0,0,0,0,0,0,0,0,0
2026-04-27T08:40:00+02:00,2026-04-27T08:45:00+02:00,0,0,0,0,0,0,0,0,0,0,0,0,6,0,0,0,0,0,0,0,0,0,0
2026-04-27T08:45:00+02:00,2026-04-27T08:50:00+02:00,0,0,0,0,0,0,0,0,0,0,0,0,8,0,0,0,0,0,0,0,0,0,0
2026-04-27T08:50:00+02:00,2026-04-27T08:55:00+02:00,0,2,0,0,0,0,0,0,0,0,0,0,8,0,0,0,0,0,0,0,0,0,0
2026-04-27T08:55:00+02:00,2026-04-27T09:00:00+02:00,0,2,0,0,0,0,0,0,0,0,0,0,8,0,0,0,0,0,0,0,0,0,0
2026-04-27T09:00:00+02:00,2026-04-27T09:05:00+02:00,0,0,0,0,0,0,0,0,0,0,0,0,13,0,0,0,0,0,0,0,0,0,0
2026-04-27T09:05:00+02:00,2026-04-27T09:10:00+02:00,0,1,0,0,0,0,0,0,0,0,0,0,9,0,0,0,0,0,0,0,0,0,0
2026-04-27T09:10:00+02:00,2026-04-27T09:15:00+02:00,0,0,0,0,0,0,0,0,0,0,0,0,8,0,0,0,0,0,0,0,0,0,0
2026-04-27T09:15:00+02:00,2026-04-27T09:20:00+02:00,0,1,0,0,0,0,0,0,0,0,0,0,9,0,0,0,0,0,0,0,0,0,0
2026-04-27T09:20:00+02:00,2026-04-27T09:25:00+02:00,0,0,0,0,0,0,0,0,0,0,0,0,15,0,0,0,0,0,0,0,0,0,0
2026-04-27T09:25:00+02:00,2026-04-27T09:30:00+02:00,0,2,0,0,0,0,0,0,0,0,0,0,12,0,0,0,0,0,0,0,0,0,0
2026-04-27T09:30:00+02:00,2026-04-27T09:35:00+02:00,0,1,0,0,0,0,0,0,0,0,0,0,12,1,0,0,0,0,0,0,0,0,0
2026-04-27T09:35:00+02:00,2026-04-27T09:40:00+02:00,0,2,0,0,0,0,0,0,0,0,0,0,11,0,0,0,0,0,0,0,0,0,0
2026-04-27T09:40:00+02:00,2026-04-27T09:45:00+02:00,0,3,0,0,0,0,0,0,0,0,0,0,13,1,0,0,0,0,0,0,0,0,0
2026-04-27T09:45:00+02:00,2026-04-27T09:50:00+02:00,0,1,0,0,0,0,0,0,0,0,0,0,7,0,0,0,0,0,0,0,0,0,0
2026-04-27T09:50:00+02:00,2026-04-27T09:55:00+02:00,0,1,0,0,0,0,0,0,0,0,0,0,6,0,0,0,0,0,0,0,0,0,0
2026-04-27T09:55:00+02:00,2026-04-27T10:00:00+02:00,0,0,0,0,0,0,0,0,0,0,0,0,12,0,0,0,0,0,0,0,0,0,0
2026-04-27T10:00:00+02:00,2026-04-27T10:05:00+02:00,0,0,0,0,0,0,0,0,0,0,0,0,16,0,0,0,0,0,0,0,0,0,0
2026-04-27T10:05:00+02:00,2026-04-27T10:10:00+02:00,0,2,0,0,0,0,0,0,0,0,0,0,5,0,0,0,0,0,0,0,0,0,0
2026-04-27T10:10:00+02:00,2026-04-27T10:15:00+02:00,0,0,0,0,0,0,0,0,0,0,0,0,10,0,0,0,0,0,0,0,0,0,0
2026-04-27T10:15:00+02:00,2026-04-27T10:20:00+02:00,0,4,0,0,0,0,0,0,0,0,0,0,18,2,0,0,0,0,0,0,0,0,0
2026-04-27T10:20:00+02:00,2026-04-27T10:25:00+02:00,0,0,0,0,0,0,0,0,0,0,0,0,14,0,0,0,0,0,0,0,0,0,0
2026-04-27T10:25:00+02:00,2026-04-27T10:30:00+02:00,0,0,0,0,0,0,0,0,0,0,0,0,11,0,0,0,0,0,0,0,0,0,0
2026-04-27T10:30:00+02:00,2026-04-27T10:35:00+02:00,0,1,0,0,0,0,0,0,0,0,0,0,12,0,0,0,0,0,0,0,0,0,0
2026-04-27T10:35:00+02:00,2026-04-27T10:40:00+02:00,0,0,0,0,0,0,0,0,0,0,0,0,15,0,0,0,0,0,0,0,0,0,0
2026-04-27T10:40:00+02:00,2026-04-27T10:45:00+02:00,1,1,0,0,0,0,0,0,0,0,0,0,9,1,0,0,0,0,0,0,0,0,0
2026-04-27T10:45:00+02:00,2026-04-27T10:50:00+02:00,0,0,0,0,0,0,0,0,0,0,0,0,16,1,0,0,0,0,0,0,0,0,0
2026-04-27T10:50:00+02:00,2026-04-27T10:55:00+02:00,0,2,0,0,0,0,0,0,0,0,0,0,17,0,0,0,0,0,0,0,0,0,0
2026-04-27T10:55:00+02:00,2026-04-27T11:00:00+02:00,0,3,0,0,0,0,0,0,0,0,0,0,5,0,0,0,0,0,0,0,0,0,0
2026-04-27T11:00:00+02:00,2026-04-27T11:05:00+02:00,0,1,0,0,0,0,0,0,0,0,0,0,9,0,0,0,0,0,0,0,0,0,0
2026-04-27T11:05:00+02:00,2026-04-27T11:10:00+02:00,0,1,0,0,0,0,0,0,0,0,0,0,19,0,0,0,0,0,0,0,0,0,0
2026-04-27T11:10:00+02:00,2026-04-27T11:15:00+02:00,0,1,0,0,0,0,0,0,0,0,0,0,6,0,0,0,0,0,0,0,0,0,0
2026-04-27T11:15:00+02:00,2026-04-27T11:20:00+02:00,0,3,0,0,0,0,0,0,0,0,0,0,21,0,0,0,0,0,0,0,0,0,0
2026-04-27T11:20:00+02:00,2026-04-27T11:25:00+02:00,0,2,0,0,0,0,0,0,0,0,0,0,8,0,0,0,0,0,0,0,0,0,0
2026-04-27T11:25:00+02:00,2026-04-27T11:30:00+02:00,0,1,0,0,0,0,0,0,0,0,0,0,11,0,0,0,0,0,0,0,0,0,0
2026-04-27T11:30:00+02:00,2026-04-27T11:35:00+02:00,0,1,0,0,0,0,0,0,0,0,0,0,18,0,0,0,0,0,0,0,0,0,0
2026-04-27T11:35:00+02:00,2026-04-27T11:40:00+02:00,0,0,0,0,0,0,0,0,0,0,0,0,11,0,0,0,0,0,0,0,0,0,0
2026-04-27T11:40:00+02:00,2026-04-27T11:45:00+02:00,0,1,0,0,0,0,0,0,0,0,0,0,14,0,0,0,0,0,0,0,0,0,0
2026-04-27T11:45:00+02:00,2026-04-27T11:50:00+02:00,0,3,0,0,0,0,0,0,0,0,0,0,8,0,0,0,0,0,0,0,0,0,0
2026-04-27T11:50:00+02:00,2026-04-27T11:55:00+02:00,0,0,0,0,0,0,0,0,0,0,0,0,9,0,0,0,0,0,0,0,0,0,0
2026-04-27T11:55:00+02:00,2026-04-27T12:00:00+02:00,0,0,0,0,0,0,0,0,0,0,0,0,9,0,0,0,0,0,0,0,0,0,0
2026-04-27T12:00:00+02:00,2026-04-27T12:05:00+02:00,0,0,0,0,0,0,0,0,0,0,0,0,22,0,0,0,0,0,0,0,0,0,0
2026-04-27T12:05:00+02:00,2026-04-27T12:10:00+02:00,0,0,0,0,0,0,0,0,0,0,0,0,20,0,0,0,0,0,0,0,0,0,0
2026-04-27T12:10:00+02:00,2026-04-27T12:15:00+02:00,0,0,0,0,0,0,0,0,0,0,0,0,10,0,0,0,0,0,0,0,0,0,0
2026-04-27T12:15:00+02:00,2026-04-27T12:20:00+02:00,0,0,0,0,0,0,0,0,0,0,0,0,13,1,0,0,0,0,0,0,0,0,0
2026-04-27T12:20:00+02:00,2026-04-27T12:25:00+02:00,0,1,0,0,0,0,0,0,0,0,0,0,10,0,0,0,0,0,0,0,0,0,0
2026-04-27T12:25:00+02:00,2026-04-27T12:30:00+02:00,0,0,0,0,0,0,0,0,0,0,0,0,7,1,0,0,0,0,0,0,0,0,0
2026-04-27T12:30:00+02:00,2026-04-27T12:35:00+02:00,0,0,0,0,0,0,0,0,0,0,0,0,3,0,0,0,0,0,0,0,0,0,0
2026-04-27T12:35:00+02:00,2026-04-27T12:40:00+02:00,0,1,0,0,0,0,0,0,0,0,0,0,8,0,0,0,0,0,0,0,0,0,0
2026-04-27T12:40:00+02:00,2026-04-27T12:45:00+02:00,0,0,0,0,0,0,0,0,0,0,0,0,19,0,0,0,0,0,0,0,0,0,0
2026-04-27T12:45:00+02:00,2026-04-27T12:50:00+02:00,0,1,0,0,0,0,0,0,0,0,0,0,16,0,0,0,0,0,0,0,0,0,0
2026-04-27T12:50:00+02:00,2026-04-27T12:55:00+02:00,0,0,0,0,0,0,0,0,0,0,0,0,18,0,0,0,0,0,0,0,0,0,0
2026-04-27T12:55:00+02:00,2026-04-27T13:00:00+02:00,0,1,0,0,0,0,0,0,0,0,0,0,6,0,0,0,0,0,0,0,0,0,0
2026-04-27T13:00:00+02:00,2026-04-27T13:05:00+02:00,0,2,0,0,0,0,0,0,0,0,0,0,4,0,0,0,0,0,0,0,0,0,0
2026-04-27T13:05:00+02:00,2026-04-27T13:10:00+02:00,0,1,0,0,0,0,0,0,0,0,0,0,7,0,0,0,0,0,0,0,0,0,0
2026-04-27T13:10:00+02:00,2026-04-27T13:15:00+02:00,0,1,0,0,0,0,0,0,0,0,0,0,12,0,1,0,0,0,0,0,0,0,0
2026-04-27T13:15:00+02:00,2026-04-27T13:20:00+02:00,0,1,0,0,0,0,0,0,0,0,0,0,10,0,0,0,0,0,0,0,0,0,0
2026-04-27T13:20:00+02:00,2026-04-27T13:25:00+02:00,0,1,0,0,0,0,0,0,0,0,0,0,14,0,0,0,0,0,0,0,0,0,0
2026-04-27T13:25:00+02:00,2026-04-27T13:30:00+02:00,0,2,0,0,0,0,0,0,0,0,0,0,4,0,0,0,0,0,0,0,0,0,0
2026-04-27T13:30:00+02:00,2026-04-27T13:35:00+02:00,0,0,0,0,0,0,0,0,0,0,0,0,5,0,0,0,0,0,0,0,0,0,0
2026-04-27T13:35:00+02:00,2026-04-27T13:40:00+02:00,0,3,0,0,0,0,0,0,0,0,0,0,13,0,0,0,0,0,0,0,0,0,0
2026-04-27T13:40:00+02:00,2026-04-27T13:45:00+02:00,0,4,0,0,0,0,0,0,0,0,0,0,23,0,0,0,0,0,0,0,0,0,0
2026-04-27T13:45:00+02:00,2026-04-27T13:50:00+02:00,0,2,0,0,0,0,0,0,0,0,0,0,19,0,0,0,0,0,0,0,0,0,0
2026-04-27T13:50:00+02:00,2026-04-27T13:55:00+02:00,0,1,0,0,0,0,0,0,0,0,0,0,11,0,0,0,0,0,0,0,0,0,0
2026-04-27T13:55:00+02:00,2026-04-27T14:00:00+02:00,0,0,0,0,0,0,0,0,0,0,0,0,26,0,0,0,0,0,0,0,0,0,0
2026-04-27T14:00:00+02:00,2026-04-27T14:05:00+02:00,0,0,0,0,0,0,0,0,0,0,0,0,17,0,0,0,0,0,0,0,0,0,0
2026-04-27T14:05:00+02:00,2026-04-27T14:10:00+02:00,0,1,0,0,0,0,0,0,0,0,0,0,27,0,1,0,0,0,0,0,0,0,0
2026-04-27T14:10:00+02:00,2026-04-27T14:15:00+02:00,0,0,0,0,0,0,0,0,0,0,0,0,14,0,0,0,0,0,0,0,0,0,0
2026-04-27T14:15:00+02:00,2026-04-27T14:20:00+02:00,0,1,0,0,0,0,0,0,0,0,0,0,18,0,0,0,0,0,0,0,0,0,0
2026-04-27T14:20:00+02:00,2026-04-27T14:25:00+02:00,0,4,0,0,0,0,0,0,0,0,0,0,15,0,1,0,0,0,0,0,0,0,0
2026-04-27T14:25:00+02:00,2026-04-27T14:30:00+02:00,0,4,0,0,0,0,0,0,0,0,0,0,15,0,0,0,0,0,0,0,0,0,0
2026-04-27T14:30:00+02:00,2026-04-27T14:35:00+02:00,0,1,0,0,0,0,0,0,0,0,0,0,32,0,0,0,0,0,0,0,0,0,0
2026-04-27T14:35:00+02:00,2026-04-27T14:40:00+02:00,0,0,0,0,0,0,0,0,0,0,0,0,12,0,0,0,0,0,0,0,0,0,0
2026-04-27T14:40:00+02:00,2026-04-27T14:45:00+02:00,0,1,0,0,0,0,0,0,0,0,0,0,18,0,0,0,0,0,0,0,0,0,0
2026-04-27T14:45:00+02:00,2026-04-27T14:50:00+02:00,0,6,0,0,0,0,0,0,0,0,0,0,14,0,0,0,0,0,0,0,0,0,0
2026-04-27T14:50:00+02:00,2026-04-27T14:55:00+02:00,0,1,0,0,0,0,0,0,0,0,0,0,16,0,0,0,0,0,0,0,0,0,0
2026-04-27T14:55:00+02:00,2026-04-27T15:00:00+02:00,0,1,0,0,0,0,0,0,0,0,0,0,14,0,0,0,0,0,0,0,0,0,0
2026-04-27T15:00:00+02:00,2026-04-27T15:05:00+02:00,0,2,0,0,0,0,0,0,0,0,0,0,10,0,0,0,0,0,0,0,0,0,0
2026-04-27T15:05:00+02:00,2026-04-27T15:10:00+02:00,0,2,0,0,0,0,0,0,0,0,0,0,12,0,0,0,0,0,0,0,0,0,0
2026-04-27T15:10:00+02:00,2026-04-27T15:15:00+02:00,0,0,0,0,0,0,0,0,0,0,0,0,20,0,2,0,0,0,0,0,0,0,0
2026-04-27T15:15:00+02:00,2026-04-27T15:20:00+02:00,0,2,0,0,0,0,0,0,0,0,0,0,11,0,0,0,0,0,0,0,0,0,0
2026-04-27T15:20:00+02:00,2026-04-27T15:25:00+02:00,0,2,0,0,0,0,0,0,0,0,0,0,16,1,1,0,0,0,0,0,0,0,0
2026-04-27T15:25:00+02:00,2026-04-27T15:30:00+02:00,0,1,0,0,0,0,0,0,0,0,0,0,9,0,0,0,0,0,0,0,0,0,0
2026-04-27T15:30:00+02:00,2026-04-27T15:35:00+02:00,0,1,0,0,0,0,0,0,0,0,0,0,11,0,0,0,0,0,0,0,0,0,0
2026-04-27T15:35:00+02:00,2026-04-27T15:40:00+02:00,0,2,0,0,0,0,0,0,0,0,0,0,11,0,0,0,0,0,0,0,0,0,0
2026-04-27T15:40:00+02:00,2026-04-27T15:45:00+02:00,0,2,0,0,0,0,0,0,0,0,0,0,14,0,0,0,0,0,0,0,0,0,0
2026-04-27T15:45:00+02:00,2026-04-27T15:50:00+02:00,0,1,0,0,0,0,0,0,0,0,0,0,6,0,0,0,0,0,0,0,0,0,0
2026-04-27T15:50:00+02:00,2026-04-27T15:55:00+02:00,0,3,0,0,0,0,0,0,0,0,0,0,11,0,0,0,0,0,0,0,0,0,0
2026-04-27T15:55:00+02:00,2026-04-27T16:00:00+02:00,0,1,0,0,0,0,0,0,0,0,0,0,14,0,0,0,0,0,0,0,0,0,0
2026-04-27T16:00:00+02:00,2026-04-27T16:05:00+02:00,0,1,0,0,0,0,0,0,0,0,0,0,5,0,0,0,0,0,0,0,0,0,0
2026-04-27T16:05:00+02:00,2026-04-27T16:10:00+02:00,0,1,0,0,0,0,0,0,0,0,0,0,6,0,0,0,0,0,0,0,0,0,0
2026-04-27T16:10:00+02:00,2026-04-27T16:15:00+02:00,0,2,0,0,0,0,0,0,0,0,0,0,17,0,1,0,0,0,0,0,0,0,0
2026-04-27T16:15:00+02:00,2026-04-27T16:20:00+02:00,0,0,0,0,0,0,0,0,0,0,0,0,9,0,0,0,0,0,0,0,0,0,0
2026-04-27T16:20:00+02:00,2026-04-27T16:25:00+02:00,0,1,0,0,0,0,0,0,0,0,0,0,15,0,1,0,0,0,0,0,0,0,0
2026-04-27T16:25:00+02:00,2026-04-27T16:30:00+02:00,0,0,0,0,0,0,0,0,0,0,0,0,11,0,0,0,0,0,0,0,0,0,0
2026-04-27T16:30:00+02:00,2026-04-27T16:35:00+02:00,0,0,0,0,0,0,0,0,0,0,0,0,5,0,0,0,0,0,0,0,0,0,0
2026-04-27T16:35:00+02:00,2026-04-27T16:40:00+02:00,0,0,0,0,0,0,0,0,0,0,0,0,4,0,1,0,0,0,0,0,0,0,0
2026-04-27T16:40:00+02:00,2026-04-27T16:45:00+02:00,0,1,0,0,0,0,0,0,0,0,0,0,8,0,0,0,0,0,0,0,0,0,0
2026-04-27T16:45:00+02:00,2026-04-27T16:50:00+02:00,0,1,0,0,0,0,0,0,0,0,0,0,7,0,0,0,0,0,0,0,0,0,0
2026-04-27T16:50:00+02:00,2026-04-27T16:55:00+02:00,0,1,0,0,0,0,0,0,0,0,0,0,9,0,1,0,0,0,0,0,0,0,0
2026-04-27T16:55:00+02:00,2026-04-27T17:00:00+02:00,0,2,0,0,0,0,0,0,0,0,0,0,7,0,0,0,0,0,0,0,0,0,0
2026-04-27T17:00:00+02:00,2026-04-27T17:05:00+02:00,0,0,0,0,0,0,0,0,0,0,0,0,11,0,0,0,0,0,0,0,0,0,0
2026-04-27T17:05:00+02:00,2026-04-27T17:10:00+02:00,0,0,0,0,0,0,0,0,0,0,0,0,8,0,0,0,0,0,0,0,0,0,0
2026-04-27T17:10:00+02:00,2026-04-27T17:15:00+02:00,0,0,0,0,0,0,0,0,0,0,0,0,3,0,0,0,0,0,0,0,0,0,0
2026-04-27T17:15:00+02:00,2026-04-27T17:20:00+02:00,0,0,0,0,0,0,0,0,0,0,0,0,1,0,0,0,0,0,0,0,0,0,0
2026-04-27T17:20:00+02:00,2026-04-27T17:25:00+02:00,0,0,0,0,0,0,0,0,0,0,0,0,2,0,0,0,0,0,0,0,0,0,0
2026-04-27T17:25:00+02:00,2026-04-27T17:30:00+02:00,0,0,0,0,0,0,0,0,0,0,0,0,2,0,0,0,0,0,0,0,0,0,0
2026-04-27T17:30:00+02:00,2026-04-27T17:35:00+02:00,0,1,0,0,0,0,0,0,0,0,0,0,3,0,0,0,0,0,0,0,0,0,0
2026-04-27T17:35:00+02:00,2026-04-27T17:40:00+02:00,2,2,0,0,0,0,0,0,0,0,0,0,2,0,0,0,0,0,0,0,0,0,0
2026-04-27T17:40:00+02:00,2026-04-27T17:45:00+02:00,0,0,0,0,0,0,0,0,0,0,0,0,6,0,0,0,0,0,0,0,0,0,0
2026-04-27T17:45:00+02:00,2026-04-27T17:50:00+02:00,0,1,0,0,0,0,0,0,0,0,0,0,2,0,0,0,0,0,0,0,0,0,0
2026-04-27T17:50:00+02:00,2026-04-27T17:55:00+02:00,0,0,0,0,0,0,0,0,0,0,0,0,6,0,0,0,0,0,0,0,0,0,0
2026-04-27T17:55:00+02:00,2026-04-27T18:00:00+02:00,0,1,0,0,0,0,0,0,0,0,0,0,8,0,0,0,0,0,0,0,0,0,0
2026-04-27T18:00:00+02:00,2026-04-27T18:05:00+02:00,0,2,0,0,0,0,0,0,0,0,0,0,4,0,0,0,0,0,0,0,0,0,0
2026-04-27T18:05:00+02:00,2026-04-27T18:10:00+02:00,0,3,0,0,0,0,0,0,0,0,0,0,9,0,0,0,0,0,0,0,0,0,0
2026-04-27T18:10:00+02:00,2026-04-27T18:15:00+02:00,0,1,0,0,0,0,0,0,0,0,0,0,3,0,1,0,0,0,0,0,0,0,0
2026-04-27T18:15:00+02:00,2026-04-27T18:20:00+02:00,0,0,0,0,0,0,0,0,0,0,0,0,4,0,0,0,0,0,0,0,0,0,0
2026-04-27T18:20:00+02:00,2026-04-27T18:25:00+02:00,0,3,0,0,0,0,0,0,0,0,0,0,4,0,0,0,0,0,0,0,0,0,0
2026-04-27T18:25:00+02:00,2026-04-27T18:30:00+02:00,0,0,0,0,0,0,0,0,0,0,0,0,3,0,0,0,0,0,0,0,0,0,0
2026-04-27T18:30:00+02:00,2026-04-27T18:35:00+02:00,1,2,0,0,0,0,0,0,0,0,0,0,6,0,0,0,0,0,0,0,0,0,0
2026-04-27T18:35:00+02:00,2026-04-27T18:40:00+02:00,0,1,0,0,0,0,0,0,0,0,0,0,3,0,0,0,0,0,0,0,0,0,0
2026-04-27T18:40:00+02:00,2026-04-27T18:45:00+02:00,0,0,0,0,0,0,0,0,0,0,1,0,6,0,0,0,0,0,0,0,0,0,0
2026-04-27T18:45:00+02:00,2026-04-27T18:50:00+02:00,0,2,0,0,0,0,0,0,0,0,0,0,3,0,0,0,0,0,0,0,0,0,0
2026-04-27T18:50:00+02:00,2026-04-27T18:55:00+02:00,0,0,0,0,0,0,0,0,0,0,0,0,4,0,0,0,0,0,0,0,0,0,0
2026-04-27T18:55:00+02:00,2026-04-27T19:00:00+02:00,0,0,0,0,0,0,0,0,0,0,0,0,0,0,0,0,0,0,0,0,0,0,0
2026-04-27T19:00:00+02:00,2026-04-27T19:05:00+02:00,0,2,0,0,0,0,0,0,0,0,0,0,2,0,0,0,0,0,0,0,0,0,0
2026-04-27T19:05:00+02:00,2026-04-27T19:10:00+02:00,0,2,0,0,0,0,0,0,0,0,0,0,3,0,0,0,0,0,0,0,0,0,0
2026-04-27T19:10:00+02:00,2026-04-27T19:15:00+02:00,0,0,0,0,0,0,0,0,0,0,0,0,6,0,0,0,0,0,0,0,0,0,0
2026-04-27T19:15:00+02:00,2026-04-27T19:20:00+02:00,0,1,0,0,0,0,0,0,0,0,0,0,1,0,0,0,0,0,0,0,0,0,0
2026-04-27T19:20:00+02:00,2026-04-27T19:25:00+02:00,0,1,0,0,0,0,0,0,0,0,0,0,3,0,0,0,0,0,0,0,0,0,0
2026-04-27T19:25:00+02:00,2026-04-27T19:30:00+02:00,0,0,0,0,0,0,0,0,0,0,0,0,0,0,0,0,0,0,0,0,0,0,0
2026-04-27T19:30:00+02:00,2026-04-27T19:35:00+02:00,0,0,0,0,0,0,0,0,0,0,0,0,0,0,0,0,0,0,0,0,0,0,0
2026-04-27T19:35:00+02:00,2026-04-27T19:40:00+02:00,0,0,0,0,0,0,0,0,0,0,0,0,7,0,0,0,0,0,0,0,0,0,0
2026-04-27T19:40:00+02:00,2026-04-27T19:45:00+02:00,1,0,0,0,0,0,0,0,0,0,0,0,2,0,0,0,0,0,0,0,0,0,0
2026-04-27T19:45:00+02:00,2026-04-27T19:50:00+02:00,0,1,0,0,0,0,0,0,0,0,0,0,1,0,0,0,0,0,0,0,0,0,0
2026-04-27T19:50:00+02:00,2026-04-27T19:55:00+02:00,0,1,0,0,0,0,0,0,0,0,0,0,1,0,0,0,0,0,0,0,0,0,0
2026-04-27T19:55:00+02:00,2026-04-27T20:00:00+02:00,0,0,0,0,0,0,0,0,0,0,0,0,1,0,0,0,0,0,0,0,0,0,0
2026-04-27T20:00:00+02:00,2026-04-27T20:05:00+02:00,0,0,0,0,0,0,0,0,0,0,0,0,1,0,0,0,0,0,0,0,0,0,0
2026-04-27T20:05:00+02:00,2026-04-27T20:10:00+02:00,0,0,0,0,0,0,0,0,0,0,0,0,0,0,0,0,0,0,0,0,0,0,0
2026-04-27T20:10:00+02:00,2026-04-27T20:15:00+02:00,0,1,0,0,0,0,0,0,0,0,0,0,1,0,0,0,0,0,0,0,0,0,0
2026-04-27T20:15:00+02:00,2026-04-27T20:20:00+02:00,0,0,0,0,0,0,0,0,0,0,0,0,2,0,0,0,0,0,0,0,0,0,0
2026-04-27T20:20:00+02:00,2026-04-27T20:25:00+02:00,0,0,0,0,0,0,0,0,0,0,0,0,1,0,0,0,0,0,0,0,0,0,0
2026-04-27T20:25:00+02:00,2026-04-27T20:30:00+02:00,0,0,0,0,0,0,0,0,0,0,0,0,0,0,0,0,0,0,0,0,0,0,0
2026-04-27T20:30:00+02:00,2026-04-27T20:35:00+02:00,0,0,0,0,0,0,0,0,0,0,0,0,3,0,0,0,0,0,0,0,0,0,0
2026-04-27T20:35:00+02:00,2026-04-27T20:40:00+02:00,0,0,0,0,0,0,0,0,0,0,0,0,1,0,0,0,0,0,0,0,0,0,0
2026-04-27T20:40:00+02:00,2026-04-27T20:45:00+02:00,0,0,0,0,0,0,0,0,0,0,0,0,0,0,0,0,0,0,0,0,0,0,0
2026-04-27T20:45:00+02:00,2026-04-27T20:50:00+02:00,0,0,0,0,0,0,0,0,0,0,0,0,6,0,0,0,0,0,0,0,0,0,0
2026-04-27T20:50:00+02:00,2026-04-27T20:55:00+02:00,0,0,0,0,0,0,0,0,0,0,0,0,0,0,0,0,0,0,0,0,0,0,0
2026-04-27T20:55:00+02:00,2026-04-27T21:00:00+02:00,0,0,0,0,0,0,0,0,0,0,0,0,0,0,0,0,0,0,0,0,0,0,0
2026-04-27T21:00:00+02:00,2026-04-27T21:05:00+02:00,0,0,0,0,0,0,0,0,0,0,0,0,1,0,0,0,0,0,0,0,0,0,0
2026-04-27T21:05:00+02:00,2026-04-27T21:10:00+02:00,0,0,0,0,0,0,0,0,0,0,0,0,0,0,0,0,0,0,0,0,0,0,0
2026-04-27T21:10:00+02:00,2026-04-27T21:15:00+02:00,0,0,0,0,0,0,0,0,0,0,0,0,0,0,0,0,0,0,0,0,0,0,0
2026-04-27T21:15:00+02:00,2026-04-27T21:20:00+02:00,0,0,0,0,0,0,0,0,0,0,0,0,2,0,0,0,0,0,0,0,0,0,0
2026-04-27T21:20:00+02:00,2026-04-27T21:25:00+02:00,0,0,0,0,0,0,0,0,0,0,0,0,0,0,0,0,0,0,0,0,0,0,0
2026-04-27T21:25:00+02:00,2026-04-27T21:30:00+02:00,0,0,0,0,0,0,0,0,0,0,0,0,2,0,0,0,0,0,0,0,0,0,0
2026-04-27T21:30:00+02:00,2026-04-27T21:35:00+02:00,0,0,0,0,0,0,0,0,0,0,0,0,2,0,0,0,0,0,0,0,0,0,0
2026-04-27T21:35:00+02:00,2026-04-27T21:40:00+02:00,0,0,0,0,0,0,0,0,0,0,0,0,1,0,0,0,0,0,0,0,0,0,0
2026-04-27T21:40:00+02:00,2026-04-27T21:45:00+02:00,0,0,0,0,0,0,0,0,0,0,0,0,0,0,0,0,0,0,0,0,0,0,0
2026-04-27T21:45:00+02:00,2026-04-27T21:50:00+02:00,1,0,0,0,0,0,0,0,0,0,0,0,1,0,0,0,0,0,0,0,0,0,0
2026-04-27T21:50:00+02:00,2026-04-27T21:55:00+02:00,0,0,0,0,0,0,0,0,0,0,0,0,0,0,0,0,0,0,0,0,0,0,0
2026-04-27T21:55:00+02:00,2026-04-27T22:00:00+02:00,0,0,0,0,0,0,0,0,0,0,0,0,1,0,0,0,0,0,0,0,0,0,0
2026-04-27T22:00:00+02:00,2026-04-27T22:05:00+02:00,0,0,0,0,0,0,0,0,0,0,0,0,3,0,0,0,0,0,0,0,0,0,0
2026-04-27T22:05:00+02:00,2026-04-27T22:10:00+02:00,0,0,0,0,0,0,0,0,0,0,0,0,0,0,0,0,0,0,0,0,0,0,0
2026-04-27T22:10:00+02:00,2026-04-27T22:15:00+02:00,0,0,0,0,0,0,0,0,0,0,0,0,0,0,0,0,0,0,0,0,0,0,0
2026-04-27T22:15:00+02:00,2026-04-27T22:20:00+02:00,0,0,0,0,0,0,0,0,0,0,0,0,2,0,0,0,0,0,0,0,0,0,0
2026-04-27T22:20:00+02:00,2026-04-27T22:25:00+02:00,0,0,0,0,0,0,0,0,0,0,0,0,0,0,0,0,0,0,0,0,0,0,0
2026-04-27T22:25:00+02:00,2026-04-27T22:30:00+02:00,0,0,0,0,0,0,0,0,0,0,0,0,0,0,0,0,0,0,0,0,0,0,0
2026-04-27T22:30:00+02:00,2026-04-27T22:35:00+02:00,0,0,0,0,0,0,0,0,0,0,0,0,0,0,0,0,0,0,0,0,0,0,0
2026-04-27T22:35:00+02:00,2026-04-27T22:40:00+02:00,0,0,0,0,0,0,0,0,0,0,0,0,0,0,0,0,0,0,0,0,0,0,0
2026-04-27T22:40:00+02:00,2026-04-27T22:45:00+02:00,0,0,0,0,0,0,0,0,0,0,0,0,0,0,0,0,0,0,0,0,0,0,0
2026-04-27T22:45:00+02:00,2026-04-27T22:50:00+02:00,0,0,0,0,0,0,0,0,0,0,0,0,0,0,0,0,0,0,0,0,0,0,0
2026-04-27T22:50:00+02:00,2026-04-27T22:55:00+02:00,0,0,0,0,0,0,0,0,0,0,0,0,0,0,0,0,0,0,0,0,0,0,0
2026-04-27T22:55:00+02:00,2026-04-27T23:00:00+02:00,0,0,0,0,0,0,0,0,0,0,0,0,0,0,0,0,0,0,0,0,0,0,0
2026-04-27T23:00:00+02:00,2026-04-27T23:05:00+02:00,0,0,0,0,0,0,0,0,0,0,0,0,0,0,0,0,0,0,0,0,0,0,0
2026-04-27T23:05:00+02:00,2026-04-27T23:10:00+02:00,0,0,0,0,0,0,0,0,0,0,0,0,0,0,0,0,0,0,0,0,0,0,0
2026-04-27T23:10:00+02:00,2026-04-27T23:15:00+02:00,0,0,0,0,0,0,0,0,0,0,0,0,0,0,0,0,0,0,0,0,0,0,0
2026-04-27T23:15:00+02:00,2026-04-27T23:20:00+02:00,0,0,0,0,0,0,0,0,0,0,0,0,0,0,0,0,0,0,0,0,0,0,0
2026-04-27T23:20:00+02:00,2026-04-27T23:25:00+02:00,0,1,0,0,0,0,0,0,0,0,0,0,1,0,0,0,0,0,0,0,0,0,0
2026-04-27T23:25:00+02:00,2026-04-27T23:30:00+02:00,0,0,0,0,0,0,0,0,0,0,0,0,0,0,0,0,0,0,0,0,0,0,0
2026-04-27T23:30:00+02:00,2026-04-27T23:35:00+02:00,0,0,0,0,0,0,0,0,0,0,0,0,0,0,0,0,0,0,0,0,0,0,0
2026-04-27T23:35:00+02:00,2026-04-27T23:40:00+02:00,0,0,0,0,0,0,0,0,0,0,0,0,0,0,0,0,0,0,0,0,0,0,0
2026-04-27T23:40:00+02:00,2026-04-27T23:45:00+02:00,0,0,0,0,0,0,0,0,0,0,0,0,0,0,0,0,0,0,0,0,0,0,0
2026-04-27T23:45:00+02:00,2026-04-27T23:50:00+02:00,0,0,0,0,0,0,0,0,0,0,0,0,0,0,0,0,0,0,0,0,0,0,0
2026-04-27T23:50:00+02:00,2026-04-27T23:55:00+02:00,0,0,0,0,0,0,0,0,0,0,0,0,0,0,0,0,0,0,0,0,0,0,0
2026-04-27T23:55:00+02:00,2026-04-28T00:00:00+02:00,0,0,0,0,0,0,0,0,0,0,0,0,0,0,0,0,0,0,0,0,0,0,0
2026-04-28T00:00:00+02:00,2026-04-28T00:05:00+02:00,0,0,0,0,0,0,0,0,0,0,0,0,0,0,0,0,0,0,0,0,0,0,0
2026-04-28T00:05:00+02:00,2026-04-28T00:10:00+02:00,0,0,0,0,0,0,0,0,0,0,0,0,0,0,0,0,0,0,0,0,0,0,0
2026-04-28T00:10:00+02:00,2026-04-28T00:15:00+02:00,0,0,0,0,0,0,0,0,0,0,0,0,0,0,0,0,0,0,0,0,0,0,0
2026-04-28T00:15:00+02:00,2026-04-28T00:20:00+02:00,0,0,0,0,0,0,0,0,0,0,0,0,0,0,0,0,0,0,0,0,0,0,0
2026-04-28T00:20:00+02:00,2026-04-28T00:25:00+02:00,0,0,0,0,0,0,0,0,0,0,0,0,0,0,0,0,0,0,0,0,0,0,0
2026-04-28T00:25:00+02:00,2026-04-28T00:30:00+02:00,0,0,0,0,0,0,0,0,0,0,0,0,0,0,0,0,0,0,0,0,0,0,0
2026-04-28T00:30:00+02:00,2026-04-28T00:35:00+02:00,0,0,0,0,0,0,0,0,0,0,0,0,0,0,0,0,0,0,0,0,0,0,0
2026-04-28T00:35:00+02:00,2026-04-28T00:40:00+02:00,0,0,0,0,0,0,0,0,0,0,0,0,0,0,0,0,0,0,0,0,0,0,0
2026-04-28T00:40:00+02:00,2026-04-28T00:45:00+02:00,0,0,0,0,0,0,0,0,0,0,0,0,0,0,0,0,0,0,0,0,0,0,0
2026-04-28T00:45:00+02:00,2026-04-28T00:50:00+02:00,0,0,0,0,0,0,0,0,0,0,0,0,0,0,0,0,0,0,0,0,0,0,0
2026-04-28T00:50:00+02:00,2026-04-28T00:55:00+02:00,0,0,0,0,0,0,0,0,0,0,0,0,0,0,0,0,0,0,0,0,0,0,0
2026-04-28T00:55:00+02:00,2026-04-28T01:00:00+02:00,0,0,0,0,0,0,0,0,0,0,0,0,0,0,0,0,0,0,0,0,0,0,0
2026-04-28T01:00:00+02:00,2026-04-28T01:05:00+02:00,0,0,0,0,0,0,0,0,0,0,0,0,0,0,0,0,0,0,0,0,0,0,0
2026-04-28T01:05:00+02:00,2026-04-28T01:10:00+02:00,0,0,0,0,0,0,0,0,0,0,0,0,0,0,0,0,0,0,0,0,0,0,0
2026-04-28T01:10:00+02:00,2026-04-28T01:15:00+02:00,0,0,0,0,0,0,0,0,0,0,0,0,0,0,0,0,0,0,0,0,0,0,0
2026-04-28T01:15:00+02:00,2026-04-28T01:20:00+02:00,0,0,0,0,0,0,0,0,0,0,0,0,0,0,0,0,0,0,0,0,0,0,0
2026-04-28T01:20:00+02:00,2026-04-28T01:25:00+02:00,0,0,0,0,0,0,0,0,0,0,0,0,0,0,0,0,0,0,0,0,0,0,0
2026-04-28T01:25:00+02:00,2026-04-28T01:30:00+02:00,0,0,0,0,0,0,0,0,0,0,0,0,0,0,0,0,0,0,0,0,0,0,0
2026-04-28T01:30:00+02:00,2026-04-28T01:35:00+02:00,0,0,0,0,0,0,0,0,0,0,0,0,0,0,0,0,0,0,0,0,0,0,0
2026-04-28T01:35:00+02:00,2026-04-28T01:40:00+02:00,0,0,0,0,0,0,0,0,0,0,0,0,0,0,0,0,0,0,0,0,0,0,0
2026-04-28T01:40:00+02:00,2026-04-28T01:45:00+02:00,0,0,0,0,0,0,0,0,0,0,0,0,0,0,0,0,0,0,0,0,0,0,0
2026-04-28T01:45:00+02:00,2026-04-28T01:50:00+02:00,0,0,0,0,0,0,0,0,0,0,0,0,0,0,0,0,0,0,0,0,0,0,0
2026-04-28T01:50:00+02:00,2026-04-28T01:55:00+02:00,0,0,0,0,0,0,0,0,0,0,0,0,0,0,0,0,0,0,0,0,0,0,0
2026-04-28T01:55:00+02:00,2026-04-28T02:00:00+02:00,0,0,0,0,0,0,0,0,0,0,0,0,0,0,0,0,0,0,0,0,0,0,0
2026-04-28T02:00:00+02:00,2026-04-28T02:05:00+02:00,0,0,0,0,0,0,0,0,0,0,0,0,0,0,0,0,0,0,0,0,0,0,0
2026-04-28T02:05:00+02:00,2026-04-28T02:10:00+02:00,0,0,0,0,0,0,0,0,0,0,0,0,0,0,0,0,0,0,0,0,0,0,0
2026-04-28T02:10:00+02:00,2026-04-28T02:15:00+02:00,0,0,0,0,0,0,0,0,0,0,0,0,0,0,0,0,0,0,0,0,0,0,0
2026-04-28T02:15:00+02:00,2026-04-28T02:20:00+02:00,0,0,0,0,0,0,0,0,0,0,0,0,0,0,0,0,0,0,0,0,0,0,0
2026-04-28T02:20:00+02:00,2026-04-28T02:25:00+02:00,0,0,0,0,0,0,0,0,0,0,0,0,0,0,0,0,0,0,0,0,0,0,0
2026-04-28T02:25:00+02:00,2026-04-28T02:30:00+02:00,0,0,0,0,0,0,0,0,0,0,0,0,0,0,0,0,0,0,0,0,0,0,0
2026-04-28T02:30:00+02:00,2026-04-28T02:35:00+02:00,0,0,0,0,0,0,0,0,0,0,0,0,0,0,0,0,0,0,0,0,0,0,0
2026-04-28T02:35:00+02:00,2026-04-28T02:40:00+02:00,0,0,0,0,0,0,0,0,0,0,0,0,0,0,0,0,0,0,0,0,0,0,0
2026-04-28T02:40:00+02:00,2026-04-28T02:45:00+02:00,0,0,0,0,0,0,0,0,0,0,0,0,1,0,0,0,0,0,0,0,0,0,0
2026-04-28T02:45:00+02:00,2026-04-28T02:50:00+02:00,0,0,0,0,0,0,0,0,0,0,0,0,0,0,0,0,0,0,0,0,0,0,0
2026-04-28T02:50:00+02:00,2026-04-28T02:55:00+02:00,0,0,0,0,0,0,0,0,0,0,0,0,0,0,0,0,0,0,0,0,0,0,0
2026-04-28T02:55:00+02:00,2026-04-28T03:00:00+02:00,1,0,0,0,0,0,0,0,0,0,0,0,1,0,0,0,0,0,0,0,0,0,0
2026-04-28T03:00:00+02:00,2026-04-28T03:05:00+02:00,0,0,0,0,0,0,0,0,0,0,0,0,0,0,0,0,0,0,0,0,0,0,0
2026-04-28T03:05:00+02:00,2026-04-28T03:10:00+02:00,0,0,0,0,0,0,0,0,0,0,0,0,0,0,0,0,0,0,0,0,0,0,0
2026-04-28T03:10:00+02:00,2026-04-28T03:15:00+02:00,0,0,0,0,0,0,0,0,0,0,0,0,0,0,0,0,0,0,0,0,0,0,0
2026-04-28T03:15:00+02:00,2026-04-28T03:20:00+02:00,0,0,0,0,0,0,0,0,0,0,0,0,0,0,0,0,0,0,0,0,0,0,0
2026-04-28T03:20:00+02:00,2026-04-28T03:25:00+02:00,0,0,0,0,0,0,0,0,0,0,0,0,0,0,0,0,0,0,0,0,0,0,0
2026-04-28T03:25:00+02:00,2026-04-28T03:30:00+02:00,0,0,0,0,0,0,0,0,0,0,0,0,0,0,0,0,0,0,0,0,0,0,0
2026-04-28T03:30:00+02:00,2026-04-28T03:35:00+02:00,0,0,0,0,0,0,0,0,0,0,0,0,0,0,0,0,0,0,0,0,0,0,0
2026-04-28T03:35:00+02:00,2026-04-28T03:40:00+02:00,0,0,0,0,0,0,0,0,0,0,0,0,0,0,0,0,0,0,0,0,0,0,0
2026-04-28T03:40:00+02:00,2026-04-28T03:45:00+02:00,0,0,0,0,0,0,0,0,0,0,0,0,0,0,0,0,0,0,0,0,0,0,0
2026-04-28T03:45:00+02:00,2026-04-28T03:50:00+02:00,0,0,0,0,0,0,0,0,0,0,0,0,0,0,0,0,0,0,0,0,0,0,0
2026-04-28T03:50:00+02:00,2026-04-28T03:55:00+02:00,0,0,0,0,0,0,0,0,0,0,0,0,0,0,0,0,0,0,0,0,0,0,0
2026-04-28T03:55:00+02:00,2026-04-28T04:00:00+02:00,0,0,0,0,0,0,0,0,0,0,0,0,0,0,0,0,0,0,0,0,0,0,0
2026-04-28T04:00:00+02:00,2026-04-28T04:05:00+02:00,0,0,0,0,0,0,0,0,0,0,0,0,1,0,0,0,0,0,0,0,0,0,0
2026-04-28T04:05:00+02:00,2026-04-28T04:10:00+02:00,0,1,0,0,0,0,0,0,0,0,0,0,1,0,0,0,0,0,0,0,0,0,0
2026-04-28T04:10:00+02:00,2026-04-28T04:15:00+02:00,0,0,0,0,0,0,0,0,0,0,0,0,0,0,0,0,0,0,0,0,0,0,0
2026-04-28T04:15:00+02:00,2026-04-28T04:20:00+02:00,0,0,0,0,0,0,0,0,0,0,0,0,0,0,0,0,0,0,0,0,0,0,0
2026-04-28T04:20:00+02:00,2026-04-28T04:25:00+02:00,0,0,0,0,0,0,0,0,0,0,0,0,0,0,0,0,0,0,0,0,0,0,0
2026-04-28T04:25:00+02:00,2026-04-28T04:30:00+02:00,0,0,0,0,0,0,0,0,0,0,0,0,0,0,0,0,0,0,0,0,0,0,0
2026-04-28T04:30:00+02:00,2026-04-28T04:35:00+02:00,0,0,0,0,0,0,0,0,0,0,0,0,0,0,0,0,0,0,0,0,0,0,0
2026-04-28T04:35:00+02:00,2026-04-28T04:40:00+02:00,0,0,0,0,0,0,0,0,0,0,0,0,0,0,0,0,0,0,0,0,0,0,0
2026-04-28T04:40:00+02:00,2026-04-28T04:45:00+02:00,0,0,0,0,0,0,0,0,0,0,0,0,0,0,0,0,0,0,0,0,0,0,0
2026-04-28T04:45:00+02:00,2026-04-28T04:50:00+02:00,0,0,0,0,0,0,0,0,0,0,0,0,3,0,0,0,0,0,0,0,0,0,0
2026-04-28T04:50:00+02:00,2026-04-28T04:55:00+02:00,0,0,0,0,0,0,0,0,0,0,0,0,1,0,0,0,0,0,0,0,0,0,0
2026-04-28T04:55:00+02:00,2026-04-28T05:00:00+02:00,0,0,0,0,0,0,0,0,0,0,0,0,1,0,0,0,0,0,0,0,0,0,0
2026-04-28T05:00:00+02:00,2026-04-28T05:05:00+02:00,0,0,0,0,0,0,0,0,0,0,0,0,0,0,0,0,0,0,0,0,0,0,0
2026-04-28T05:05:00+02:00,2026-04-28T05:10:00+02:00,0,0,0,0,0,0,0,0,0,0,0,0,0,0,0,0,0,0,0,0,0,0,0
2026-04-28T05:10:00+02:00,2026-04-28T05:15:00+02:00,0,0,0,0,0,0,0,0,0,0,0,0,1,0,0,0,0,0,0,0,0,0,0
2026-04-28T05:15:00+02:00,2026-04-28T05:20:00+02:00,0,0,0,0,0,0,0,0,0,0,0,0,1,0,0,0,0,0,0,0,0,0,0
2026-04-28T05:20:00+02:00,2026-04-28T05:25:00+02:00,0,1,0,0,0,0,0,0,0,0,0,0,1,0,0,0,0,0,0,0,0,0,0
2026-04-28T05:25:00+02:00,2026-04-28T05:30:00+02:00,0,1,0,0,0,0,0,0,0,0,0,0,0,0,0,0,0,0,0,0,0,0,0
2026-04-28T05:30:00+02:00,2026-04-28T05:35:00+02:00,0,0,0,0,0,0,0,0,0,0,0,0,2,0,0,0,0,0,0,0,0,0,0
2026-04-28T05:35:00+02:00,2026-04-28T05:40:00+02:00,0,0,0,0,0,0,0,0,0,0,0,0,1,0,0,0,0,0,0,0,0,0,0
2026-04-28T05:40:00+02:00,2026-04-28T05:45:00+02:00,0,0,0,0,0,0,0,0,0,0,0,0,0,0,0,0,0,0,0,0,0,0,0
2026-04-28T05:45:00+02:00,2026-04-28T05:50:00+02:00,0,0,0,0,0,0,0,0,0,0,0,0,2,0,0,0,0,0,0,0,0,0,0
2026-04-28T05:50:00+02:00,2026-04-28T05:55:00+02:00,0,0,0,0,0,0,0,0,0,0,0,0,0,0,0,0,0,0,0,0,0,0,0
2026-04-28T05:55:00+02:00,2026-04-28T06:00:00+02:00,0,0,0,0,0,0,0,0,0,0,0,0,0,0,0,0,0,0,0,0,0,0,0
2026-04-28T06:00:00+02:00,2026-04-28T06:05:00+02:00,0,0,0,0,0,0,0,0,0,0,0,0,1,0,0,0,0,0,0,0,0,0,0
2026-04-28T06:05:00+02:00,2026-04-28T06:10:00+02:00,0,0,0,0,0,0,0,0,0,0,0,0,0,0,0,0,0,0,0,0,0,0,0
2026-04-28T06:10:00+02:00,2026-04-28T06:15:00+02:00,0,1,0,0,0,0,0,0,0,0,0,0,0,0,0,0,0,0,0,0,0,0,0
2026-04-28T06:15:00+02:00,2026-04-28T06:20:00+02:00,0,1,0,0,0,0,0,0,0,0,0,0,1,0,0,0,0,0,0,0,0,0,0
2026-04-28T06:20:00+02:00,2026-04-28T06:25:00+02:00,0,0,0,0,0,0,0,0,0,0,0,0,1,0,0,0,0,0,0,0,0,0,0
2026-04-28T06:25:00+02:00,2026-04-28T06:30:00+02:00,0,0,0,0,0,0,0,0,0,0,0,0,0,0,0,0,0,0,0,0,0,0,0
2026-04-28T06:30:00+02:00,2026-04-28T06:35:00+02:00,0,0,0,0,0,0,0,0,0,0,0,0,5,0,0,0,0,0,0,0,0,0,0
2026-04-28T06:35:00+02:00,2026-04-28T06:40:00+02:00,0,0,0,0,0,0,0,0,0,0,0,0,3,0,0,0,0,0,0,0,0,0,0
2026-04-28T06:40:00+02:00,2026-04-28T06:45:00+02:00,0,0,0,0,0,0,0,0,0,0,0,0,2,0,0,0,0,0,0,0,0,0,0
2026-04-28T06:45:00+02:00,2026-04-28T06:50:00+02:00,0,0,0,0,0,0,0,0,0,0,0,0,1,0,0,0,0,0,0,0,0,0,0
2026-04-28T06:50:00+02:00,2026-04-28T06:55:00+02:00,0,0,0,0,0,0,0,0,0,0,0,0,7,0,0,0,0,0,0,0,0,0,0
2026-04-28T06:55:00+02:00,2026-04-28T07:00:00+02:00,0,1,0,0,0,0,0,0,0,0,0,0,2,0,0,0,0,0,0,0,0,0,0
2026-04-28T07:00:00+02:00,2026-04-28T07:05:00+02:00,0,0,0,0,0,0,0,0,0,0,0,0,3,0,0,0,0,0,0,0,0,0,0
2026-04-28T07:05:00+02:00,2026-04-28T07:10:00+02:00,0,1,0,0,0,0,0,0,0,0,0,0,6,0,0,0,0,0,0,0,0,0,0
2026-04-28T07:10:00+02:00,2026-04-28T07:15:00+02:00,0,0,0,0,0,0,0,0,0,0,0,0,6,0,0,0,0,0,0,0,0,0,0
2026-04-28T07:15:00+02:00,2026-04-28T07:20:00+02:00,0,0,0,0,0,0,0,0,0,0,0,0,2,0,0,0,0,0,0,0,0,0,0
2026-04-28T07:20:00+02:00,2026-04-28T07:25:00+02:00,0,1,0,0,0,0,0,0,0,0,0,0,4,0,0,0,0,0,0,0,0,0,0
2026-04-28T07:25:00+02:00,2026-04-28T07:30:00+02:00,1,0,0,0,0,0,0,0,0,0,0,0,6,0,0,0,0,0,0,0,0,0,0
2026-04-28T07:30:00+02:00,2026-04-28T07:35:00+02:00,0,0,0,0,0,0,0,0,0,0,0,0,4,0,0,0,0,0,0,0,0,0,0
2026-04-28T07:35:00+02:00,2026-04-28T07:40:00+02:00,0,0,0,0,0,0,0,0,0,0,0,0,6,0,0,0,0,0,0,0,0,0,0
2026-04-28T07:40:00+02:00,2026-04-28T07:45:00+02:00,0,2,0,0,0,0,0,0,0,0,0,0,7,0,0,0,0,0,0,0,0,0,0
2026-04-28T07:45:00+02:00,2026-04-28T07:50:00+02:00,0,0,0,0,0,0,0,0,0,0,0,0,3,0,0,0,0,0,0,0,0,0,0
2026-04-28T07:50:00+02:00,2026-04-28T07:55:00+02:00,0,0,0,0,0,0,0,0,0,0,0,0,6,0,0,0,0,0,0,0,0,0,0
2026-04-28T07:55:00+02:00,2026-04-28T08:00:00+02:00,0,0,0,0,0,0,0,0,0,0,0,0,3,0,0,0,0,0,0,0,0,0,0
2026-04-28T08:00:00+02:00,2026-04-28T08:05:00+02:00,0,0,0,0,0,0,0,0,0,0,0,0,4,0,0,0,0,0,0,0,0,0,0
2026-04-28T08:05:00+02:00,2026-04-28T08:10:00+02:00,0,0,0,0,0,0,0,0,0,0,0,0,5,0,0,0,0,0,0,0,0,0,0
2026-04-28T08:10:00+02:00,2026-04-28T08:15:00+02:00,0,1,0,0,0,0,0,0,0,0,0,0,6,0,0,0,0,0,0,0,0,0,0
2026-04-28T08:15:00+02:00,2026-04-28T08:20:00+02:00,0,0,0,0,0,0,0,0,0,0,0,0,5,0,0,0,0,0,0,0,0,0,0
2026-04-28T08:20:00+02:00,2026-04-28T08:25:00+02:00,0,0,0,0,0,0,0,0,0,0,0,0,8,0,0,0,0,0,0,0,0,0,0
2026-04-28T08:25:00+02:00,2026-04-28T08:30:00+02:00,0,0,0,0,0,0,0,0,0,0,0,0,6,0,0,0,0,0,0,0,0,0,0
2026-04-28T08:30:00+02:00,2026-04-28T08:35:00+02:00,0,0,0,0,0,0,0,0,0,0,0,0,7,0,0,0,0,0,0,0,0,0,0
2026-04-28T08:35:00+02:00,2026-04-28T08:40:00+02:00,0,0,0,0,0,0,0,0,0,0,0,0,11,0,0,0,0,0,0,0,0,0,0
2026-04-28T08:40:00+02:00,2026-04-28T08:45:00+02:00,0,1,0,0,0,0,0,0,0,0,0,0,4,0,0,0,0,0,0,0,0,0,0
2026-04-28T08:45:00+02:00,2026-04-28T08:50:00+02:00,0,2,0,0,0,0,0,0,0,0,0,0,9,0,0,0,0,0,0,0,0,0,0
2026-04-28T08:50:00+02:00,2026-04-28T08:55:00+02:00,0,1,0,0,0,0,0,0,0,0,0,0,6,0,0,0,0,0,0,0,0,0,0
2026-04-28T08:55:00+02:00,2026-04-28T09:00:00+02:00,0,1,0,0,0,0,0,0,0,0,0,0,5,0,0,0,0,0,0,0,0,0,0
2026-04-28T09:00:00+02:00,2026-04-28T09:05:00+02:00,0,0,0,0,0,0,0,0,0,0,0,0,12,0,0,0,0,0,0,0,0,0,0
2026-04-28T09:05:00+02:00,2026-04-28T09:10:00+02:00,0,0,0,0,0,0,0,0,0,0,0,0,2,0,0,0,0,0,0,0,0,0,0
2026-04-28T09:10:00+02:00,2026-04-28T09:15:00+02:00,0,1,0,0,0,0,0,0,0,0,0,0,14,0,0,0,0,0,0,0,0,0,0
2026-04-28T09:15:00+02:00,2026-04-28T09:20:00+02:00,0,0,0,0,0,0,0,0,0,0,0,0,10,1,0,0,0,0,0,0,0,0,0
2026-04-28T09:20:00+02:00,2026-04-28T09:25:00+02:00,0,0,0,0,0,0,0,0,0,0,0,0,10,0,0,0,0,0,0,0,0,0,0
2026-04-28T09:25:00+02:00,2026-04-28T09:30:00+02:00,0,3,0,0,0,0,0,0,0,0,0,0,9,0,0,0,0,0,0,0,0,0,0
2026-04-28T09:30:00+02:00,2026-04-28T09:35:00+02:00,0,2,0,0,0,0,0,0,0,0,0,0,9,0,0,0,0,0,0,0,0,0,0
2026-04-28T09:35:00+02:00,2026-04-28T09:40:00+02:00,0,0,0,0,0,0,0,0,0,0,0,0,4,0,0,0,0,0,0,0,0,0,0
2026-04-28T09:40:00+02:00,2026-04-28T09:45:00+02:00,0,0,0,0,0,0,0,0,0,0,0,0,13,0,0,0,0,0,0,0,0,0,0
2026-04-28T09:45:00+02:00,2026-04-28T09:50:00+02:00,0,1,0,0,0,0,0,0,0,0,0,0,11,0,0,0,0,0,0,0,0,0,0
2026-04-28T09:50:00+02:00,2026-04-28T09:55:00+02:00,0,0,0,0,0,0,0,0,0,0,0,0,18,0,0,0,0,0,0,0,0,0,0
2026-04-28T09:55:00+02:00,2026-04-28T10:00:00+02:00,0,0,0,0,0,0,0,0,0,0,0,0,5,0,0,0,0,0,0,0,0,0,0
2026-04-28T10:00:00+02:00,2026-04-28T10:05:00+02:00,0,1,0,0,0,0,0,0,0,0,0,0,12,0,0,0,0,0,0,0,0,0,0
2026-04-28T10:05:00+02:00,2026-04-28T10:10:00+02:00,0,3,0,0,0,0,0,0,0,0,0,0,5,0,0,0,0,0,0,0,0,0,0
2026-04-28T10:10:00+02:00,2026-04-28T10:15:00+02:00,0,0,0,0,0,0,0,0,0,0,0,0,17,0,0,0,0,0,0,0,0,0,0
2026-04-28T10:15:00+02:00,2026-04-28T10:20:00+02:00,0,1,0,0,0,0,0,0,0,0,0,0,12,1,0,0,0,0,0,0,0,0,0
2026-04-28T10:20:00+02:00,2026-04-28T10:25:00+02:00,0,0,0,0,0,0,0,0,0,0,0,0,8,0,0,0,0,0,0,0,0,0,0
2026-04-28T10:25:00+02:00,2026-04-28T10:30:00+02:00,0,0,0,0,0,0,0,0,0,0,0,0,13,0,1,0,0,0,0,0,0,0,0
2026-04-28T10:30:00+02:00,2026-04-28T10:35:00+02:00,0,0,0,0,0,0,0,0,0,0,0,0,13,0,0,0,0,0,0,0,0,0,0
2026-04-28T10:35:00+02:00,2026-04-28T10:40:00+02:00,0,1,0,0,0,0,0,0,0,0,0,0,9,0,0,0,0,0,0,0,0,0,0
2026-04-28T10:40:00+02:00,2026-04-28T10:45:00+02:00,0,1,0,0,0,0,0,0,0,0,0,0,9,0,0,0,0,0,0,0,0,0,0
2026-04-28T10:45:00+02:00,2026-04-28T10:50:00+02:00,0,1,0,0,0,0,0,0,0,0,0,0,8,0,0,0,0,0,0,0,0,0,0
2026-04-28T10:50:00+02:00,2026-04-28T10:55:00+02:00,0,1,0,0,0,0,0,0,0,0,0,0,11,0,0,0,0,0,0,0,0,0,0
2026-04-28T10:55:00+02:00,2026-04-28T11:00:00+02:00,0,0,0,0,0,0,0,0,0,0,0,0,13,1,0,0,0,0,0,0,0,0,0
2026-04-28T11:00:00+02:00,2026-04-28T11:05:00+02:00,0,2,0,0,0,0,0,0,0,0,0,0,11,0,0,0,0,0,0,0,0,0,0
2026-04-28T11:05:00+02:00,2026-04-28T11:10:00+02:00,0,1,0,0,0,0,0,0,0,0,0,0,9,0,0,0,0,0,0,0,0,0,0
2026-04-28T11:10:00+02:00,2026-04-28T11:15:00+02:00,0,0,0,0,0,0,0,0,0,0,0,0,6,0,0,0,0,0,0,0,0,0,0
2026-04-28T11:15:00+02:00,2026-04-28T11:20:00+02:00,0,0,0,0,0,0,0,0,0,0,0,0,5,0,0,0,0,0,0,0,0,0,0
2026-04-28T11:20:00+02:00,2026-04-28T11:25:00+02:00,0,2,0,0,0,0,0,0,0,0,0,0,19,0,0,0,0,0,0,0,0,0,0
2026-04-28T11:25:00+02:00,2026-04-28T11:30:00+02:00,0,2,0,0,0,0,0,0,0,0,0,0,9,0,0,0,0,0,0,0,0,0,0
2026-04-28T11:30:00+02:00,2026-04-28T11:35:00+02:00,0,0,0,0,0,0,0,0,0,0,0,0,13,0,0,0,0,0,0,0,0,0,0
2026-04-28T11:35:00+02:00,2026-04-28T11:40:00+02:00,0,1,0,0,0,0,0,0,0,0,0,0,13,0,0,0,0,0,0,0,0,0,0
2026-04-28T11:40:00+02:00,2026-04-28T11:45:00+02:00,0,2,0,0,0,0,0,0,0,0,0,0,16,0,0,0,0,0,0,0,0,0,0
2026-04-28T11:45:00+02:00,2026-04-28T11:50:00+02:00,0,3,0,0,0,0,0,0,0,0,1,0,14,1,0,0,0,0,0,0,0,0,0
2026-04-28T11:50:00+02:00,2026-04-28T11:55:00+02:00,0,1,0,0,0,0,0,0,0,0,0,0,9,0,0,0,0,0,0,0,0,0,0
2026-04-28T11:55:00+02:00,2026-04-28T12:00:00+02:00,1,1,0,0,0,0,0,0,0,0,0,0,18,0,0,0,0,0,0,0,0,0,0
2026-04-28T12:00:00+02:00,2026-04-28T12:05:00+02:00,0,1,0,0,0,0,0,0,0,0,0,0,12,0,0,0,0,0,0,0,0,0,0
2026-04-28T12:05:00+02:00,2026-04-28T12:10:00+02:00,0,1,0,0,0,0,0,0,0,0,0,0,10,0,0,0,0,0,0,0,0,0,0
2026-04-28T12:10:00+02:00,2026-04-28T12:15:00+02:00,0,0,0,0,0,0,0,0,0,0,0,0,7,0,0,0,0,0,0,0,0,0,0
2026-04-28T12:15:00+02:00,2026-04-28T12:20:00+02:00,0,2,0,0,0,0,0,0,0,0,0,0,9,0,0,0,0,0,0,0,0,0,0
2026-04-28T12:20:00+02:00,2026-04-28T12:25:00+02:00,0,2,0,0,0,0,0,0,0,0,0,0,9,0,0,0,0,0,0,0,0,0,0
2026-04-28T12:25:00+02:00,2026-04-28T12:30:00+02:00,0,0,0,0,0,0,0,0,0,0,0,0,9,1,0,0,0,0,0,0,0,0,0
2026-04-28T12:30:00+02:00,2026-04-28T12:35:00+02:00,0,2,0,0,0,0,0,0,0,0,0,0,9,0,0,0,0,0,0,0,0,0,0
2026-04-28T12:35:00+02:00,2026-04-28T12:40:00+02:00,1,2,0,0,0,0,0,0,0,0,0,0,11,0,0,0,0,0,0,0,0,0,0
2026-04-28T12:40:00+02:00,2026-04-28T12:45:00+02:00,0,0,0,0,0,0,0,0,0,0,0,0,8,1,0,0,0,0,0,0,0,0,0
2026-04-28T12:45:00+02:00,2026-04-28T12:50:00+02:00,0,0,0,0,0,0,0,0,0,0,0,0,11,0,0,0,0,0,0,0,0,0,0
2026-04-28T12:50:00+02:00,2026-04-28T12:55:00+02:00,0,2,0,0,0,0,0,0,0,0,0,0,4,0,0,0,0,0,0,0,0,0,0
2026-04-28T12:55:00+02:00,2026-04-28T13:00:00+02:00,0,0,0,0,0,0,0,0,0,0,0,0,12,0,0,0,0,0,0,0,0,0,0
2026-04-28T13:00:00+02:00,2026-04-28T13:05:00+02:00,0,3,0,0,0,0,0,0,0,0,0,0,12,0,0,0,0,0,0,0,0,0,0
2026-04-28T13:05:00+02:00,2026-04-28T13:10:00+02:00,0,1,0,0,0,0,0,0,0,0,0,0,25,0,1,0,0,0,0,0,0,0,0
2026-04-28T13:10:00+02:00,2026-04-28T13:15:00+02:00,0,1,0,0,0,0,0,0,0,0,0,0,2,0,0,0,0,0,0,0,0,0,0
2026-04-28T13:15:00+02:00,2026-04-28T13:20:00+02:00,0,1,0,0,0,0,0,0,0,0,0,0,8,1,0,0,0,0,0,0,0,0,0
2026-04-28T13:20:00+02:00,2026-04-28T13:25:00+02:00,0,1,0,0,0,0,0,0,0,0,0,0,7,0,0,0,0,0,0,0,0,0,0
2026-04-28T13:25:00+02:00,2026-04-28T13:30:00+02:00,0,0,0,0,0,0,0,0,0,0,0,0,9,0,0,0,0,0,0,0,0,0,0
2026-04-28T13:30:00+02:00,2026-04-28T13:35:00+02:00,0,0,0,0,0,0,0,0,0,0,0,0,6,0,0,0,0,0,0,0,0,0,0
2026-04-28T13:35:00+02:00,2026-04-28T13:40:00+02:00,0,0,0,0,0,0,0,0,0,0,0,0,12,0,0,0,0,0,0,0,0,0,0
2026-04-28T13:40:00+02:00,2026-04-28T13:45:00+02:00,0,1,0,0,0,0,0,0,0,0,0,0,18,0,0,0,0,0,0,0,0,0,0
2026-04-28T13:45:00+02:00,2026-04-28T13:50:00+02:00,0,1,0,0,0,0,0,0,0,0,0,0,16,0,0,0,0,0,0,0,0,0,0
2026-04-28T13:50:00+02:00,2026-04-28T13:55:00+02:00,0,3,0,0,0,0,0,0,0,0,0,0,19,1,0,0,0,0,0,0,0,0,0
2026-04-28T13:55:00+02:00,2026-04-28T14:00:00+02:00,0,0,0,0,0,0,0,0,0,0,0,0,16,0,0,0,0,0,0,0,0,0,0
2026-04-28T14:00:00+02:00,2026-04-28T14:05:00+02:00,0,2,0,0,0,0,0,0,0,0,0,0,25,0,1,0,0,0,0,0,0,0,0
2026-04-28T14:05:00+02:00,2026-04-28T14:10:00+02:00,0,0,0,0,0,0,0,0,0,0,0,0,20,0,0,0,0,0,0,0,0,0,0
2026-04-28T14:10:00+02:00,2026-04-28T14:15:00+02:00,0,0,0,0,0,0,0,0,0,0,0,0,13,0,0,0,0,0,0,0,0,0,0
2026-04-28T14:15:00+02:00,2026-04-28T14:20:00+02:00,0,0,0,0,0,0,0,0,0,0,0,0,14,1,1,0,0,0,0,0,0,0,0
2026-04-28T14:20:00+02:00,2026-04-28T14:25:00+02:00,0,1,0,0,0,0,0,0,0,0,0,0,25,0,0,0,0,0,0,0,0,0,0
2026-04-28T14:25:00+02:00,2026-04-28T14:30:00+02:00,0,1,0,0,0,0,0,0,0,0,0,0,13,0,0,0,0,0,0,0,0,0,0
2026-04-28T14:30:00+02:00,2026-04-28T14:35:00+02:00,0,0,0,0,0,0,0,0,0,0,0,0,25,0,0,0,0,0,0,0,0,0,0
2026-04-28T14:35:00+02:00,2026-04-28T14:40:00+02:00,0,0,0,0,0,0,0,0,0,0,0,0,22,0,0,0,0,0,0,0,0,0,0
2026-04-28T14:40:00+02:00,2026-04-28T14:45:00+02:00,0,2,0,0,0,0,0,0,0,0,0,0,25,0,0,0,0,0,0,0,0,0,0
2026-04-28T14:45:00+02:00,2026-04-28T14:50:00+02:00,0,0,0,0,0,0,0,0,0,0,0,0,18,0,0,0,0,0,0,0,0,0,0
2026-04-28T14:50:00+02:00,2026-04-28T14:55:00+02:00,0,1,0,0,0,0,0,0,0,0,0,0,14,0,1,0,0,0,0,0,0,0,0
2026-04-28T14:55:00+02:00,2026-04-28T15:00:00+02:00,0,3,0,0,0,0,0,0,0,0,0,0,8,1,1,0,0,0,0,0,0,0,0
2026-04-28T15:00:00+02:00,2026-04-28T15:05:00+02:00,0,0,0,0,0,0,0,0,0,0,0,0,9,0,0,0,0,0,0,0,0,0,0
2026-04-28T15:05:00+02:00,2026-04-28T15:10:00+02:00,0,0,0,0,0,0,0,0,0,0,0,0,11,0,0,0,0,0,0,0,0,0,0
2026-04-28T15:10:00+02:00,2026-04-28T15:15:00+02:00,1,2,0,0,0,0,0,0,0,0,0,0,16,0,0,0,0,0,0,0,0,0,0
2026-04-28T15:15:00+02:00,2026-04-28T15:20:00+02:00,0,1,0,0,0,0,0,0,0,0,0,0,10,0,0,0,0,0,0,0,0,0,0
2026-04-28T15:20:00+02:00,2026-04-28T15:25:00+02:00,0,1,0,0,0,0,0,0,0,0,0,0,17,1,0,0,0,0,0,0,0,0,0
2026-04-28T15:25:00+02:00,2026-04-28T15:30:00+02:00,0,2,0,0,0,0,0,0,0,0,0,0,5,0,0,0,0,0,0,0,0,0,0
2026-04-28T15:30:00+02:00,2026-04-28T15:35:00+02:00,0,2,0,0,0,0,0,0,0,0,0,0,13,0,0,0,0,0,0,0,0,0,0
2026-04-28T15:35:00+02:00,2026-04-28T15:40:00+02:00,0,4,0,0,0,0,0,0,0,0,0,0,17,0,0,0,0,0,0,0,0,0,0
2026-04-28T15:40:00+02:00,2026-04-28T15:45:00+02:00,0,2,0,0,0,0,0,0,0,0,0,0,16,0,0,0,0,0,0,0,0,0,0
2026-04-28T15:45:00+02:00,2026-04-28T15:50:00+02:00,0,1,0,0,0,0,0,0,0,0,0,0,15,0,0,0,0,0,0,0,0,0,0
2026-04-28T15:50:00+02:00,2026-04-28T15:55:00+02:00,0,4,0,0,0,0,0,0,0,0,0,0,7,0,0,0,0,0,0,0,0,0,0
2026-04-28T15:55:00+02:00,2026-04-28T16:00:00+02:00,0,0,0,0,0,0,0,0,0,0,0,0,11,0,0,0,0,0,0,0,0,0,0
2026-04-28T16:00:00+02:00,2026-04-28T16:05:00+02:00,0,1,0,0,0,0,0,0,0,0,0,0,11,0,0,0,0,0,0,0,0,0,0
2026-04-28T16:05:00+02:00,2026-04-28T16:10:00+02:00,0,0,0,0,0,0,0,0,0,0,0,0,9,0,0,0,0,0,0,0,0,0,0
2026-04-28T16:10:00+02:00,2026-04-28T16:15:00+02:00,0,0,0,0,0,0,0,0,0,0,0,0,11,0,0,0,0,0,0,0,0,0,0
2026-04-28T16:15:00+02:00,2026-04-28T16:20:00+02:00,0,1,0,0,0,0,0,0,0,0,0,0,15,0,0,0,0,0,0,0,0,0,0
2026-04-28T16:20:00+02:00,2026-04-28T16:25:00+02:00,0,0,0,0,0,0,0,0,0,0,0,0,14,1,0,0,0,0,0,0,0,0,0
2026-04-28T16:25:00+02:00,2026-04-28T16:30:00+02:00,0,2,0,0,0,0,0,0,0,0,0,0,15,1,0,0,0,0,0,0,0,0,0
2026-04-28T16:30:00+02:00,2026-04-28T16:35:00+02:00,0,0,0,0,0,0,0,0,0,0,0,0,5,0,0,0,0,0,0,0,0,0,0
2026-04-28T16:35:00+02:00,2026-04-28T16:40:00+02:00,0,1,0,0,0,0,0,0,0,0,0,0,8,0,0,0,0,0,0,0,0,0,0
2026-04-28T16:40:00+02:00,2026-04-28T16:45:00+02:00,0,1,0,0,0,0,0,0,0,0,0,0,6,0,0,0,0,0,0,0,0,0,0
2026-04-28T16:45:00+02:00,2026-04-28T16:50:00+02:00,0,0,0,0,0,0,0,0,0,0,0,0,9,0,0,0,0,0,0,0,0,0,0
2026-04-28T16:50:00+02:00,2026-04-28T16:55:00+02:00,0,2,0,0,0,0,0,0,0,0,0,0,9,0,0,0,0,0,0,0,0,0,0
2026-04-28T16:55:00+02:00,2026-04-28T17:00:00+02:00,0,1,0,0,0,0,0,0,0,0,0,0,5,0,0,0,0,0,0,0,0,0,0
2026-04-28T17:00:00+02:00,2026-04-28T17:05:00+02:00,0,1,0,0,0,0,0,0,0,0,0,0,6,0,0,0,0,0,0,0,0,0,0
2026-04-28T17:05:00+02:00,2026-04-28T17:10:00+02:00,0,1,0,0,0,0,0,0,0,0,0,0,5,0,0,0,0,0,0,0,0,0,0
2026-04-28T17:10:00+02:00,2026-04-28T17:15:00+02:00,0,1,0,0,0,0,0,0,0,0,0,0,4,0,0,0,0,0,0,0,0,0,0
2026-04-28T17:15:00+02:00,2026-04-28T17:20:00+02:00,0,0,0,0,0,0,0,0,0,0,0,0,4,0,0,0,0,0,0,0,0,0,0
2026-04-28T17:20:00+02:00,2026-04-28T17:25:00+02:00,0,1,0,0,0,0,0,0,0,0,0,0,2,0,0,0,0,0,0,0,0,0,0
2026-04-28T17:25:00+02:00,2026-04-28T17:30:00+02:00,0,0,0,0,0,0,0,0,0,0,0,0,4,0,0,0,0,0,0,0,0,0,0
2026-04-28T17:30:00+02:00,2026-04-28T17:35:00+02:00,0,1,0,0,0,0,0,0,0,0,0,0,12,0,1,0,0,0,0,0,0,0,0
2026-04-28T17:35:00+02:00,2026-04-28T17:40:00+02:00,0,0,0,0,0,0,0,0,0,0,0,0,2,0,0,0,0,0,0,0,0,0,0
2026-04-28T17:40:00+02:00,2026-04-28T17:45:00+02:00,0,0,0,0,0,0,0,0,0,0,0,0,0,0,0,0,0,0,0,0,0,0,0
2026-04-28T17:45:00+02:00,2026-04-28T17:50:00+02:00,0,0,0,0,0,0,0,0,0,0,0,0,3,0,0,0,0,0,0,0,0,0,0
2026-04-28T17:50:00+02:00,2026-04-28T17:55:00+02:00,0,0,0,0,0,0,0,0,0,0,0,0,6,0,0,0,0,0,0,0,0,0,0
2026-04-28T17:55:00+02:00,2026-04-28T18:00:00+02:00,0,1,0,0,0,0,0,0,0,0,0,0,3,0,0,0,0,0,0,0,0,0,0
2026-04-28T18:00:00+02:00,2026-04-28T18:05:00+02:00,0,0,0,0,0,0,0,0,0,0,0,0,8,0,1,0,0,0,0,0,0,0,0
2026-04-28T18:05:00+02:00,2026-04-28T18:10:00+02:00,0,2,0,0,0,0,0,0,0,0,0,0,10,0,1,0,0,0,0,0,0,0,0
2026-04-28T18:10:00+02:00,2026-04-28T18:15:00+02:00,0,1,0,0,0,0,0,0,0,0,0,0,10,0,0,0,0,0,0,0,0,0,0
2026-04-28T18:15:00+02:00,2026-04-28T18:20:00+02:00,0,0,0,0,0,0,0,0,0,0,0,0,8,0,0,0,0,0,0,0,0,0,0
2026-04-28T18:20:00+02:00,2026-04-28T18:25:00+02:00,0,2,0,0,0,0,0,0,0,0,0,0,3,0,0,0,0,0,0,0,0,0,0
2026-04-28T18:25:00+02:00,2026-04-28T18:30:00+02:00,0,0,0,0,0,0,0,0,0,0,0,0,3,0,0,0,0,0,0,0,0,0,0
2026-04-28T18:30:00+02:00,2026-04-28T18:35:00+02:00,0,0,0,0,0,0,0,0,0,0,0,0,6,0,0,0,0,0,0,0,0,0,0
2026-04-28T18:35:00+02:00,2026-04-28T18:40:00+02:00,0,0,0,0,0,0,0,0,0,0,0,0,2,0,0,0,0,0,0,0,0,0,0
2026-04-28T18:40:00+02:00,2026-04-28T18:45:00+02:00,0,1,0,0,0,0,0,0,0,0,0,0,1,0,0,0,0,0,0,0,0,0,0
2026-04-28T18:45:00+02:00,2026-04-28T18:50:00+02:00,0,0,0,0,0,0,0,0,0,0,0,0,4,0,0,0,0,0,0,0,0,0,0
2026-04-28T18:50:00+02:00,2026-04-28T18:55:00+02:00,0,2,0,0,0,0,0,0,0,0,0,0,1,0,0,0,0,0,0,0,0,0,0
2026-04-28T18:55:00+02:00,2026-04-28T19:00:00+02:00,0,0,0,0,0,0,0,0,0,0,0,0,3,0,0,0,0,0,0,0,0,0,0
2026-04-28T19:00:00+02:00,2026-04-28T19:05:00+02:00,0,0,0,0,0,0,0,0,0,0,0,0,1,0,0,0,0,0,0,0,0,0,0
2026-04-28T19:05:00+02:00,2026-04-28T19:10:00+02:00,0,3,0,0,0,0,0,0,0,0,0,0,8,0,1,0,0,0,0,0,0,0,0
2026-04-28T19:10:00+02:00,2026-04-28T19:15:00+02:00,0,1,0,0,0,0,0,0,0,0,0,0,4,0,0,0,0,0,0,0,0,0,0
2026-04-28T19:15:00+02:00,2026-04-28T19:20:00+02:00,0,1,0,0,0,0,0,0,0,0,0,0,1,0,0,0,0,0,0,0,0,0,0
2026-04-28T19:20:00+02:00,2026-04-28T19:25:00+02:00,0,0,0,0,0,0,0,0,0,0,0,0,0,0,0,0,0,0,0,0,0,0,0
2026-04-28T19:25:00+02:00,2026-04-28T19:30:00+02:00,0,0,0,0,0,0,0,0,0,0,0,0,4,0,0,0,0,0,0,0,0,0,0
2026-04-28T19:30:00+02:00,2026-04-28T19:35:00+02:00,1,0,0,0,0,0,0,0,0,0,0,0,3,0,2,0,0,0,0,0,0,0,0
2026-04-28T19:35:00+02:00,2026-04-28T19:40:00+02:00,0,0,0,0,0,0,0,0,0,0,0,0,3,0,0,0,0,0,0,0,0,0,0
2026-04-28T19:40:00+02:00,2026-04-28T19:45:00+02:00,0,4,0,0,0,0,0,0,0,0,0,0,2,0,0,0,0,0,0,0,0,0,0
2026-04-28T19:45:00+02:00,2026-04-28T19:50:00+02:00,0,0,0,0,0,0,0,0,0,0,0,0,0,0,0,0,0,0,0,0,0,0,0
2026-04-28T19:50:00+02:00,2026-04-28T19:55:00+02:00,0,0,0,0,0,0,0,0,0,0,0,0,1,0,0,0,0,0,0,0,0,0,0
2026-04-28T19:55:00+02:00,2026-04-28T20:00:00+02:00,0,1,0,0,0,0,0,0,0,0,0,0,0,0,0,0,0,0,0,0,0,0,0
2026-04-28T20:00:00+02:00,2026-04-28T20:05:00+02:00,0,0,0,0,0,0,0,0,0,0,0,0,0,0,0,0,0,0,0,0,0,0,0
2026-04-28T20:05:00+02:00,2026-04-28T20:10:00+02:00,0,1,0,0,0,0,0,0,0,0,0,0,1,0,0,0,0,0,0,0,0,0,0
2026-04-28T20:10:00+02:00,2026-04-28T20:15:00+02:00,0,2,0,0,0,0,0,0,0,0,0,0,1,0,0,0,0,0,0,0,0,0,0
2026-04-28T20:15:00+02:00,2026-04-28T20:20:00+02:00,0,0,0,0,0,0,0,0,0,0,0,0,2,0,0,0,0,0,0,0,0,0,0
2026-04-28T20:20:00+02:00,2026-04-28T20:25:00+02:00,0,0,0,0,0,0,0,0,0,0,0,0,0,0,0,0,0,0,0,0,0,0,0
2026-04-28T20:25:00+02:00,2026-04-28T20:30:00+02:00,0,1,0,0,0,0,0,0,0,0,0,0,1,0,0,0,0,0,0,0,0,0,0
2026-04-28T20:30:00+02:00,2026-04-28T20:35:00+02:00,0,0,0,0,0,0,0,0,0,0,0,0,2,0,0,0,0,0,0,0,0,0,0
2026-04-28T20:35:00+02:00,2026-04-28T20:40:00+02:00,0,0,0,0,0,0,0,0,0,0,0,0,0,0,0,0,0,0,0,0,0,0,0
2026-04-28T20:40:00+02:00,2026-04-28T20:45:00+02:00,1,0,0,0,0,0,0,0,0,0,0,0,1,0,0,0,0,0,0,0,0,0,0
2026-04-28T20:45:00+02:00,2026-04-28T20:50:00+02:00,0,0,0,0,0,0,0,0,0,0,0,0,2,0,0,0,0,0,0,0,0,0,0
2026-04-28T20:50:00+02:00,2026-04-28T20:55:00+02:00,0,1,0,0,0,0,0,0,0,0,0,0,2,0,0,0,0,0,0,0,0,0,0
2026-04-28T20:55:00+02:00,2026-04-28T21:00:00+02:00,0,0,0,0,0,0,0,0,0,0,0,0,1,0,0,0,0,0,0,0,0,0,0
2026-04-28T21:00:00+02:00,2026-04-28T21:05:00+02:00,0,1,0,0,0,0,0,0,0,0,0,0,1,0,0,0,0,0,0,0,0,0,0
2026-04-28T21:05:00+02:00,2026-04-28T21:10:00+02:00,0,0,0,0,0,0,0,0,0,0,0,0,0,0,0,0,0,0,0,0,0,0,0
2026-04-28T21:10:00+02:00,2026-04-28T21:15:00+02:00,0,0,0,0,0,0,0,0,0,0,0,0,1,0,0,0,0,0,0,0,0,0,0
2026-04-28T21:15:00+02:00,2026-04-28T21:20:00+02:00,0,1,0,0,0,0,0,0,0,0,0,0,0,0,0,0,0,0,0,0,0,0,0
2026-04-28T21:20:00+02:00,2026-04-28T21:25:00+02:00,1,0,0,0,0,0,0,0,0,0,0,0,2,0,0,0,0,0,0,0,0,0,0
2026-04-28T21:25:00+02:00,2026-04-28T21:30:00+02:00,0,0,0,0,0,0,0,0,0,0,0,0,0,0,0,0,0,0,0,0,0,0,0
2026-04-28T21:30:00+02:00,2026-04-28T21:35:00+02:00,0,0,0,0,0,0,0,0,0,0,0,0,0,0,0,0,0,0,0,0,0,0,0
2026-04-28T21:35:00+02:00,2026-04-28T21:40:00+02:00,0,0,0,0,0,0,0,0,0,0,0,0,0,0,0,0,0,0,0,0,0,0,0
2026-04-28T21:40:00+02:00,2026-04-28T21:45:00+02:00,0,0,0,0,0,0,0,0,0,0,0,0,0,0,0,0,0,0,0,0,0,0,0
2026-04-28T21:45:00+02:00,2026-04-28T21:50:00+02:00,0,0,0,0,0,0,0,0,0,0,0,0,0,0,0,0,0,0,0,0,0,0,0
2026-04-28T21:50:00+02:00,2026-04-28T21:55:00+02:00,0,0,0,0,0,0,0,0,0,0,0,0,1,0,0,0,0,0,0,0,0,0,0
2026-04-28T21:55:00+02:00,2026-04-28T22:00:00+02:00,0,0,0,0,0,0,0,0,0,0,0,0,0,0,0,0,0,0,0,0,0,0,0
2026-04-28T22:00:00+02:00,2026-04-28T22:05:00+02:00,0,0,0,0,0,0,0,0,0,0,0,0,3,0,0,0,0,0,0,0,0,0,0
2026-04-28T22:05:00+02:00,2026-04-28T22:10:00+02:00,0,0,0,0,0,0,0,0,0,0,0,0,5,0,0,0,0,0,0,0,0,0,0
2026-04-28T22:10:00+02:00,2026-04-28T22:15:00+02:00,0,0,0,0,0,0,0,0,0,0,0,0,0,0,0,0,0,0,0,0,0,0,0
2026-04-28T22:15:00+02:00,2026-04-28T22:20:00+02:00,0,0,0,0,0,0,0,0,0,0,0,0,0,0,0,0,0,0,0,0,0,0,0
2026-04-28T22:20:00+02:00,2026-04-28T22:25:00+02:00,0,0,0,0,0,0,0,0,0,0,0,0,0,0,0,0,0,0,0,0,0,0,0
2026-04-28T22:25:00+02:00,2026-04-28T22:30:00+02:00,0,0,0,0,0,0,0,0,0,0,0,0,0,0,0,0,0,0,0,0,0,0,0
2026-04-28T22:30:00+02:00,2026-04-28T22:35:00+02:00,0,0,0,0,0,0,0,0,0,0,0,0,0,0,0,0,0,0,0,0,0,0,0
2026-04-28T22:35:00+02:00,2026-04-28T22:40:00+02:00,0,0,0,0,0,0,0,0,0,0,0,0,0,0,0,0,0,0,0,0,0,0,0
2026-04-28T22:40:00+02:00,2026-04-28T22:45:00+02:00,0,0,0,0,0,0,0,0,0,0,0,0,0,0,0,0,0,0,0,0,0,0,0
2026-04-28T22:45:00+02:00,2026-04-28T22:50:00+02:00,0,0,0,0,0,0,0,0,0,0,0,0,0,0,0,0,0,0,0,0,0,0,0
2026-04-28T22:50:00+02:00,2026-04-28T22:55:00+02:00,0,0,0,0,0,0,0,0,0,0,0,0,0,0,0,0,0,0,0,0,0,0,0
2026-04-28T22:55:00+02:00,2026-04-28T23:00:00+02:00,0,0,0,0,0,0,0,0,0,0,0,0,0,0,0,0,0,0,0,0,0,0,0
2026-04-28T23:00:00+02:00,2026-04-28T23:05:00+02:00,0,0,0,0,0,0,0,0,0,0,0,0,0,0,0,0,0,0,0,0,0,0,0
2026-04-28T23:05:00+02:00,2026-04-28T23:10:00+02:00,0,0,0,0,0,0,0,0,0,0,0,0,6,0,0,0,0,0,0,0,0,0,0
2026-04-28T23:10:00+02:00,2026-04-28T23:15:00+02:00,0,0,0,0,0,0,0,0,0,0,0,0,0,0,0,0,0,0,0,0,0,0,0
2026-04-28T23:15:00+02:00,2026-04-28T23:20:00+02:00,0,0,0,0,0,0,0,0,0,0,0,0,2,0,0,0,0,0,0,0,0,0,0
2026-04-28T23:20:00+02:00,2026-04-28T23:25:00+02:00,0,0,0,0,0,0,0,0,0,0,0,0,0,0,0,0,0,0,0,0,0,0,0
2026-04-28T23:25:00+02:00,2026-04-28T23:30:00+02:00,0,0,0,0,0,0,0,0,0,0,0,0,0,0,0,0,0,0,0,0,0,0,0
2026-04-28T23:30:00+02:00,2026-04-28T23:35:00+02:00,0,0,0,0,0,0,0,0,0,0,0,0,0,0,0,0,0,0,0,0,0,0,0
2026-04-28T23:35:00+02:00,2026-04-28T23:40:00+02:00,0,0,0,0,0,0,0,0,0,0,0,0,0,0,0,0,0,0,0,0,0,0,0
2026-04-28T23:40:00+02:00,2026-04-28T23:45:00+02:00,0,0,0,0,0,0,0,0,0,0,0,0,0,0,0,0,0,0,0,0,0,0,0
2026-04-28T23:45:00+02:00,2026-04-28T23:50:00+02:00,0,0,0,0,0,0,0,0,0,0,0,0,0,0,0,0,0,0,0,0,0,0,0
2026-04-28T23:50:00+02:00,2026-04-28T23:55:00+02:00,0,0,0,0,0,0,0,0,0,0,0,0,0,0,0,0,0,0,0,0,0,0,0
2026-04-28T23:55:00+02:00,2026-04-29T00:00:00+02:00,0,0,0,0,0,0,0,0,0,0,0,0,0,0,0,0,0,0,0,0,0,0,0
2026-04-29T00:00:00+02:00,2026-04-29T00:05:00+02:00,0,0,0,0,0,0,0,0,0,0,0,0,0,0,0,0,0,0,0,0,0,0,0
2026-04-29T00:05:00+02:00,2026-04-29T00:10:00+02:00,0,0,0,0,0,0,0,0,0,0,0,0,0,0,0,0,0,0,0,0,0,0,0
2026-04-29T00:10:00+02:00,2026-04-29T00:15:00+02:00,0,0,0,0,0,0,0,0,0,0,0,0,0,0,0,0,0,0,0,0,0,0,0
2026-04-29T00:15:00+02:00,2026-04-29T00:20:00+02:00,0,0,0,0,0,0,0,0,0,0,0,0,0,0,0,0,0,0,0,0,0,0,0
2026-04-29T00:20:00+02:00,2026-04-29T00:25:00+02:00,0,0,0,0,0,0,0,0,0,0,0,0,0,0,0,0,0,0,0,0,0,0,0
2026-04-29T00:25:00+02:00,2026-04-29T00:30:00+02:00,0,0,0,0,0,0,0,0,0,0,0,0,0,0,0,0,0,0,0,0,0,0,0
2026-04-29T00:30:00+02:00,2026-04-29T00:35:00+02:00,0,0,0,0,0,0,0,0,0,0,0,0,0,0,0,0,0,0,0,0,0,0,0
2026-04-29T00:35:00+02:00,2026-04-29T00:40:00+02:00,0,0,0,0,0,0,0,0,0,0,0,0,0,0,0,0,0,0,0,0,0,0,0
2026-04-29T00:40:00+02:00,2026-04-29T00:45:00+02:00,0,0,0,0,0,0,0,0,0,0,0,0,0,0,0,0,0,0,0,0,0,0,0
2026-04-29T00:45:00+02:00,2026-04-29T00:50:00+02:00,0,0,0,0,0,0,0,0,0,0,0,0,0,0,0,0,0,0,0,0,0,0,0
2026-04-29T00:50:00+02:00,2026-04-29T00:55:00+02:00,0,0,0,0,0,0,0,0,0,0,0,0,0,0,0,0,0,0,0,0,0,0,0
2026-04-29T00:55:00+02:00,2026-04-29T01:00:00+02:00,0,0,0,0,0,0,0,0,0,0,0,0,0,0,0,0,0,0,0,0,0,0,0
2026-04-29T01:00:00+02:00,2026-04-29T01:05:00+02:00,0,0,0,0,0,0,0,0,0,0,0,0,0,0,0,0,0,0,0,0,0,0,0
2026-04-29T01:05:00+02:00,2026-04-29T01:10:00+02:00,0,0,0,0,0,0,0,0,0,0,0,0,0,0,0,0,0,0,0,0,0,0,0
2026-04-29T01:10:00+02:00,2026-04-29T01:15:00+02:00,0,0,0,0,0,0,0,0,0,0,0,0,0,0,0,0,0,0,0,0,0,0,0
2026-04-29T01:15:00+02:00,2026-04-29T01:20:00+02:00,1,0,0,0,0,0,0,0,0,0,0,0,0,0,0,0,0,0,0,0,0,0,0
2026-04-29T01:20:00+02:00,2026-04-29T01:25:00+02:00,0,0,0,0,0,0,0,0,0,0,0,0,0,0,0,0,0,0,0,0,0,0,0
2026-04-29T01:25:00+02:00,2026-04-29T01:30:00+02:00,0,0,0,0,0,0,0,0,0,0,0,0,0,0,0,0,0,0,0,0,0,0,0
2026-04-29T01:30:00+02:00,2026-04-29T01:35:00+02:00,0,0,0,0,0,0,0,0,0,0,0,0,0,0,0,0,0,0,0,0,0,0,0
2026-04-29T01:35:00+02:00,2026-04-29T01:40:00+02:00,0,0,0,0,0,0,0,0,0,0,0,0,0,0,0,0,0,0,0,0,0,0,0
2026-04-29T01:40:00+02:00,2026-04-29T01:45:00+02:00,0,0,0,0,0,0,0,0,0,0,0,0,0,0,0,0,0,0,0,0,0,0,0
2026-04-29T01:45:00+02:00,2026-04-29T01:50:00+02:00,0,0,0,0,0,0,0,0,0,0,0,0,0,0,0,0,0,0,0,0,0,0,0
2026-04-29T01:50:00+02:00,2026-04-29T01:55:00+02:00,0,0,0,0,0,0,0,0,0,0,0,0,0,0,0,0,0,0,0,0,0,0,0
2026-04-29T01:55:00+02:00,2026-04-29T02:00:00+02:00,0,0,0,0,0,0,0,0,0,0,0,0,0,0,0,0,0,0,0,0,0,0,0
2026-04-29T02:00:00+02:00,2026-04-29T02:05:00+02:00,0,0,0,0,0,0,0,0,0,0,0,0,0,0,0,0,0,0,0,0,0,0,0
2026-04-29T02:05:00+02:00,2026-04-29T02:10:00+02:00,0,0,0,0,0,0,0,0,0,0,0,0,0,0,0,0,0,0,0,0,0,0,0
2026-04-29T02:10:00+02:00,2026-04-29T02:15:00+02:00,0,0,0,0,0,0,0,0,0,0,0,0,0,0,0,0,0,0,0,0,0,0,0
2026-04-29T02:15:00+02:00,2026-04-29T02:20:00+02:00,0,0,0,0,0,0,0,0,0,0,0,0,0,0,0,0,0,0,0,0,0,0,0
2026-04-29T02:20:00+02:00,2026-04-29T02:25:00+02:00,0,0,0,0,0,0,0,0,0,0,0,0,0,0,0,0,0,0,0,0,0,0,0
2026-04-29T02:25:00+02:00,2026-04-29T02:30:00+02:00,0,0,0,0,0,0,0,0,0,0,0,0,0,0,0,0,0,0,0,0,0,0,0
2026-04-29T02:30:00+02:00,2026-04-29T02:35:00+02:00,0,0,0,0,0,0,0,0,0,0,0,0,0,0,0,0,0,0,0,0,0,0,0
2026-04-29T02:35:00+02:00,2026-04-29T02:40:00+02:00,0,0,0,0,0,0,0,0,0,0,0,0,0,0,0,0,0,0,0,0,0,0,0
2026-04-29T02:40:00+02:00,2026-04-29T02:45:00+02:00,0,0,0,0,0,0,0,0,0,0,0,0,0,0,0,0,0,0,0,0,0,0,0
2026-04-29T02:45:00+02:00,2026-04-29T02:50:00+02:00,0,0,0,0,0,0,0,0,0,0,0,0,0,0,0,0,0,0,0,0,0,0,0
2026-04-29T02:50:00+02:00,2026-04-29T02:55:00+02:00,0,0,0,0,0,0,0,0,0,0,0,0,0,0,0,0,0,0,0,0,0,0,0
2026-04-29T02:55:00+02:00,2026-04-29T03:00:00+02:00,0,0,0,0,0,0,0,0,0,0,0,0,0,0,0,0,0,0,0,0,0,0,0
2026-04-29T03:00:00+02:00,2026-04-29T03:05:00+02:00,0,0,0,0,0,0,0,0,0,0,0,0,0,0,0,0,0,0,0,0,0,0,0
2026-04-29T03:05:00+02:00,2026-04-29T03:10:00+02:00,0,0,0,0,0,0,0,0,0,0,0,0,0,0,0,0,0,0,0,0,0,0,0
2026-04-29T03:10:00+02:00,2026-04-29T03:15:00+02:00,0,0,0,0,0,0,0,0,0,0,0,0,0,0,0,0,0,0,0,0,0,0,0
2026-04-29T03:15:00+02:00,2026-04-29T03:20:00+02:00,0,0,0,0,0,0,0,0,0,0,0,0,0,0,0,0,0,0,0,0,0,0,0
2026-04-29T03:20:00+02:00,2026-04-29T03:25:00+02:00,0,0,0,0,0,0,0,0,0,0,0,0,0,0,0,0,0,0,0,0,0,0,0
2026-04-29T03:25:00+02:00,2026-04-29T03:30:00+02:00,0,0,0,0,0,0,0,0,0,0,0,0,0,0,0,0,0,0,0,0,0,0,0
2026-04-29T03:30:00+02:00,2026-04-29T03:35:00+02:00,0,0,0,0,0,0,0,0,0,0,0,0,0,0,0,0,0,0,0,0,0,0,0
2026-04-29T03:35:00+02:00,2026-04-29T03:40:00+02:00,0,0,0,0,0,0,0,0,0,0,0,0,0,0,0,0,0,0,0,0,0,0,0
2026-04-29T03:40:00+02:00,2026-04-29T03:45:00+02:00,0,0,0,0,0,0,0,0,0,0,0,0,0,0,0,0,0,0,0,0,0,0,0
2026-04-29T03:45:00+02:00,2026-04-29T03:50:00+02:00,0,0,0,0,0,0,0,0,0,0,0,0,0,0,0,0,0,0,0,0,0,0,0
2026-04-29T03:50:00+02:00,2026-04-29T03:55:00+02:00,0,0,0,0,0,0,0,0,0,0,0,0,0,0,0,0,0,0,0,0,0,0,0
2026-04-29T03:55:00+02:00,2026-04-29T04:00:00+02:00,0,0,0,0,0,0,0,0,0,0,0,0,0,0,0,0,0,0,0,0,0,0,0
2026-04-29T04:00:00+02:00,2026-04-29T04:05:00+02:00,0,0,0,0,0,0,0,0,0,0,0,0,0,0,0,0,0,0,0,0,0,0,0
2026-04-29T04:05:00+02:00,2026-04-29T04:10:00+02:00,0,0,0,0,0,0,0,0,0,0,0,0,2,0,0,0,0,0,0,0,0,0,0
2026-04-29T04:10:00+02:00,2026-04-29T04:15:00+02:00,0,0,0,0,0,0,0,0,0,0,0,0,0,0,0,0,0,0,0,0,0,0,0
2026-04-29T04:15:00+02:00,2026-04-29T04:20:00+02:00,0,0,0,0,0,0,0,0,0,0,0,0,0,0,0,0,0,0,0,0,0,0,0
2026-04-29T04:20:00+02:00,2026-04-29T04:25:00+02:00,0,0,0,0,0,0,0,0,0,0,0,0,0,0,0,0,0,0,0,0,0,0,0
2026-04-29T04:25:00+02:00,2026-04-29T04:30:00+02:00,0,0,0,0,0,0,0,0,0,0,0,0,0,0,0,0,0,0,0,0,0,0,0
2026-04-29T04:30:00+02:00,2026-04-29T04:35:00+02:00,0,0,0,0,0,0,0,0,0,0,0,0,0,0,0,0,0,0,0,0,0,0,0
2026-04-29T04:35:00+02:00,2026-04-29T04:40:00+02:00,0,0,0,0,0,0,0,0,0,0,0,0,0,0,0,0,0,0,0,0,0,0,0
2026-04-29T04:40:00+02:00,2026-04-29T04:45:00+02:00,0,1,0,0,0,0,0,0,0,0,0,0,0,0,0,0,0,0,0,0,0,0,0
2026-04-29T04:45:00+02:00,2026-04-29T04:50:00+02:00,0,0,0,0,0,0,0,0,0,0,0,0,0,0,0,0,0,0,0,0,0,0,0
2026-04-29T04:50:00+02:00,2026-04-29T04:55:00+02:00,0,0,0,0,0,0,0,0,0,0,0,0,1,0,0,0,0,0,0,0,0,0,0
2026-04-29T04:55:00+02:00,2026-04-29T05:00:00+02:00,0,0,0,0,0,0,0,0,0,0,0,0,3,0,0,0,0,0,0,0,0,0,0
2026-04-29T05:00:00+02:00,2026-04-29T05:05:00+02:00,0,0,0,0,0,0,0,0,0,0,0,0,0,0,0,0,0,0,0,0,0,0,0
2026-04-29T05:05:00+02:00,2026-04-29T05:10:00+02:00,0,0,0,0,0,0,0,0,0,0,0,0,2,0,0,0,0,0,0,0,0,0,0
2026-04-29T05:10:00+02:00,2026-04-29T05:15:00+02:00,0,0,0,0,0,0,0,0,0,0,0,0,1,0,0,0,0,0,0,0,0,0,0
2026-04-29T05:15:00+02:00,2026-04-29T05:20:00+02:00,0,0,0,0,0,0,0,0,0,0,0,0,1,0,0,0,0,0,0,0,0,0,0
2026-04-29T05:20:00+02:00,2026-04-29T05:25:00+02:00,0,0,0,0,0,0,0,0,0,0,0,0,1,0,0,0,0,0,0,0,0,0,0
2026-04-29T05:25:00+02:00,2026-04-29T05:30:00+02:00,0,1,0,0,0,0,0,0,0,0,0,0,1,0,0,0,0,0,0,0,0,0,0
2026-04-29T05:30:00+02:00,2026-04-29T05:35:00+02:00,0,1,0,0,0,0,0,0,0,0,0,0,1,0,0,0,0,0,0,0,0,0,0
2026-04-29T05:35:00+02:00,2026-04-29T05:40:00+02:00,0,0,0,0,0,0,0,0,0,0,0,0,3,0,0,0,0,0,0,0,0,0,0
2026-04-29T05:40:00+02:00,2026-04-29T05:45:00+02:00,0,0,0,0,0,0,0,0,0,0,0,0,2,0,0,0,0,0,0,0,0,0,0
2026-04-29T05:45:00+02:00,2026-04-29T05:50:00+02:00,0,0,0,0,0,0,0,0,0,0,0,0,1,0,0,0,0,0,0,0,0,0,0
2026-04-29T05:50:00+02:00,2026-04-29T05:55:00+02:00,0,0,0,0,0,0,0,0,0,0,0,0,0,0,0,0,0,0,0,0,0,0,0
2026-04-29T05:55:00+02:00,2026-04-29T06:00:00+02:00,0,0,0,0,0,0,0,0,0,0,0,0,0,0,0,0,0,0,0,0,0,0,0
2026-04-29T06:00:00+02:00,2026-04-29T06:05:00+02:00,0,0,0,0,0,0,0,0,0,0,0,0,0,0,0,0,0,0,0,0,0,0,0
2026-04-29T06:05:00+02:00,2026-04-29T06:10:00+02:00,0,0,0,0,0,0,0,0,0,0,0,0,4,0,0,0,0,0,0,0,0,0,0
2026-04-29T06:10:00+02:00,2026-04-29T06:15:00+02:00,0,0,0,0,0,0,0,0,0,0,0,0,0,0,0,0,0,0,0,0,0,0,0
2026-04-29T06:15:00+02:00,2026-04-29T06:20:00+02:00,0,0,0,0,0,0,0,0,0,0,0,0,2,0,0,0,0,0,0,0,0,0,0
2026-04-29T06:20:00+02:00,2026-04-29T06:25:00+02:00,0,0,0,0,0,0,0,0,0,0,0,0,1,0,0,0,0,0,0,0,0,0,0
2026-04-29T06:25:00+02:00,2026-04-29T06:30:00+02:00,0,1,0,0,0,0,0,0,0,0,0,0,1,0,0,0,0,0,0,0,0,0,0
2026-04-29T06:30:00+02:00,2026-04-29T06:35:00+02:00,0,0,0,0,0,0,0,0,0,0,0,0,5,0,0,0,0,0,0,0,0,0,0
2026-04-29T06:35:00+02:00,2026-04-29T06:40:00+02:00,0,0,0,0,0,0,0,0,0,0,0,0,2,0,0,0,0,0,0,0,0,0,0
2026-04-29T06:40:00+02:00,2026-04-29T06:45:00+02:00,0,0,0,0,0,0,0,0,0,0,0,0,4,0,0,0,0,0,0,0,0,0,0
2026-04-29T06:45:00+02:00,2026-04-29T06:50:00+02:00,0,0,0,0,0,0,0,0,0,0,0,0,1,0,0,0,0,0,0,0,0,0,0
2026-04-29T06:50:00+02:00,2026-04-29T06:55:00+02:00,0,2,0,0,0,0,0,0,0,0,0,0,7,0,0,0,0,0,0,0,0,0,0
2026-04-29T06:55:00+02:00,2026-04-29T07:00:00+02:00,0,0,0,0,0,0,0,0,0,0,0,0,3,0,1,0,0,0,0,0,0,0,0
2026-04-29T07:00:00+02:00,2026-04-29T07:05:00+02:00,0,0,0,0,0,0,0,0,0,0,0,0,5,0,0,0,0,0,0,0,0,0,0
2026-04-29T07:05:00+02:00,2026-04-29T07:10:00+02:00,0,0,0,0,0,0,0,0,0,0,0,0,1,0,0,0,0,0,0,0,0,0,0
2026-04-29T07:10:00+02:00,2026-04-29T07:15:00+02:00,0,0,0,0,0,0,0,0,0,0,0,0,4,0,0,0,0,0,0,0,0,0,0
2026-04-29T07:15:00+02:00,2026-04-29T07:20:00+02:00,1,0,0,0,0,0,0,0,0,0,0,0,6,0,1,0,0,0,0,0,0,0,0
2026-04-29T07:20:00+02:00,2026-04-29T07:25:00+02:00,1,0,0,0,0,0,0,0,0,0,0,0,3,0,0,0,0,0,0,0,0,0,0
2026-04-29T07:25:00+02:00,2026-04-29T07:30:00+02:00,1,0,0,0,0,0,0,0,0,0,0,0,5,0,0,0,0,0,0,0,0,0,0
2026-04-29T07:30:00+02:00,2026-04-29T07:35:00+02:00,0,0,0,0,0,0,0,0,0,0,0,0,0,0,0,0,0,0,0,0,0,0,0
2026-04-29T07:35:00+02:00,2026-04-29T07:40:00+02:00,0,0,0,0,0,0,0,0,0,0,0,0,8,0,1,0,0,0,0,0,0,0,0
2026-04-29T07:40:00+02:00,2026-04-29T07:45:00+02:00,0,2,0,0,0,0,0,0,0,0,0,0,7,0,0,0,0,0,0,0,0,0,0
2026-04-29T07:45:00+02:00,2026-04-29T07:50:00+02:00,0,1,0,0,0,0,0,0,0,0,0,0,1,0,0,0,0,0,0,0,0,0,0
2026-04-29T07:50:00+02:00,2026-04-29T07:55:00+02:00,0,1,0,0,0,0,0,0,0,0,0,0,4,0,0,0,0,0,0,0,0,0,0
2026-04-29T07:55:00+02:00,2026-04-29T08:00:00+02:00,0,1,0,0,0,0,0,0,0,0,0,0,4,0,0,0,0,0,0,0,0,0,0
2026-04-29T08:00:00+02:00,2026-04-29T08:05:00+02:00,0,2,0,0,0,0,0,0,0,0,0,0,3,0,0,0,0,0,0,0,0,0,0
2026-04-29T08:05:00+02:00,2026-04-29T08:10:00+02:00,0,1,0,0,0,0,0,0,0,0,0,0,6,0,0,0,0,0,0,0,0,0,0
2026-04-29T08:10:00+02:00,2026-04-29T08:15:00+02:00,0,1,0,0,0,0,0,0,0,0,0,0,5,0,1,0,0,0,0,0,0,0,0
2026-04-29T08:15:00+02:00,2026-04-29T08:20:00+02:00,0,0,0,0,0,0,0,0,0,0,0,0,2,0,0,0,0,0,0,0,0,0,0
2026-04-29T08:20:00+02:00,2026-04-29T08:25:00+02:00,0,0,0,0,0,0,0,0,0,0,0,0,9,0,0,0,0,0,0,0,0,0,0
2026-04-29T08:25:00+02:00,2026-04-29T08:30:00+02:00,0,1,0,0,0,0,0,0,0,0,0,0,6,0,0,0,0,0,0,0,0,0,0
2026-04-29T08:30:00+02:00,2026-04-29T08:35:00+02:00,0,1,0,0,0,0,0,0,0,0,0,0,6,1,0,0,0,0,0,0,0,0,0
2026-04-29T08:35:00+02:00,2026-04-29T08:40:00+02:00,0,1,0,0,0,0,0,0,0,0,0,0,13,0,0,0,0,0,0,0,0,0,0
2026-04-29T08:40:00+02:00,2026-04-29T08:45:00+02:00,0,0,0,0,0,0,0,0,0,0,0,0,13,0,0,0,0,0,0,0,0,0,0
2026-04-29T08:45:00+02:00,2026-04-29T08:50:00+02:00,0,0,0,0,0,0,0,0,0,0,0,0,16,0,0,0,0,0,0,0,0,0,0
2026-04-29T08:50:00+02:00,2026-04-29T08:55:00+02:00,0,0,0,0,0,0,0,0,0,0,0,0,6,0,0,0,0,0,0,0,0,0,0
2026-04-29T08:55:00+02:00,2026-04-29T09:00:00+02:00,0,1,0,0,0,0,0,0,0,0,0,0,13,1,0,0,0,0,0,0,0,0,0
2026-04-29T09:00:00+02:00,2026-04-29T09:05:00+02:00,0,0,0,0,0,0,0,0,0,0,0,0,12,0,0,0,0,0,0,0,0,0,0
2026-04-29T09:05:00+02:00,2026-04-29T09:10:00+02:00,0,1,0,0,0,0,0,0,0,0,0,0,6,0,0,0,0,0,0,0,0,0,0
2026-04-29T09:10:00+02:00,2026-04-29T09:15:00+02:00,0,1,0,0,0,0,0,0,0,0,0,0,14,0,0,0,0,0,0,0,0,0,0
2026-04-29T09:15:00+02:00,2026-04-29T09:20:00+02:00,0,0,0,0,0,0,0,0,0,0,0,0,11,0,0,0,0,0,0,0,0,0,0
2026-04-29T09:20:00+02:00,2026-04-29T09:25:00+02:00,0,0,0,0,0,0,0,0,0,1,0,0,10,0,0,0,0,0,0,0,0,0,0
2026-04-29T09:25:00+02:00,2026-04-29T09:30:00+02:00,0,0,0,0,0,0,0,0,0,0,0,0,12,0,0,0,0,0,0,0,0,0,0
2026-04-29T09:30:00+02:00,2026-04-29T09:35:00+02:00,0,0,0,0,0,0,0,0,0,0,0,0,11,0,0,0,0,0,0,0,0,0,0
2026-04-29T09:35:00+02:00,2026-04-29T09:40:00+02:00,0,2,0,0,0,0,0,0,0,0,0,0,18,0,0,0,0,0,0,0,0,0,0
2026-04-29T09:40:00+02:00,2026-04-29T09:45:00+02:00,0,2,0,0,0,0,0,0,0,0,0,0,14,0,0,0,0,0,0,0,0,0,0
2026-04-29T09:45:00+02:00,2026-04-29T09:50:00+02:00,0,1,0,0,0,0,0,0,0,0,0,0,9,0,0,0,0,0,0,0,0,0,0
2026-04-29T09:50:00+02:00,2026-04-29T09:55:00+02:00,0,0,0,0,0,0,0,0,0,0,0,0,11,0,0,0,0,0,0,0,0,0,0
2026-04-29T09:55:00+02:00,2026-04-29T10:00:00+02:00,0,1,0,0,0,0,0,0,0,0,0,0,15,0,0,0,0,0,0,0,0,0,0
2026-04-29T10:00:00+02:00,2026-04-29T10:05:00+02:00,0,0,0,0,0,0,0,0,0,0,0,0,8,0,0,0,0,0,0,0,0,0,0
2026-04-29T10:05:00+02:00,2026-04-29T10:10:00+02:00,0,1,0,0,0,0,0,0,0,0,0,0,13,0,0,0,0,0,0,0,0,0,0
2026-04-29T10:10:00+02:00,2026-04-29T10:15:00+02:00,0,2,0,0,0,0,0,0,0,0,0,0,13,0,0,0,0,0,0,0,0,0,0
2026-04-29T10:15:00+02:00,2026-04-29T10:20:00+02:00,0,0,0,0,0,0,0,0,0,0,0,0,10,0,0,0,0,0,0,0,0,0,0
2026-04-29T10:20:00+02:00,2026-04-29T10:25:00+02:00,0,4,0,0,0,0,0,0,0,0,0,0,12,0,0,0,0,0,0,0,0,0,0
2026-04-29T10:25:00+02:00,2026-04-29T10:30:00+02:00,0,3,0,0,0,0,0,0,0,0,0,0,13,0,0,0,0,0,0,0,0,0,0
2026-04-29T10:30:00+02:00,2026-04-29T10:35:00+02:00,0,2,0,0,0,0,0,0,0,0,0,0,7,0,0,0,0,0,0,0,0,0,0
2026-04-29T10:35:00+02:00,2026-04-29T10:40:00+02:00,0,0,0,0,0,0,0,0,0,0,0,0,7,0,0,0,0,0,0,0,0,0,0
2026-04-29T10:40:00+02:00,2026-04-29T10:45:00+02:00,0,2,0,0,0,0,0,0,0,0,0,0,13,0,0,0,0,0,0,0,0,0,0
2026-04-29T10:45:00+02:00,2026-04-29T10:50:00+02:00,0,1,0,0,0,0,0,0,0,0,0,0,14,0,0,0,0,0,0,0,0,0,0
2026-04-29T10:50:00+02:00,2026-04-29T10:55:00+02:00,0,1,0,0,0,0,0,0,0,0,0,0,10,0,0,0,0,0,0,0,0,0,0
2026-04-29T10:55:00+02:00,2026-04-29T11:00:00+02:00,0,1,0,0,0,0,0,0,0,0,0,0,9,0,0,0,0,0,0,0,0,0,0
2026-04-29T11:00:00+02:00,2026-04-29T11:05:00+02:00,0,1,0,0,0,0,0,0,0,0,0,0,8,0,0,0,0,0,0,0,0,0,0
2026-04-29T11:05:00+02:00,2026-04-29T11:10:00+02:00,0,2,0,0,0,0,0,0,0,0,0,0,3,1,0,0,0,0,0,0,0,0,0
2026-04-29T11:10:00+02:00,2026-04-29T11:15:00+02:00,0,0,0,0,0,0,0,0,0,0,0,0,13,0,0,0,0,0,0,0,0,0,0
2026-04-29T11:15:00+02:00,2026-04-29T11:20:00+02:00,0,2,0,0,0,0,0,0,0,0,0,0,17,0,0,0,0,0,0,0,0,0,0
2026-04-29T11:20:00+02:00,2026-04-29T11:25:00+02:00,0,1,0,0,0,0,0,0,0,0,0,0,11,0,0,0,0,0,0,0,0,0,0
2026-04-29T11:25:00+02:00,2026-04-29T11:30:00+02:00,0,0,0,0,0,0,0,0,0,0,0,0,14,0,0,0,0,0,0,0,0,0,0
2026-04-29T11:30:00+02:00,2026-04-29T11:35:00+02:00,0,0,0,0,0,0,0,0,0,0,0,0,13,0,0,0,0,0,0,0,0,0,0
2026-04-29T11:35:00+02:00,2026-04-29T11:40:00+02:00,0,3,0,0,0,0,0,0,0,0,0,0,10,0,0,0,0,0,0,0,0,0,0
2026-04-29T11:40:00+02:00,2026-04-29T11:45:00+02:00,0,0,0,0,0,0,0,0,0,0,0,0,6,0,0,0,0,0,0,0,0,0,0
2026-04-29T11:45:00+02:00,2026-04-29T11:50:00+02:00,0,1,0,0,0,0,0,0,0,0,0,0,19,0,0,0,0,0,0,0,0,0,0
2026-04-29T11:50:00+02:00,2026-04-29T11:55:00+02:00,0,1,0,0,0,0,0,0,0,0,0,0,14,0,0,0,0,0,0,0,0,0,0
2026-04-29T11:55:00+02:00,2026-04-29T12:00:00+02:00,0,2,0,0,0,0,0,0,0,0,0,0,9,0,0,0,0,0,0,0,0,0,0
2026-04-29T12:00:00+02:00,2026-04-29T12:05:00+02:00,0,2,0,0,0,0,0,0,0,0,0,0,10,0,0,0,0,0,0,0,0,0,0
2026-04-29T12:05:00+02:00,2026-04-29T12:10:00+02:00,0,3,0,0,0,0,0,0,0,0,0,0,8,0,0,0,0,0,0,0,0,0,0
2026-04-29T12:10:00+02:00,2026-04-29T12:15:00+02:00,0,1,0,0,0,0,0,0,0,0,0,0,18,0,0,0,0,0,0,0,0,0,0
2026-04-29T12:15:00+02:00,2026-04-29T12:20:00+02:00,0,0,0,0,0,0,0,0,0,0,0,0,10,0,0,0,0,0,0,0,0,0,0
2026-04-29T12:20:00+02:00,2026-04-29T12:25:00+02:00,0,0,0,0,0,0,0,0,0,0,0,0,12,0,0,0,0,0,0,0,0,0,0
2026-04-29T12:25:00+02:00,2026-04-29T12:30:00+02:00,0,0,0,0,0,0,0,0,0,0,0,0,5,0,0,0,0,0,0,0,0,0,0
2026-04-29T12:30:00+02:00,2026-04-29T12:35:00+02:00,0,0,0,0,0,0,0,0,0,0,0,0,11,0,0,0,0,0,0,0,0,0,0
2026-04-29T12:35:00+02:00,2026-04-29T12:40:00+02:00,0,0,0,0,0,0,0,0,0,0,0,0,7,0,0,0,0,0,0,0,0,0,0
2026-04-29T12:40:00+02:00,2026-04-29T12:45:00+02:00,0,0,0,0,0,0,0,0,0,0,0,0,9,0,0,0,0,0,0,0,0,0,0
2026-04-29T12:45:00+02:00,2026-04-29T12:50:00+02:00,0,2,0,0,0,0,0,0,0,0,1,0,8,0,0,0,0,0,0,0,0,0,0
2026-04-29T12:50:00+02:00,2026-04-29T12:55:00+02:00,0,0,0,0,0,0,0,0,0,0,0,0,13,0,0,0,0,0,0,0,0,0,0
2026-04-29T12:55:00+02:00,2026-04-29T13:00:00+02:00,0,1,0,0,0,0,0,0,0,0,0,0,9,1,0,0,0,0,0,0,0,0,0
2026-04-29T13:00:00+02:00,2026-04-29T13:05:00+02:00,0,1,0,0,0,0,0,0,0,0,0,0,9,0,0,0,0,0,0,0,0,0,0
2026-04-29T13:05:00+02:00,2026-04-29T13:10:00+02:00,0,2,0,0,0,0,0,0,0,0,0,0,6,0,0,0,0,0,0,0,0,0,0
2026-04-29T13:10:00+02:00,2026-04-29T13:15:00+02:00,0,0,0,0,0,0,0,0,0,0,0,0,9,0,0,0,0,0,0,0,0,0,0
2026-04-29T13:15:00+02:00,2026-04-29T13:20:00+02:00,0,2,0,0,0,0,0,0,0,0,0,0,9,0,0,0,0,0,0,0,0,0,0
2026-04-29T13:20:00+02:00,2026-04-29T13:25:00+02:00,0,1,0,0,0,0,0,0,0,0,0,0,9,0,0,0,0,0,0,0,0,0,0
2026-04-29T13:25:00+02:00,2026-04-29T13:30:00+02:00,0,0,0,0,0,0,0,0,0,0,0,0,12,0,0,0,0,0,0,0,0,0,0
2026-04-29T13:30:00+02:00,2026-04-29T13:35:00+02:00,0,1,0,0,0,0,0,0,0,0,0,0,20,0,0,0,0,0,0,0,0,0,0
2026-04-29T13:35:00+02:00,2026-04-29T13:40:00+02:00,0,1,0,0,0,0,0,0,0,0,0,0,17,1,0,0,0,0,0,0,0,0,0
2026-04-29T13:40:00+02:00,2026-04-29T13:45:00+02:00,0,2,0,0,0,0,0,0,0,0,0,0,12,1,0,0,0,0,0,0,0,0,0
2026-04-29T13:45:00+02:00,2026-04-29T13:50:00+02:00,0,1,0,0,0,0,0,0,0,0,0,0,35,0,0,0,0,0,0,0,0,0,0
2026-04-29T13:50:00+02:00,2026-04-29T13:55:00+02:00,0,3,0,0,0,0,0,0,0,0,0,0,23,0,0,0,0,0,0,0,0,0,0
2026-04-29T13:55:00+02:00,2026-04-29T14:00:00+02:00,0,1,0,0,0,0,0,0,0,0,0,0,27,1,0,0,0,0,0,0,0,0,0
2026-04-29T14:00:00+02:00,2026-04-29T14:05:00+02:00,0,1,0,0,0,0,0,0,0,0,0,0,25,0,0,0,0,0,0,0,0,0,0
2026-04-29T14:05:00+02:00,2026-04-29T14:10:00+02:00,0,2,0,0,0,0,0,0,0,0,0,0,14,0,0,0,0,0,0,0,0,0,0
2026-04-29T14:10:00+02:00,2026-04-29T14:15:00+02:00,0,0,0,0,0,0,0,0,0,0,0,0,12,1,0,0,0,0,0,0,0,0,0
2026-04-29T14:15:00+02:00,2026-04-29T14:20:00+02:00,0,0,0,0,0,0,0,0,0,0,0,0,5,0,0,0,0,0,0,0,0,0,0
2026-04-29T14:20:00+02:00,2026-04-29T14:25:00+02:00,0,2,0,0,0,0,0,0,0,0,0,0,26,0,0,0,0,0,0,0,0,0,0
2026-04-29T14:25:00+02:00,2026-04-29T14:30:00+02:00,1,0,0,0,0,0,0,0,0,0,0,0,17,1,0,0,0,0,0,0,0,0,0
2026-04-29T14:30:00+02:00,2026-04-29T14:35:00+02:00,0,1,0,0,0,0,0,0,0,0,0,0,24,0,0,0,0,0,0,0,0,0,0
2026-04-29T14:35:00+02:00,2026-04-29T14:40:00+02:00,0,1,0,0,0,0,0,0,0,0,0,0,15,0,0,0,0,0,0,0,0,0,0
2026-04-29T14:40:00+02:00,2026-04-29T14:45:00+02:00,0,1,0,0,0,0,0,0,0,0,0,0,25,0,0,0,0,0,0,0,0,0,0
2026-04-29T14:45:00+02:00,2026-04-29T14:50:00+02:00,0,1,0,0,0,0,0,0,0,0,0,0,25,0,0,0,0,0,0,0,0,0,0
2026-04-29T14:50:00+02:00,2026-04-29T14:55:00+02:00,0,4,0,0,0,0,0,0,0,0,0,0,14,0,0,0,0,0,0,0,0,0,0
2026-04-29T14:55:00+02:00,2026-04-29T15:00:00+02:00,0,2,0,0,0,0,0,0,0,0,0,0,11,0,0,0,0,0,0,0,0,0,0
2026-04-29T15:00:00+02:00,2026-04-29T15:05:00+02:00,0,4,0,0,0,0,0,0,0,0,0,0,10,0,0,0,0,0,0,0,0,0,0
2026-04-29T15:05:00+02:00,2026-04-29T15:10:00+02:00,0,0,0,0,0,0,0,0,0,0,0,0,9,0,1,0,0,0,0,0,0,0,0
2026-04-29T15:10:00+02:00,2026-04-29T15:15:00+02:00,0,1,0,0,0,0,0,0,0,0,0,0,15,0,0,0,0,0,0,0,0,0,0
2026-04-29T15:15:00+02:00,2026-04-29T15:20:00+02:00,0,2,0,0,0,0,0,0,0,0,0,0,11,0,0,0,0,0,0,0,0,0,0
2026-04-29T15:20:00+02:00,2026-04-29T15:25:00+02:00,0,2,0,0,0,0,0,0,0,0,0,0,9,0,1,0,0,0,0,0,0,0,0
2026-04-29T15:25:00+02:00,2026-04-29T15:30:00+02:00,0,1,0,0,0,0,0,0,0,0,0,0,4,0,1,0,0,0,0,0,0,0,0
2026-04-29T15:30:00+02:00,2026-04-29T15:35:00+02:00,0,1,0,0,0,0,0,0,0,0,0,0,8,0,0,0,0,0,0,0,0,0,0
2026-04-29T15:35:00+02:00,2026-04-29T15:40:00+02:00,0,1,0,0,0,0,0,0,0,0,0,0,17,0,0,0,0,0,0,0,0,0,0
2026-04-29T15:40:00+02:00,2026-04-29T15:45:00+02:00,0,1,0,0,0,0,0,0,0,0,0,0,14,0,0,0,0,0,0,0,0,0,0
2026-04-29T15:45:00+02:00,2026-04-29T15:50:00+02:00,0,0,0,0,0,0,0,0,0,0,0,0,13,0,0,0,0,0,0,0,0,0,0
2026-04-29T15:50:00+02:00,2026-04-29T15:55:00+02:00,0,1,0,0,0,0,0,0,0,0,0,0,10,0,0,0,0,0,0,0,0,0,0
2026-04-29T15:55:00+02:00,2026-04-29T16:00:00+02:00,0,0,0,0,0,0,0,0,0,0,0,0,13,0,0,0,0,0,0,0,0,0,0
2026-04-29T16:00:00+02:00,2026-04-29T16:05:00+02:00,0,1,0,0,0,0,0,0,0,0,0,0,18,0,0,0,0,0,0,0,0,0,0
2026-04-29T16:05:00+02:00,2026-04-29T16:10:00+02:00,0,0,0,0,0,0,0,0,0,0,0,0,18,0,1,0,0,0,0,0,0,0,0
2026-04-29T16:10:00+02:00,2026-04-29T16:15:00+02:00,0,3,0,0,0,0,0,0,0,0,0,0,13,0,0,0,0,0,0,0,0,0,0
2026-04-29T16:15:00+02:00,2026-04-29T16:20:00+02:00,0,2,0,0,0,0,0,0,0,0,0,0,8,0,0,0,0,0,0,0,0,0,0
2026-04-29T16:20:00+02:00,2026-04-29T16:25:00+02:00,0,0,0,0,0,0,0,0,0,0,0,0,10,0,0,0,0,0,0,0,0,0,0
2026-04-29T16:25:00+02:00,2026-04-29T16:30:00+02:00,0,1,0,0,0,0,0,0,0,0,0,0,12,0,0,0,0,0,0,0,0,0,0
2026-04-29T16:30:00+02:00,2026-04-29T16:35:00+02:00,0,2,0,0,0,0,0,0,0,0,0,0,15,0,0,0,0,0,0,0,0,0,0
2026-04-29T16:35:00+02:00,2026-04-29T16:40:00+02:00,0,1,0,0,0,0,0,0,0,0,0,0,17,0,0,0,0,0,0,0,0,0,0
2026-04-29T16:40:00+02:00,2026-04-29T16:45:00+02:00,0,2,0,0,0,0,0,0,0,0,0,0,3,0,0,0,0,0,0,0,0,0,0
2026-04-29T16:45:00+02:00,2026-04-29T16:50:00+02:00,0,0,0,0,0,0,0,0,0,0,0,0,6,0,0,0,0,0,0,0,0,0,0
2026-04-29T16:50:00+02:00,2026-04-29T16:55:00+02:00,0,0,0,0,0,0,0,0,0,0,0,0,9,0,0,0,0,0,0,0,0,0,0
2026-04-29T16:55:00+02:00,2026-04-29T17:00:00+02:00,0,0,0,0,0,0,0,0,0,0,0,0,2,0,0,0,0,0,0,0,0,0,0
2026-04-29T17:00:00+02:00,2026-04-29T17:05:00+02:00,0,1,0,0,0,0,0,0,0,0,0,0,5,0,0,0,0,0,0,0,0,0,0
2026-04-29T17:05:00+02:00,2026-04-29T17:10:00+02:00,0,0,0,0,0,0,0,0,0,0,0,0,10,0,0,0,0,0,0,0,0,0,0
2026-04-29T17:10:00+02:00,2026-04-29T17:15:00+02:00,1,0,0,0,0,0,0,0,0,0,0,0,4,0,0,0,0,0,0,0,0,0,0
2026-04-29T17:15:00+02:00,2026-04-29T17:20:00+02:00,0,0,0,0,0,0,0,0,0,0,0,0,4,0,0,0,0,0,0,0,0,0,0
2026-04-29T17:20:00+02:00,2026-04-29T17:25:00+02:00,0,0,0,0,0,0,0,0,0,0,0,0,5,0,0,0,0,0,0,0,0,0,0
2026-04-29T17:25:00+02:00,2026-04-29T17:30:00+02:00,0,0,0,0,0,0,0,0,0,0,0,0,2,0,0,0,0,0,0,0,0,0,0
2026-04-29T17:30:00+02:00,2026-04-29T17:35:00+02:00,0,3,0,0,0,0,0,0,0,0,0,0,7,0,0,0,0,0,0,0,0,0,0
2026-04-29T17:35:00+02:00,2026-04-29T17:40:00+02:00,0,1,0,0,0,0,0,0,0,0,0,0,5,0,0,0,0,0,0,0,0,0,0
2026-04-29T17:40:00+02:00,2026-04-29T17:45:00+02:00,0,0,0,0,0,0,0,0,0,0,0,0,3,0,0,0,0,0,0,0,0,0,0
2026-04-29T17:45:00+02:00,2026-04-29T17:50:00+02:00,0,0,0,0,0,0,0,0,0,0,0,0,1,0,0,0,0,0,0,0,0,0,0
2026-04-29T17:50:00+02:00,2026-04-29T17:55:00+02:00,0,1,0,0,0,0,0,0,0,0,0,0,7,0,0,0,0,0,0,0,0,0,0
2026-04-29T17:55:00+02:00,2026-04-29T18:00:00+02:00,0,3,0,0,0,0,0,0,0,0,0,0,2,0,0,0,0,0,0,0,0,0,0
2026-04-29T18:00:00+02:00,2026-04-29T18:05:00+02:00,0,0,0,0,0,0,0,0,0,0,0,0,6,0,0,0,0,0,0,0,0,0,0
2026-04-29T18:05:00+02:00,2026-04-29T18:10:00+02:00,0,2,0,0,0,0,0,0,0,0,0,0,5,0,0,0,0,0,0,0,0,0,0
2026-04-29T18:10:00+02:00,2026-04-29T18:15:00+02:00,0,0,0,0,0,0,0,0,0,0,0,0,1,0,0,0,0,0,0,0,0,0,0
2026-04-29T18:15:00+02:00,2026-04-29T18:20:00+02:00,0,0,0,0,0,0,0,0,0,0,0,0,3,0,0,0,0,0,0,0,0,0,0
2026-04-29T18:20:00+02:00,2026-04-29T18:25:00+02:00,0,2,0,0,0,0,0,0,0,0,0,0,2,0,0,0,0,0,0,0,0,0,0
2026-04-29T18:25:00+02:00,2026-04-29T18:30:00+02:00,0,0,0,0,0,0,0,0,0,0,0,0,6,0,0,0,0,0,0,0,0,0,0
2026-04-29T18:30:00+02:00,2026-04-29T18:35:00+02:00,0,0,0,0,0,0,0,0,0,0,0,0,9,0,0,0,0,0,0,0,0,0,0
2026-04-29T18:35:00+02:00,2026-04-29T18:40:00+02:00,0,0,0,0,0,0,0,0,0,0,0,0,6,0,0,0,0,0,0,0,0,0,0
2026-04-29T18:40:00+02:00,2026-04-29T18:45:00+02:00,0,0,0,0,0,0,0,0,0,0,0,0,3,0,0,0,0,0,0,0,0,0,0
2026-04-29T18:45:00+02:00,2026-04-29T18:50:00+02:00,0,0,0,0,0,0,0,0,0,0,0,0,1,0,0,0,0,0,0,0,0,0,0
2026-04-29T18:50:00+02:00,2026-04-29T18:55:00+02:00,0,0,0,0,0,0,0,0,0,0,0,0,1,0,0,0,0,0,0,0,0,0,0
2026-04-29T18:55:00+02:00,2026-04-29T19:00:00+02:00,0,0,0,0,0,0,0,0,0,0,0,0,4,0,0,0,0,0,0,0,0,0,0
2026-04-29T19:00:00+02:00,2026-04-29T19:05:00+02:00,0,0,0,0,0,0,0,0,0,0,0,0,1,0,0,0,0,0,0,0,0,0,0
2026-04-29T19:05:00+02:00,2026-04-29T19:10:00+02:00,0,2,0,0,0,0,0,0,0,0,0,0,0,0,0,0,0,0,0,0,0,0,0
2026-04-29T19:10:00+02:00,2026-04-29T19:15:00+02:00,0,2,0,0,0,0,0,0,0,0,0,0,2,0,0,0,0,0,0,0,0,0,0
2026-04-29T19:15:00+02:00,2026-04-29T19:20:00+02:00,0,0,0,0,0,0,0,0,0,0,0,0,2,0,1,0,0,0,0,0,0,0,0
2026-04-29T19:20:00+02:00,2026-04-29T19:25:00+02:00,0,1,0,0,0,0,0,0,0,0,0,0,0,0,0,0,0,0,0,0,0,0,0
2026-04-29T19:25:00+02:00,2026-04-29T19:30:00+02:00,0,0,0,0,0,0,0,0,0,0,0,0,1,0,0,0,0,0,0,0,0,0,0
2026-04-29T19:30:00+02:00,2026-04-29T19:35:00+02:00,0,1,0,0,0,0,0,0,0,0,0,0,2,0,0,0,0,0,0,0,0,0,0
2026-04-29T19:35:00+02:00,2026-04-29T19:40:00+02:00,0,1,0,0,0,0,0,0,0,0,0,0,3,0,0,0,0,0,0,0,0,0,0
2026-04-29T19:40:00+02:00,2026-04-29T19:45:00+02:00,0,0,0,0,0,0,0,0,0,0,0,0,1,0,0,0,0,0,0,0,0,0,0
2026-04-29T19:45:00+02:00,2026-04-29T19:50:00+02:00,0,0,0,0,0,0,0,0,0,0,0,0,0,0,0,0,0,0,0,0,0,0,0
2026-04-29T19:50:00+02:00,2026-04-29T19:55:00+02:00,0,0,0,0,0,0,0,0,0,0,0,0,0,0,0,0,0,0,0,0,0,0,0
2026-04-29T19:55:00+02:00,2026-04-29T20:00:00+02:00,0,0,0,0,0,0,0,0,0,0,0,0,0,0,0,0,0,0,0,0,0,0,0
2026-04-29T20:00:00+02:00,2026-04-29T20:05:00+02:00,0,0,0,0,0,0,0,0,0,0,0,0,1,0,0,0,0,0,0,0,0,0,0
2026-04-29T20:05:00+02:00,2026-04-29T20:10:00+02:00,0,1,0,0,0,0,0,0,0,0,0,0,1,0,0,0,0,0,0,0,0,0,0
2026-04-29T20:10:00+02:00,2026-04-29T20:15:00+02:00,0,0,0,0,0,0,0,0,0,0,0,0,0,0,0,0,0,0,0,0,0,0,0
2026-04-29T20:15:00+02:00,2026-04-29T20:20:00+02:00,0,0,0,0,0,0,0,0,0,0,0,0,2,0,0,0,0,0,0,0,0,0,0
2026-04-29T20:20:00+02:00,2026-04-29T20:25:00+02:00,0,0,0,0,0,0,0,0,0,0,0,0,1,0,0,0,0,0,0,0,0,0,0
2026-04-29T20:25:00+02:00,2026-04-29T20:30:00+02:00,1,0,0,0,0,0,0,0,0,0,0,0,2,0,0,0,0,0,0,0,0,0,0
2026-04-29T20:30:00+02:00,2026-04-29T20:35:00+02:00,0,0,0,0,0,0,0,0,0,0,0,0,1,0,0,0,0,0,0,0,0,0,0
2026-04-29T20:35:00+02:00,2026-04-29T20:40:00+02:00,0,0,0,0,0,0,0,0,0,0,0,0,2,0,0,0,0,0,0,0,0,0,0
2026-04-29T20:40:00+02:00,2026-04-29T20:45:00+02:00,0,0,0,0,0,0,0,0,0,0,0,0,1,0,0,0,0,0,0,0,0,0,0
2026-04-29T20:45:00+02:00,2026-04-29T20:50:00+02:00,0,0,0,0,0,0,0,0,0,0,0,0,0,0,0,0,0,0,0,0,0,0,0
2026-04-29T20:50:00+02:00,2026-04-29T20:55:00+02:00,0,0,0,0,0,0,0,0,0,0,0,0,2,0,0,0,0,0,0,0,0,0,0
2026-04-29T20:55:00+02:00,2026-04-29T21:00:00+02:00,1,0,0,0,0,0,0,0,0,0,0,0,5,0,0,0,0,0,0,0,0,0,0
2026-04-29T21:00:00+02:00,2026-04-29T21:05:00+02:00,1,0,0,0,0,0,0,0,0,0,0,0,2,0,0,0,0,0,0,0,0,0,0
2026-04-29T21:05:00+02:00,2026-04-29T21:10:00+02:00,0,0,0,0,0,0,0,0,0,0,0,0,0,0,0,0,0,0,0,0,0,0,0
2026-04-29T21:10:00+02:00,2026-04-29T21:15:00+02:00,0,0,0,0,0,0,0,0,0,0,0,0,2,0,0,0,0,0,0,0,0,0,0
2026-04-29T21:15:00+02:00,2026-04-29T21:20:00+02:00,0,0,0,0,0,0,0,0,0,0,0,0,1,0,0,0,0,0,0,0,0,0,0
2026-04-29T21:20:00+02:00,2026-04-29T21:25:00+02:00,0,0,0,0,0,0,0,0,0,0,0,0,1,0,0,0,0,0,0,0,0,0,0
2026-04-29T21:25:00+02:00,2026-04-29T21:30:00+02:00,0,0,0,0,0,0,0,0,0,0,0,0,1,0,0,0,0,0,0,0,0,0,0
2026-04-29T21:30:00+02:00,2026-04-29T21:35:00+02:00,0,0,0,0,0,0,0,0,0,0,0,0,0,0,0,0,0,0,0,0,0,0,0
2026-04-29T21:35:00+02:00,2026-04-29T21:40:00+02:00,0,0,0,0,0,0,0,0,0,0,0,0,0,0,0,0,0,0,0,0,0,0,0
2026-04-29T21:40:00+02:00,2026-04-29T21:45:00+02:00,0,1,0,0,0,0,0,0,0,0,0,0,0,0,0,0,0,0,0,0,0,0,0
2026-04-29T21:45:00+02:00,2026-04-29T21:50:00+02:00,0,0,0,0,0,0,0,0,0,0,0,0,0,0,0,0,0,0,0,0,0,0,0
2026-04-29T21:50:00+02:00,2026-04-29T21:55:00+02:00,0,0,0,0,0,0,0,0,0,0,0,0,0,0,0,0,0,0,0,0,0,0,0
2026-04-29T21:55:00+02:00,2026-04-29T22:00:00+02:00,0,0,0,0,0,0,0,0,0,0,0,0,1,0,0,0,0,0,0,0,0,0,0
2026-04-29T22:00:00+02:00,2026-04-29T22:05:00+02:00,0,0,0,0,0,0,0,0,0,0,0,0,0,0,0,0,0,0,0,0,0,0,0
2026-04-29T22:05:00+02:00,2026-04-29T22:10:00+02:00,0,1,0,0,0,0,0,0,0,0,0,0,2,0,0,0,0,0,0,0,0,0,0
2026-04-29T22:10:00+02:00,2026-04-29T22:15:00+02:00,0,0,0,0,0,0,0,0,0,0,0,0,2,0,0,0,0,0,0,0,0,0,0
2026-04-29T22:15:00+02:00,2026-04-29T22:20:00+02:00,0,0,0,0,0,0,0,0,0,0,0,0,0,0,0,0,0,0,0,0,0,0,0
2026-04-29T22:20:00+02:00,2026-04-29T22:25:00+02:00,0,1,0,0,0,0,0,0,0,0,0,0,1,0,0,0,0,0,0,0,0,0,0
2026-04-29T22:25:00+02:00,2026-04-29T22:30:00+02:00,0,0,0,0,0,0,0,0,0,0,0,0,0,0,0,0,0,0,0,0,0,0,0
2026-04-29T22:30:00+02:00,2026-04-29T22:35:00+02:00,0,0,0,0,0,0,0,0,0,0,0,0,0,0,0,0,0,0,0,0,0,0,0
2026-04-29T22:35:00+02:00,2026-04-29T22:40:00+02:00,0,1,0,0,0,0,0,0,0,0,0,0,0,0,0,0,0,0,0,0,0,0,0
2026-04-29T22:40:00+02:00,2026-04-29T22:45:00+02:00,0,0,0,0,0,0,0,0,0,0,0,0,0,0,0,0,0,0,0,0,0,0,0
2026-04-29T22:45:00+02:00,2026-04-29T22:50:00+02:00,0,0,0,0,0,0,0,0,0,0,0,0,0,0,0,0,0,0,0,0,0,0,0
2026-04-29T22:50:00+02:00,2026-04-29T22:55:00+02:00,0,0,0,0,0,0,0,0,0,0,0,0,0,0,0,0,0,0,0,0,0,0,0
2026-04-29T22:55:00+02:00,2026-04-29T23:00:00+02:00,0,0,0,0,0,0,0,0,0,0,0,0,0,0,0,0,0,0,0,0,0,0,0
2026-04-29T23:00:00+02:00,2026-04-29T23:05:00+02:00,0,0,0,0,0,0,0,0,0,0,0,0,0,0,0,0,0,0,0,0,0,0,0
2026-04-29T23:05:00+02:00,2026-04-29T23:10:00+02:00,0,0,0,0,0,0,0,0,0,0,0,0,0,0,0,0,0,0,0,0,0,0,0
2026-04-29T23:10:00+02:00,2026-04-29T23:15:00+02:00,0,0,0,0,0,0,0,0,0,0,0,0,0,0,0,0,0,0,0,0,0,0,0
2026-04-29T23:15:00+02:00,2026-04-29T23:20:00+02:00,0,0,0,0,0,0,0,0,0,0,0,0,0,0,0,0,0,0,0,0,0,0,0
2026-04-29T23:20:00+02:00,2026-04-29T23:25:00+02:00,0,0,0,0,0,0,0,0,0,0,0,0,0,0,0,0,0,0,0,0,0,0,0
2026-04-29T23:25:00+02:00,2026-04-29T23:30:00+02:00,0,0,0,0,0,0,0,0,0,0,0,0,0,0,0,0,0,0,0,0,0,0,0
2026-04-29T23:30:00+02:00,2026-04-29T23:35:00+02:00,0,0,0,0,0,0,0,0,0,0,0,0,0,0,0,0,0,0,0,0,0,0,0
2026-04-29T23:35:00+02:00,2026-04-29T23:40:00+02:00,0,0,0,0,0,0,0,0,0,0,0,0,0,0,0,0,0,0,0,0,0,0,0
2026-04-29T23:40:00+02:00,2026-04-29T23:45:00+02:00,0,0,0,0,0,0,0,0,0,0,0,0,0,0,0,0,0,0,0,0,0,0,0
2026-04-29T23:45:00+02:00,2026-04-29T23:50:00+02:00,0,0,0,0,0,0,0,0,0,0,0,0,0,0,0,0,0,0,0,0,0,0,0
2026-04-29T23:50:00+02:00,2026-04-29T23:55:00+02:00,0,0,0,0,0,0,0,0,0,0,0,0,1,0,0,0,0,0,0,0,0,0,0
2026-04-29T23:55:00+02:00,2026-04-30T00:00:00+02:00,0,0,0,0,0,0,0,0,0,0,0,0,0,0,0,0,0,0,0,0,0,0,0
2026-04-30T00:00:00+02:00,2026-04-30T00:05:00+02:00,0,0,0,0,0,0,0,0,0,0,0,0,0,0,0,0,0,0,0,0,0,0,0
2026-04-30T00:05:00+02:00,2026-04-30T00:10:00+02:00,0,0,0,0,0,0,0,0,0,0,0,0,0,0,0,0,0,0,0,0,0,0,0
2026-04-30T00:10:00+02:00,2026-04-30T00:15:00+02:00,0,0,0,0,0,0,0,0,0,0,0,0,0,0,0,0,0,0,0,0,0,0,0
2026-04-30T00:15:00+02:00,2026-04-30T00:20:00+02:00,0,0,0,0,0,0,0,0,0,0,0,0,0,0,0,0,0,0,0,0,0,0,0
2026-04-30T00:20:00+02:00,2026-04-30T00:25:00+02:00,0,0,0,0,0,0,0,0,0,0,0,0,0,0,0,0,0,0,0,0,0,0,0
2026-04-30T00:25:00+02:00,2026-04-30T00:30:00+02:00,0,0,0,0,0,0,0,0,0,0,0,0,0,0,0,0,0,0,0,0,0,0,0
2026-04-30T00:30:00+02:00,2026-04-30T00:35:00+02:00,0,0,0,0,0,0,0,0,0,0,0,0,0,0,0,0,0,0,0,0,0,0,0
2026-04-30T00:35:00+02:00,2026-04-30T00:40:00+02:00,0,0,0,0,0,0,0,0,0,0,0,0,0,0,0,0,0,0,0,0,0,0,0
2026-04-30T00:40:00+02:00,2026-04-30T00:45:00+02:00,0,0,0,0,0,0,0,0,0,0,0,0,0,0,0,0,0,0,0,0,0,0,0
2026-04-30T00:45:00+02:00,2026-04-30T00:50:00+02:00,0,0,0,0,0,0,0,0,0,0,0,0,0,0,0,0,0,0,0,0,0,0,0
2026-04-30T00:50:00+02:00,2026-04-30T00:55:00+02:00,0,0,0,0,0,0,0,0,0,0,0,0,0,0,0,0,0,0,0,0,0,0,0
2026-04-30T00:55:00+02:00,2026-04-30T01:00:00+02:00,0,0,0,0,0,0,0,0,0,0,0,0,0,0,0,0,0,0,0,0,0,0,0
2026-04-30T01:00:00+02:00,2026-04-30T01:05:00+02:00,0,0,0,0,0,0,0,0,0,0,0,0,0,0,0,0,0,0,0,0,0,0,0
2026-04-30T01:05:00+02:00,2026-04-30T01:10:00+02:00,0,0,0,0,0,0,0,0,0,0,0,0,0,0,0,0,0,0,0,0,0,0,0
2026-04-30T01:10:00+02:00,2026-04-30T01:15:00+02:00,0,0,0,0,0,0,0,0,0,0,0,0,0,0,0,0,0,0,0,0,0,0,0
2026-04-30T01:15:00+02:00,2026-04-30T01:20:00+02:00,0,0,0,0,0,0,0,0,0,0,0,0,0,0,0,0,0,0,0,0,0,0,0
2026-04-30T01:20:00+02:00,2026-04-30T01:25:00+02:00,0,0,0,0,0,0,0,0,0,0,0,0,0,0,0,0,0,0,0,0,0,0,0
2026-04-30T01:25:00+02:00,2026-04-30T01:30:00+02:00,0,1,0,0,0,0,0,0,0,0,0,0,0,0,0,0,0,0,0,0,0,0,0
2026-04-30T01:30:00+02:00,2026-04-30T01:35:00+02:00,0,0,0,0,0,0,0,0,0,0,0,0,0,0,0,0,0,0,0,0,0,0,0
2026-04-30T01:35:00+02:00,2026-04-30T01:40:00+02:00,0,0,0,0,0,0,0,0,0,0,0,0,0,0,0,0,0,0,0,0,0,0,0
2026-04-30T01:40:00+02:00,2026-04-30T01:45:00+02:00,0,0,0,0,0,0,0,0,0,0,0,0,0,0,0,0,0,0,0,0,0,0,0
2026-04-30T01:45:00+02:00,2026-04-30T01:50:00+02:00,0,0,0,0,0,0,0,0,0,0,0,0,0,0,0,0,0,0,0,0,0,0,0
2026-04-30T01:50:00+02:00,2026-04-30T01:55:00+02:00,0,0,0,0,0,0,0,0,0,0,0,0,0,0,0,0,0,0,0,0,0,0,0
2026-04-30T01:55:00+02:00,2026-04-30T02:00:00+02:00,0,0,0,0,0,0,0,0,0,0,0,0,0,0,0,0,0,0,0,0,0,0,0
2026-04-30T02:00:00+02:00,2026-04-30T02:05:00+02:00,0,0,0,0,0,0,0,0,0,0,0,0,0,0,0,0,0,0,0,0,0,0,0
2026-04-30T02:05:00+02:00,2026-04-30T02:10:00+02:00,0,0,0,0,0,0,0,0,0,0,0,0,0,0,0,0,0,0,0,0,0,0,0
2026-04-30T02:10:00+02:00,2026-04-30T02:15:00+02:00,0,0,0,0,0,0,0,0,0,0,0,0,0,0,0,0,0,0,0,0,0,0,0
2026-04-30T02:15:00+02:00,2026-04-30T02:20:00+02:00,0,0,0,0,0,0,0,0,0,0,0,0,0,0,0,0,0,0,0,0,0,0,0
2026-04-30T02:20:00+02:00,2026-04-30T02:25:00+02:00,0,0,0,0,0,0,0,0,0,0,0,0,0,0,0,0,0,0,0,0,0,0,0
2026-04-30T02:25:00+02:00,2026-04-30T02:30:00+02:00,0,0,0,0,0,0,0,0,0,0,0,0,0,0,0,0,0,0,0,0,0,0,0
2026-04-30T02:30:00+02:00,2026-04-30T02:35:00+02:00,0,0,0,0,0,0,0,0,0,0,0,0,0,0,0,0,0,0,0,0,0,0,0
2026-04-30T02:35:00+02:00,2026-04-30T02:40:00+02:00,0,0,0,0,0,0,0,0,0,0,0,0,0,0,0,0,0,0,0,0,0,0,0
2026-04-30T02:40:00+02:00,2026-04-30T02:45:00+02:00,0,0,0,0,0,0,0,0,0,0,0,0,0,0,0,0,0,0,0,0,0,0,0
2026-04-30T02:45:00+02:00,2026-04-30T02:50:00+02:00,0,0,0,0,0,0,0,0,0,0,0,0,0,0,0,0,0,0,0,0,0,0,0
2026-04-30T02:50:00+02:00,2026-04-30T02:55:00+02:00,0,0,0,0,0,0,0,0,0,0,0,0,0,0,0,0,0,0,0,0,0,0,0
2026-04-30T02:55:00+02:00,2026-04-30T03:00:00+02:00,0,0,0,0,0,0,0,0,0,0,0,0,0,0,0,0,0,0,0,0,0,0,0
2026-04-30T03:00:00+02:00,2026-04-30T03:05:00+02:00,0,0,0,0,0,0,0,0,0,0,0,0,0,0,0,0,0,0,0,0,0,0,0
2026-04-30T03:05:00+02:00,2026-04-30T03:10:00+02:00,0,0,0,0,0,0,0,0,0,0,0,0,0,0,0,0,0,0,0,0,0,0,0
2026-04-30T03:10:00+02:00,2026-04-30T03:15:00+02:00,0,0,0,0,0,0,0,0,0,0,0,0,0,0,0,0,0,0,0,0,0,0,0
2026-04-30T03:15:00+02:00,2026-04-30T03:20:00+02:00,0,0,0,0,0,0,0,0,0,0,0,0,0,0,0,0,0,0,0,0,0,0,0
2026-04-30T03:20:00+02:00,2026-04-30T03:25:00+02:00,0,0,0,0,0,0,0,0,0,0,0,0,0,0,0,0,0,0,0,0,0,0,0
2026-04-30T03:25:00+02:00,2026-04-30T03:30:00+02:00,0,0,0,0,0,0,0,0,0,0,0,0,0,0,0,0,0,0,0,0,0,0,0
2026-04-30T03:30:00+02:00,2026-04-30T03:35:00+02:00,0,0,0,0,0,0,0,0,0,0,0,0,0,0,0,0,0,0,0,0,0,0,0
2026-04-30T03:35:00+02:00,2026-04-30T03:40:00+02:00,0,0,0,0,0,0,0,0,0,0,0,0,0,0,0,0,0,0,0,0,0,0,0
2026-04-30T03:40:00+02:00,2026-04-30T03:45:00+02:00,0,0,0,0,0,0,0,0,0,0,0,0,0,0,0,0,0,0,0,0,0,0,0
2026-04-30T03:45:00+02:00,2026-04-30T03:50:00+02:00,0,0,0,0,0,0,0,0,0,0,0,0,0,0,0,0,0,0,0,0,0,0,0
2026-04-30T03:50:00+02:00,2026-04-30T03:55:00+02:00,0,0,0,0,0,0,0,0,0,0,0,0,0,0,0,0,0,0,0,0,0,0,0
2026-04-30T03:55:00+02:00,2026-04-30T04:00:00+02:00,0,0,0,0,0,0,0,0,0,0,0,0,1,0,0,0,0,0,0,0,0,0,0
2026-04-30T04:00:00+02:00,2026-04-30T04:05:00+02:00,0,0,0,0,0,0,0,0,0,0,0,0,0,0,0,0,0,0,0,0,0,0,0
2026-04-30T04:05:00+02:00,2026-04-30T04:10:00+02:00,0,0,0,0,0,0,0,0,0,0,0,0,1,0,0,0,0,0,0,0,0,0,0
2026-04-30T04:10:00+02:00,2026-04-30T04:15:00+02:00,0,0,0,0,0,0,0,0,0,0,0,0,1,0,0,0,0,0,0,0,0,0,0
2026-04-30T04:15:00+02:00,2026-04-30T04:20:00+02:00,0,0,0,0,0,0,0,0,0,0,0,0,0,0,0,0,0,0,0,0,0,0,0
2026-04-30T04:20:00+02:00,2026-04-30T04:25:00+02:00,0,0,0,0,0,0,0,0,0,0,0,0,0,0,0,0,0,0,0,0,0,0,0
2026-04-30T04:25:00+02:00,2026-04-30T04:30:00+02:00,0,0,0,0,0,0,0,0,0,0,0,0,0,0,0,0,0,0,0,0,0,0,0
2026-04-30T04:30:00+02:00,2026-04-30T04:35:00+02:00,0,0,0,0,0,0,0,0,0,0,0,0,0,0,0,0,0,0,0,0,0,0,0
2026-04-30T04:35:00+02:00,2026-04-30T04:40:00+02:00,0,0,0,0,0,0,0,0,0,0,0,0,0,0,0,0,0,0,0,0,0,0,0
2026-04-30T04:40:00+02:00,2026-04-30T04:45:00+02:00,0,0,0,0,0,0,0,0,0,0,0,0,0,0,0,0,0,0,0,0,0,0,0
2026-04-30T04:45:00+02:00,2026-04-30T04:50:00+02:00,0,0,0,0,0,0,0,0,0,0,0,0,3,0,0,0,0,0,0,0,0,0,0
2026-04-30T04:50:00+02:00,2026-04-30T04:55:00+02:00,0,0,0,0,0,0,0,0,0,0,0,0,2,0,0,0,0,0,0,0,0,0,0
2026-04-30T04:55:00+02:00,2026-04-30T05:00:00+02:00,0,0,0,0,0,0,0,0,0,0,0,0,0,0,0,0,0,0,0,0,0,0,0
2026-04-30T05:00:00+02:00,2026-04-30T05:05:00+02:00,0,0,0,0,0,0,0,0,0,0,0,0,0,0,0,0,0,0,0,0,0,0,0
2026-04-30T05:05:00+02:00,2026-04-30T05:10:00+02:00,0,0,0,0,0,0,0,0,0,0,0,0,0,0,0,0,0,0,0,0,0,0,0
2026-04-30T05:10:00+02:00,2026-04-30T05:15:00+02:00,0,0,0,0,0,0,0,0,0,0,0,0,0,0,0,0,0,0,0,0,0,0,0
2026-04-30T05:15:00+02:00,2026-04-30T05:20:00+02:00,0,0,0,0,0,0,0,0,0,0,0,0,2,0,0,0,0,0,0,0,0,0,0
2026-04-30T05:20:00+02:00,2026-04-30T05:25:00+02:00,0,0,0,0,0,0,0,0,0,0,0,0,0,0,0,0,0,0,0,0,0,0,0
2026-04-30T05:25:00+02:00,2026-04-30T05:30:00+02:00,0,0,0,0,0,0,0,0,0,0,0,0,0,0,0,0,0,0,0,0,0,0,0
2026-04-30T05:30:00+02:00,2026-04-30T05:35:00+02:00,0,1,0,0,0,0,0,0,0,0,0,0,1,0,0,0,0,0,0,0,0,0,0
2026-04-30T05:35:00+02:00,2026-04-30T05:40:00+02:00,0,0,0,0,0,0,0,0,0,0,0,0,2,0,0,0,0,0,0,0,0,0,0
2026-04-30T05:40:00+02:00,2026-04-30T05:45:00+02:00,0,0,0,0,0,0,0,0,0,0,0,0,0,0,0,0,0,0,0,0,0,0,0
2026-04-30T05:45:00+02:00,2026-04-30T05:50:00+02:00,0,0,0,0,0,0,0,0,0,0,0,0,2,0,0,0,0,0,0,0,0,0,0
2026-04-30T05:50:00+02:00,2026-04-30T05:55:00+02:00,0,0,0,0,0,0,0,0,0,0,0,0,1,0,0,0,0,0,0,0,0,0,0
2026-04-30T05:55:00+02:00,2026-04-30T06:00:00+02:00,0,0,0,0,0,0,0,0,0,0,1,0,0,0,0,0,0,0,0,0,0,0,0
2026-04-30T06:00:00+02:00,2026-04-30T06:05:00+02:00,0,0,0,0,0,0,0,0,0,0,0,0,0,0,0,0,0,0,0,0,0,0,0
2026-04-30T06:05:00+02:00,2026-04-30T06:10:00+02:00,0,0,0,0,0,0,0,0,0,0,0,0,0,0,0,0,0,0,0,0,0,0,0
2026-04-30T06:10:00+02:00,2026-04-30T06:15:00+02:00,0,0,0,0,0,0,0,0,0,0,0,0,0,0,0,0,0,0,0,0,0,0,0
2026-04-30T06:15:00+02:00,2026-04-30T06:20:00+02:00,0,0,0,0,0,0,0,0,0,0,0,0,1,0,0,0,0,0,0,0,0,0,0
2026-04-30T06:20:00+02:00,2026-04-30T06:25:00+02:00,0,1,0,0,0,0,0,0,0,0,0,0,0,0,0,0,0,0,0,0,0,0,0
2026-04-30T06:25:00+02:00,2026-04-30T06:30:00+02:00,0,1,0,0,0,0,0,0,0,0,0,0,2,0,0,0,0,0,0,0,0,0,0
2026-04-30T06:30:00+02:00,2026-04-30T06:35:00+02:00,0,1,0,0,0,0,0,0,0,0,0,0,5,0,0,0,0,0,0,0,0,0,0
2026-04-30T06:35:00+02:00,2026-04-30T06:40:00+02:00,0,0,0,0,0,0,0,0,0,0,0,0,4,0,0,0,0,0,0,0,0,0,0
2026-04-30T06:40:00+02:00,2026-04-30T06:45:00+02:00,0,0,0,0,0,0,0,0,0,0,0,0,3,0,0,0,0,0,0,0,0,0,0
2026-04-30T06:45:00+02:00,2026-04-30T06:50:00+02:00,0,0,0,0,0,0,0,0,0,0,0,0,3,0,0,0,0,0,0,0,0,0,0
2026-04-30T06:50:00+02:00,2026-04-30T06:55:00+02:00,0,0,0,0,0,0,0,0,0,0,0,0,9,0,0,0,0,0,0,0,0,0,0
2026-04-30T06:55:00+02:00,2026-04-30T07:00:00+02:00,0,0,0,0,0,0,0,0,0,0,0,0,2,0,0,0,0,0,0,0,0,0,0
2026-04-30T07:00:00+02:00,2026-04-30T07:05:00+02:00,0,1,0,0,0,0,0,0,0,0,0,0,5,0,0,0,0,0,0,0,0,0,0
2026-04-30T07:05:00+02:00,2026-04-30T07:10:00+02:00,0,0,0,0,0,0,0,0,0,0,0,0,3,0,0,0,0,0,0,0,0,0,0
2026-04-30T07:10:00+02:00,2026-04-30T07:15:00+02:00,1,0,0,0,0,0,0,0,0,0,0,0,3,0,0,0,0,0,0,0,0,0,0
2026-04-30T07:15:00+02:00,2026-04-30T07:20:00+02:00,1,0,0,0,0,0,0,0,0,0,0,0,5,0,0,0,0,0,0,0,0,0,0
2026-04-30T07:20:00+02:00,2026-04-30T07:25:00+02:00,0,0,0,0,0,0,0,0,0,0,0,0,7,0,0,0,0,0,0,0,0,0,0
2026-04-30T07:25:00+02:00,2026-04-30T07:30:00+02:00,0,1,0,0,0,0,0,0,0,0,0,0,4,0,0,0,0,0,0,0,0,0,0
2026-04-30T07:30:00+02:00,2026-04-30T07:35:00+02:00,0,0,0,0,0,0,0,0,0,0,0,0,3,0,1,0,0,0,0,0,0,0,0
2026-04-30T07:35:00+02:00,2026-04-30T07:40:00+02:00,0,0,0,0,0,0,0,0,0,0,0,0,8,0,0,0,0,0,0,0,0,0,0
2026-04-30T07:40:00+02:00,2026-04-30T07:45:00+02:00,0,1,0,0,0,0,0,0,0,0,0,0,4,0,1,0,0,0,0,0,0,0,0
2026-04-30T07:45:00+02:00,2026-04-30T07:50:00+02:00,1,0,0,0,0,0,0,0,0,0,0,0,2,0,0,0,0,0,0,0,0,0,0
2026-04-30T07:50:00+02:00,2026-04-30T07:55:00+02:00,0,0,0,0,0,0,0,0,0,0,0,0,5,0,0,0,0,0,0,0,0,0,0
2026-04-30T07:55:00+02:00,2026-04-30T08:00:00+02:00,0,2,0,0,0,0,0,0,0,0,0,0,8,0,0,0,0,0,0,0,0,0,0
2026-04-30T08:00:00+02:00,2026-04-30T08:05:00+02:00,0,2,0,0,0,0,0,0,0,0,0,0,6,0,0,0,0,0,0,0,0,0,0
2026-04-30T08:05:00+02:00,2026-04-30T08:10:00+02:00,0,0,0,0,0,0,0,0,0,0,0,0,6,0,0,0,0,0,0,0,0,0,0
2026-04-30T08:10:00+02:00,2026-04-30T08:15:00+02:00,0,2,0,0,0,0,0,0,0,0,0,0,6,0,0,0,0,0,0,0,0,0,0
2026-04-30T08:15:00+02:00,2026-04-30T08:20:00+02:00,0,1,0,0,0,0,0,0,0,0,0,0,6,0,0,0,0,0,0,0,0,0,0
2026-04-30T08:20:00+02:00,2026-04-30T08:25:00+02:00,0,2,0,0,0,0,0,0,0,0,0,0,4,0,0,0,0,0,0,0,0,0,0
2026-04-30T08:25:00+02:00,2026-04-30T08:30:00+02:00,0,0,0,0,0,0,0,0,0,0,0,0,12,0,0,0,0,0,0,0,0,0,0
2026-04-30T08:30:00+02:00,2026-04-30T08:35:00+02:00,0,0,0,0,0,0,0,0,0,0,0,0,7,0,0,0,0,0,0,0,0,0,0
2026-04-30T08:35:00+02:00,2026-04-30T08:40:00+02:00,0,1,0,0,0,0,0,0,0,0,0,0,9,0,0,0,0,0,0,0,0,0,0
2026-04-30T08:40:00+02:00,2026-04-30T08:45:00+02:00,0,0,0,0,0,0,0,0,0,0,0,0,6,0,1,0,0,0,0,0,0,0,0
2026-04-30T08:45:00+02:00,2026-04-30T08:50:00+02:00,0,2,0,0,0,0,0,0,0,0,0,0,12,0,0,0,0,0,0,0,0,0,0
2026-04-30T08:50:00+02:00,2026-04-30T08:55:00+02:00,0,0,0,0,0,0,0,0,0,0,0,0,9,0,0,0,0,0,0,0,0,0,0
2026-04-30T08:55:00+02:00,2026-04-30T09:00:00+02:00,0,0,0,0,0,0,0,0,0,0,0,0,4,0,0,0,0,0,0,0,0,0,0
2026-04-30T09:00:00+02:00,2026-04-30T09:05:00+02:00,0,1,0,0,0,0,0,0,0,0,0,0,6,0,0,0,0,0,0,0,0,0,0
2026-04-30T09:05:00+02:00,2026-04-30T09:10:00+02:00,0,0,0,0,0,0,0,0,0,0,0,0,12,0,0,0,0,0,0,0,0,0,0
2026-04-30T09:10:00+02:00,2026-04-30T09:15:00+02:00,0,0,0,0,0,0,0,0,0,0,0,0,17,0,0,0,0,0,0,0,0,0,0
2026-04-30T09:15:00+02:00,2026-04-30T09:20:00+02:00,0,0,0,0,0,0,0,0,0,0,0,0,14,0,0,0,0,0,0,0,0,0,0
2026-04-30T09:20:00+02:00,2026-04-30T09:25:00+02:00,0,1,0,0,0,0,0,0,0,0,0,0,18,0,0,0,0,0,0,0,0,0,0
2026-04-30T09:25:00+02:00,2026-04-30T09:30:00+02:00,0,4,0,0,0,0,0,0,0,0,0,0,11,0,0,0,0,0,0,0,0,0,0
2026-04-30T09:30:00+02:00,2026-04-30T09:35:00+02:00,0,0,0,0,0,0,0,0,0,0,0,0,11,0,0,0,0,0,0,0,0,0,0
2026-04-30T09:35:00+02:00,2026-04-30T09:40:00+02:00,0,2,0,0,0,0,0,0,0,0,0,0,10,0,0,0,0,0,0,0,0,0,0
2026-04-30T09:40:00+02:00,2026-04-30T09:45:00+02:00,0,1,0,0,0,0,0,0,0,0,0,0,6,0,0,0,0,0,0,0,0,0,0
2026-04-30T09:45:00+02:00,2026-04-30T09:50:00+02:00,0,1,0,0,0,0,0,0,0,0,0,0,7,0,0,0,0,0,0,0,0,0,0
2026-04-30T09:50:00+02:00,2026-04-30T09:55:00+02:00,0,0,0,0,0,0,0,0,0,0,0,0,13,0,0,0,0,0,0,0,0,0,0
2026-04-30T09:55:00+02:00,2026-04-30T10:00:00+02:00,0,1,0,0,0,0,0,0,0,0,0,0,5,0,0,0,0,0,0,0,0,0,0
2026-04-30T10:00:00+02:00,2026-04-30T10:05:00+02:00,0,2,0,0,0,0,0,0,0,0,0,0,6,0,0,0,0,0,0,0,0,0,0
2026-04-30T10:05:00+02:00,2026-04-30T10:10:00+02:00,0,0,0,0,0,0,0,0,0,0,0,0,14,0,0,0,0,0,0,0,0,0,0
2026-04-30T10:10:00+02:00,2026-04-30T10:15:00+02:00,0,0,0,0,0,0,0,0,0,0,0,0,15,0,0,0,0,0,0,0,0,0,0
2026-04-30T10:15:00+02:00,2026-04-30T10:20:00+02:00,0,1,0,0,0,0,0,0,0,0,0,0,5,0,0,0,0,0,0,0,0,0,0
2026-04-30T10:20:00+02:00,2026-04-30T10:25:00+02:00,0,0,0,0,0,0,0,0,0,0,0,0,11,0,0,0,0,0,0,0,0,0,0
2026-04-30T10:25:00+02:00,2026-04-30T10:30:00+02:00,0,0,0,0,0,0,0,0,0,0,0,0,13,0,2,0,0,0,0,0,0,0,0
2026-04-30T10:30:00+02:00,2026-04-30T10:35:00+02:00,0,2,0,0,0,0,0,0,0,0,0,0,11,1,0,0,0,0,0,0,0,0,0
2026-04-30T10:35:00+02:00,2026-04-30T10:40:00+02:00,0,2,0,0,0,0,0,0,0,0,0,0,12,0,0,0,0,0,0,0,0,0,0
2026-04-30T10:40:00+02:00,2026-04-30T10:45:00+02:00,0,0,0,0,0,0,0,0,0,0,0,0,14,0,1,0,0,0,0,0,0,0,0
2026-04-30T10:45:00+02:00,2026-04-30T10:50:00+02:00,0,1,0,0,0,0,0,0,0,0,0,0,6,0,0,0,0,0,0,0,0,0,0
2026-04-30T10:50:00+02:00,2026-04-30T10:55:00+02:00,0,3,0,0,0,0,0,0,0,0,0,0,12,0,0,0,0,0,0,0,0,0,0
2026-04-30T10:55:00+02:00,2026-04-30T11:00:00+02:00,0,1,0,0,0,0,0,0,0,0,0,0,9,0,0,0,0,0,0,0,0,0,0
2026-04-30T11:00:00+02:00,2026-04-30T11:05:00+02:00,0,1,0,0,0,0,0,0,0,0,0,0,11,0,0,0,0,0,0,0,0,0,0
2026-04-30T11:05:00+02:00,2026-04-30T11:10:00+02:00,0,1,0,0,0,0,0,0,0,0,0,0,10,0,0,0,0,0,0,0,0,0,0
2026-04-30T11:10:00+02:00,2026-04-30T11:15:00+02:00,0,2,0,0,0,0,0,0,0,0,0,0,11,0,0,0,0,0,0,0,0,0,0
2026-04-30T11:15:00+02:00,2026-04-30T11:20:00+02:00,0,1,0,0,0,0,0,0,0,0,0,0,16,0,0,0,0,0,0,0,0,0,0
2026-04-30T11:20:00+02:00,2026-04-30T11:25:00+02:00,0,2,0,0,0,0,0,0,0,0,0,0,11,0,0,0,0,0,0,0,0,0,0
2026-04-30T11:25:00+02:00,2026-04-30T11:30:00+02:00,0,0,0,0,0,0,0,0,0,0,0,0,10,0,0,0,0,0,0,0,0,0,0
2026-04-30T11:30:00+02:00,2026-04-30T11:35:00+02:00,0,1,0,0,0,0,0,0,0,0,0,0,8,0,0,0,0,0,0,0,0,0,0
2026-04-30T11:35:00+02:00,2026-04-30T11:40:00+02:00,0,3,0,0,0,0,0,0,0,0,0,0,28,0,0,0,0,0,0,0,0,0,0
2026-04-30T11:40:00+02:00,2026-04-30T11:45:00+02:00,0,1,0,0,0,0,0,0,0,0,0,0,6,0,0,0,0,0,0,0,0,0,0
2026-04-30T11:45:00+02:00,2026-04-30T11:50:00+02:00,0,0,0,0,0,0,0,0,0,0,0,0,15,1,0,0,0,0,0,0,0,0,0
2026-04-30T11:50:00+02:00,2026-04-30T11:55:00+02:00,0,0,0,0,0,0,0,0,0,0,0,0,9,0,0,0,0,0,0,0,0,0,0
2026-04-30T11:55:00+02:00,2026-04-30T12:00:00+02:00,0,1,0,0,0,0,0,0,0,0,0,0,10,0,0,0,0,0,0,0,0,0,0
2026-04-30T12:00:00+02:00,2026-04-30T12:05:00+02:00,0,0,0,0,0,0,0,0,0,0,0,0,14,0,0,0,0,0,0,0,0,0,0
2026-04-30T12:05:00+02:00,2026-04-30T12:10:00+02:00,0,1,0,0,0,0,0,0,0,0,0,0,9,0,0,0,0,0,0,0,0,0,0
2026-04-30T12:10:00+02:00,2026-04-30T12:15:00+02:00,0,0,0,0,0,0,0,0,0,0,0,0,6,0,0,0,0,0,0,0,0,0,0
2026-04-30T12:15:00+02:00,2026-04-30T12:20:00+02:00,0,0,0,0,0,0,0,0,0,0,0,0,7,0,0,0,0,0,0,0,0,0,0
2026-04-30T12:20:00+02:00,2026-04-30T12:25:00+02:00,0,1,0,0,0,0,0,0,0,0,0,0,12,0,0,0,0,0,0,0,0,0,0
2026-04-30T12:25:00+02:00,2026-04-30T12:30:00+02:00,0,0,0,0,0,0,0,0,0,0,0,0,8,0,0,0,0,0,0,0,0,0,0
2026-04-30T12:30:00+02:00,2026-04-30T12:35:00+02:00,0,3,0,0,0,0,0,0,0,0,0,0,8,0,0,0,0,0,0,0,0,0,0
2026-04-30T12:35:00+02:00,2026-04-30T12:40:00+02:00,0,2,0,0,0,0,0,0,0,0,0,0,12,0,0,0,0,0,0,0,0,0,0
2026-04-30T12:40:00+02:00,2026-04-30T12:45:00+02:00,0,2,0,0,0,0,0,0,0,0,0,0,7,0,0,0,0,0,0,0,0,0,0
2026-04-30T12:45:00+02:00,2026-04-30T12:50:00+02:00,0,0,0,0,0,0,0,0,0,0,0,0,11,0,0,0,0,0,0,0,0,0,0
2026-04-30T12:50:00+02:00,2026-04-30T12:55:00+02:00,0,0,0,0,0,0,0,0,0,0,0,0,22,0,0,0,0,0,0,0,0,0,0
2026-04-30T12:55:00+02:00,2026-04-30T13:00:00+02:00,0,0,0,0,0,0,0,0,0,0,0,0,14,1,0,0,0,0,0,0,0,0,0
2026-04-30T13:00:00+02:00,2026-04-30T13:05:00+02:00,1,1,0,0,0,0,0,0,0,0,0,0,10,0,0,0,0,0,0,0,0,0,0
2026-04-30T13:05:00+02:00,2026-04-30T13:10:00+02:00,0,0,0,0,0,0,0,0,0,0,0,0,10,0,0,0,0,0,0,0,0,0,0
2026-04-30T13:10:00+02:00,2026-04-30T13:15:00+02:00,0,2,0,0,0,0,0,0,0,0,0,0,10,0,0,0,0,0,0,0,0,0,0
2026-04-30T13:15:00+02:00,2026-04-30T13:20:00+02:00,0,0,0,0,0,0,0,0,0,0,0,0,8,0,0,0,0,0,0,0,0,0,0
2026-04-30T13:20:00+02:00,2026-04-30T13:25:00+02:00,0,2,0,0,0,0,0,0,0,0,0,0,11,0,0,0,0,0,0,0,0,0,0
2026-04-30T13:25:00+02:00,2026-04-30T13:30:00+02:00,0,0,0,0,0,0,0,0,0,0,0,0,8,0,0,0,0,0,0,0,0,0,0
2026-04-30T13:30:00+02:00,2026-04-30T13:35:00+02:00,0,1,0,0,0,0,0,0,0,0,0,0,11,0,0,0,0,0,0,0,0,0,0
2026-04-30T13:35:00+02:00,2026-04-30T13:40:00+02:00,0,3,0,0,0,0,0,0,0,0,0,0,13,0,0,0,0,0,0,0,0,0,0
2026-04-30T13:40:00+02:00,2026-04-30T13:45:00+02:00,0,0,0,0,0,0,0,0,0,0,0,0,11,0,1,0,0,0,0,0,0,0,0
2026-04-30T13:45:00+02:00,2026-04-30T13:50:00+02:00,0,1,0,0,0,0,0,0,0,0,0,0,20,0,0,0,0,0,0,0,0,0,0
2026-04-30T13:50:00+02:00,2026-04-30T13:55:00+02:00,0,2,0,0,0,0,0,0,0,0,0,0,21,0,1,0,0,0,0,0,0,0,0
2026-04-30T13:55:00+02:00,2026-04-30T14:00:00+02:00,0,4,0,0,0,0,0,0,0,1,0,0,9,0,1,0,0,0,0,0,0,0,0
2026-04-30T14:00:00+02:00,2026-04-30T14:05:00+02:00,0,0,0,0,0,0,0,0,0,0,0,0,32,0,0,0,0,0,0,0,0,0,0
2026-04-30T14:05:00+02:00,2026-04-30T14:10:00+02:00,0,1,0,0,0,0,0,0,0,0,0,0,18,0,0,0,0,0,0,0,0,0,0
2026-04-30T14:10:00+02:00,2026-04-30T14:15:00+02:00,0,0,0,0,0,0,0,0,0,0,0,0,25,0,0,0,0,0,0,0,0,0,0
2026-04-30T14:15:00+02:00,2026-04-30T14:20:00+02:00,0,3,0,0,0,0,0,0,0,0,0,0,37,0,0,0,0,0,0,0,0,0,0
2026-04-30T14:20:00+02:00,2026-04-30T14:25:00+02:00,0,1,0,0,0,0,0,0,0,0,0,0,16,0,1,0,0,0,0,0,0,0,0
2026-04-30T14:25:00+02:00,2026-04-30T14:30:00+02:00,0,0,0,0,0,0,0,0,0,0,0,0,16,0,0,0,0,0,0,0,0,0,0
2026-04-30T14:30:00+02:00,2026-04-30T14:35:00+02:00,0,0,0,0,0,0,0,0,0,0,0,0,14,0,0,0,0,0,0,0,0,0,0
2026-04-30T14:35:00+02:00,2026-04-30T14:40:00+02:00,0,0,0,0,0,0,0,0,0,0,0,0,17,0,0,0,0,0,0,0,0,0,0
2026-04-30T14:40:00+02:00,2026-04-30T14:45:00+02:00,0,3,0,0,0,0,0,0,0,0,0,0,26,0,0,0,0,0,0,0,0,0,0
2026-04-30T14:45:00+02:00,2026-04-30T14:50:00+02:00,0,1,0,0,0,0,0,0,0,0,0,0,10,0,0,0,0,0,0,0,0,0,0
2026-04-30T14:50:00+02:00,2026-04-30T14:55:00+02:00,0,3,0,0,0,0,0,0,0,0,0,0,11,0,0,0,0,0,0,0,0,0,0
2026-04-30T14:55:00+02:00,2026-04-30T15:00:00+02:00,0,1,0,0,0,0,0,0,0,0,0,0,7,0,0,0,0,0,0,0,0,0,0
2026-04-30T15:00:00+02:00,2026-04-30T15:05:00+02:00,0,1,0,0,0,0,0,0,0,0,0,0,12,0,0,0,0,0,0,0,0,0,0
2026-04-30T15:05:00+02:00,2026-04-30T15:10:00+02:00,0,0,0,0,0,0,0,0,0,0,0,0,15,0,0,0,0,0,0,0,0,0,0
2026-04-30T15:10:00+02:00,2026-04-30T15:15:00+02:00,0,3,0,0,0,0,0,0,0,0,0,0,12,0,0,0,0,0,0,0,0,0,0
2026-04-30T15:15:00+02:00,2026-04-30T15:20:00+02:00,0,1,0,0,0,0,0,0,0,0,0,0,12,0,0,0,0,0,0,0,0,0,0
2026-04-30T15:20:00+02:00,2026-04-30T15:25:00+02:00,0,1,0,0,0,0,0,0,0,0,0,0,10,0,0,0,0,0,0,0,0,0,0
2026-04-30T15:25:00+02:00,2026-04-30T15:30:00+02:00,0,1,0,0,0,0,0,0,0,0,0,0,11,0,0,0,0,0,0,0,0,0,0
2026-04-30T15:30:00+02:00,2026-04-30T15:35:00+02:00,1,0,0,0,0,0,0,0,0,0,0,0,5,0,0,0,0,0,0,0,0,0,0
2026-04-30T15:35:00+02:00,2026-04-30T15:40:00+02:00,1,3,0,0,0,0,0,0,0,0,0,0,16,2,0,0,0,0,0,0,0,0,0
2026-04-30T15:40:00+02:00,2026-04-30T15:45:00+02:00,0,1,0,0,0,0,0,0,0,0,0,0,5,0,0,0,0,0,0,0,0,0,0
2026-04-30T15:45:00+02:00,2026-04-30T15:50:00+02:00,0,0,0,0,0,0,0,0,0,0,0,0,13,0,0,0,0,0,0,0,0,0,0
2026-04-30T15:50:00+02:00,2026-04-30T15:55:00+02:00,0,4,0,0,0,0,0,0,0,0,0,0,21,0,0,0,0,0,0,0,0,0,0
2026-04-30T15:55:00+02:00,2026-04-30T16:00:00+02:00,0,0,0,0,0,0,0,0,0,0,0,0,10,0,0,0,0,0,0,0,0,0,0
2026-04-30T16:00:00+02:00,2026-04-30T16:05:00+02:00,0,0,0,0,0,0,0,0,0,0,0,0,10,1,0,0,0,0,0,0,0,0,0
2026-04-30T16:05:00+02:00,2026-04-30T16:10:00+02:00,0,1,0,0,0,0,0,0,0,0,0,0,10,0,2,0,0,0,0,0,0,0,0
2026-04-30T16:10:00+02:00,2026-04-30T16:15:00+02:00,0,0,0,0,0,0,0,0,0,0,0,0,16,0,0,0,0,0,0,0,0,0,0
2026-04-30T16:15:00+02:00,2026-04-30T16:20:00+02:00,0,1,0,0,0,0,0,0,0,0,0,0,4,0,0,0,0,0,0,0,0,0,0
2026-04-30T16:20:00+02:00,2026-04-30T16:25:00+02:00,0,1,0,0,0,0,0,0,0,0,0,0,6,0,0,0,0,0,0,0,0,0,0
2026-04-30T16:25:00+02:00,2026-04-30T16:30:00+02:00,0,1,0,0,0,0,0,0,0,0,0,0,6,0,0,0,0,0,0,0,0,0,0
2026-04-30T16:30:00+02:00,2026-04-30T16:35:00+02:00,0,0,0,0,0,0,0,0,0,0,0,0,17,0,0,0,0,0,0,0,0,0,0
2026-04-30T16:35:00+02:00,2026-04-30T16:40:00+02:00,0,1,0,0,0,0,0,0,0,0,0,0,14,0,0,0,0,0,0,0,0,0,0
2026-04-30T16:40:00+02:00,2026-04-30T16:45:00+02:00,0,0,0,0,0,0,0,0,0,0,0,0,13,0,0,0,0,0,0,0,0,0,0
2026-04-30T16:45:00+02:00,2026-04-30T16:50:00+02:00,0,1,0,0,0,0,0,0,0,0,0,0,6,0,0,0,0,0,0,0,0,0,0
2026-04-30T16:50:00+02:00,2026-04-30T16:55:00+02:00,0,0,0,0,0,0,0,0,0,0,0,0,4,0,0,0,0,0,0,0,0,0,0
2026-04-30T16:55:00+02:00,2026-04-30T17:00:00+02:00,0,0,0,0,0,0,0,0,0,0,0,0,10,0,0,0,0,0,0,0,0,0,0
2026-04-30T17:00:00+02:00,2026-04-30T17:05:00+02:00,0,1,0,0,0,0,0,0,0,0,0,0,7,0,0,0,0,0,0,0,0,0,0
2026-04-30T17:05:00+02:00,2026-04-30T17:10:00+02:00,0,0,0,0,0,0,0,0,0,0,0,0,7,0,0,0,0,0,0,0,0,0,0
2026-04-30T17:10:00+02:00,2026-04-30T17:15:00+02:00,0,4,0,0,0,0,0,0,0,0,0,0,1,0,0,0,0,0,0,0,0,0,0
2026-04-30T17:15:00+02:00,2026-04-30T17:20:00+02:00,0,0,0,0,0,0,0,0,0,0,0,0,10,1,0,0,0,0,0,0,0,0,0
2026-04-30T17:20:00+02:00,2026-04-30T17:25:00+02:00,1,0,0,0,0,0,0,0,0,0,0,0,6,0,0,0,0,0,0,0,0,0,0
2026-04-30T17:25:00+02:00,2026-04-30T17:30:00+02:00,0,0,0,0,0,0,0,0,0,0,0,0,3,0,0,0,0,0,0,0,0,0,0
2026-04-30T17:30:00+02:00,2026-04-30T17:35:00+02:00,0,3,0,0,0,0,0,0,0,0,0,0,5,0,0,0,0,0,0,0,0,0,0
2026-04-30T17:35:00+02:00,2026-04-30T17:40:00+02:00,0,2,0,0,0,0,0,0,0,0,0,0,5,0,0,0,0,0,0,0,0,0,0
2026-04-30T17:40:00+02:00,2026-04-30T17:45:00+02:00,0,1,0,0,0,0,0,0,0,0,0,0,1,1,0,0,0,0,0,0,0,0,0
2026-04-30T17:45:00+02:00,2026-04-30T17:50:00+02:00,0,0,0,0,0,0,0,0,0,0,0,0,9,0,0,0,0,0,0,0,0,0,0
2026-04-30T17:50:00+02:00,2026-04-30T17:55:00+02:00,0,1,0,0,0,0,0,0,0,0,0,0,5,0,0,0,0,0,0,0,0,0,0
2026-04-30T17:55:00+02:00,2026-04-30T18:00:00+02:00,0,2,0,0,0,0,0,0,0,0,0,0,5,0,0,0,0,0,0,0,0,0,0
2026-04-30T18:00:00+02:00,2026-04-30T18:05:00+02:00,0,0,0,0,0,0,0,0,0,0,0,0,4,0,0,0,0,0,0,0,0,0,0
2026-04-30T18:05:00+02:00,2026-04-30T18:10:00+02:00,0,3,0,0,0,0,0,0,0,0,0,0,5,0,0,0,0,0,0,0,0,0,0
2026-04-30T18:10:00+02:00,2026-04-30T18:15:00+02:00,0,0,0,0,0,0,0,0,0,0,0,0,3,0,0,0,0,0,0,0,0,0,0
2026-04-30T18:15:00+02:00,2026-04-30T18:20:00+02:00,1,2,0,0,0,0,0,0,0,0,0,0,10,0,0,0,0,0,0,0,0,0,0
2026-04-30T18:20:00+02:00,2026-04-30T18:25:00+02:00,0,2,0,0,0,0,0,0,0,0,0,0,7,0,0,0,0,0,0,0,0,0,0
2026-04-30T18:25:00+02:00,2026-04-30T18:30:00+02:00,0,2,0,0,0,0,0,0,0,0,0,0,8,0,0,0,0,0,0,0,0,0,0
2026-04-30T18:30:00+02:00,2026-04-30T18:35:00+02:00,0,1,0,0,0,0,0,0,0,0,0,0,4,0,0,0,0,0,0,0,0,0,0
2026-04-30T18:35:00+02:00,2026-04-30T18:40:00+02:00,0,3,0,0,0,0,0,0,0,0,0,0,2,0,0,0,0,0,0,0,0,0,0
2026-04-30T18:40:00+02:00,2026-04-30T18:45:00+02:00,0,0,0,0,0,0,0,0,0,0,0,0,3,0,0,0,0,0,0,0,0,0,0
2026-04-30T18:45:00+02:00,2026-04-30T18:50:00+02:00,0,1,0,0,0,0,0,0,0,0,0,0,0,0,0,0,0,0,0,0,0,0,0
2026-04-30T18:50:00+02:00,2026-04-30T18:55:00+02:00,0,0,0,0,0,0,0,0,0,0,0,0,2,0,0,0,0,0,0,0,0,0,0
2026-04-30T18:55:00+02:00,2026-04-30T19:00:00+02:00,0,2,0,0,0,0,0,0,0,0,0,0,0,0,0,0,0,0,0,0,0,0,0
2026-04-30T19:00:00+02:00,2026-04-30T19:05:00+02:00,0,0,0,0,0,0,0,0,0,0,0,0,1,0,0,0,0,0,0,0,0,0,0
2026-04-30T19:05:00+02:00,2026-04-30T19:10:00+02:00,0,0,0,0,0,0,0,0,0,0,0,0,2,0,0,0,0,0,0,0,0,0,0
2026-04-30T19:10:00+02:00,2026-04-30T19:15:00+02:00,0,1,0,0,0,0,0,0,0,0,0,0,8,0,0,0,0,0,0,0,0,0,0
2026-04-30T19:15:00+02:00,2026-04-30T19:20:00+02:00,0,1,0,0,0,0,0,0,0,0,0,0,3,0,0,0,0,0,0,0,0,0,0
2026-04-30T19:20:00+02:00,2026-04-30T19:25:00+02:00,0,2,0,0,0,0,0,0,0,0,0,0,3,0,0,0,0,0,0,0,0,0,0
2026-04-30T19:25:00+02:00,2026-04-30T19:30:00+02:00,0,0,0,0,0,0,0,0,0,0,0,0,1,0,0,0,0,0,0,0,0,0,0
2026-04-30T19:30:00+02:00,2026-04-30T19:35:00+02:00,0,0,0,0,0,0,0,0,0,0,0,0,0,0,0,0,0,0,0,0,0,0,0
2026-04-30T19:35:00+02:00,2026-04-30T19:40:00+02:00,0,0,0,0,0,0,0,0,0,0,0,0,7,0,0,0,0,0,0,0,0,0,0
2026-04-30T19:40:00+02:00,2026-04-30T19:45:00+02:00,0,0,0,0,0,0,0,0,0,0,0,0,1,0,0,0,0,0,0,0,0,0,0
2026-04-30T19:45:00+02:00,2026-04-30T19:50:00+02:00,0,1,0,0,0,0,0,0,0,0,0,0,0,0,0,0,0,0,0,0,0,0,0
2026-04-30T19:50:00+02:00,2026-04-30T19:55:00+02:00,0,1,0,0,0,0,0,0,0,0,0,0,1,0,0,0,0,0,0,0,0,0,0
2026-04-30T19:55:00+02:00,2026-04-30T20:00:00+02:00,0,1,0,0,0,0,0,0,0,0,0,0,0,0,0,0,0,0,0,0,0,0,0
2026-04-30T20:00:00+02:00,2026-04-30T20:05:00+02:00,0,0,0,0,0,0,0,0,0,0,0,0,3,0,0,0,0,0,0,0,0,0,0
2026-04-30T20:05:00+02:00,2026-04-30T20:10:00+02:00,1,1,0,0,0,0,0,0,0,0,0,0,2,0,0,0,0,0,0,0,0,0,0
2026-04-30T20:10:00+02:00,2026-04-30T20:15:00+02:00,0,0,0,0,0,0,0,0,0,0,0,0,0,0,0,0,0,0,0,0,0,0,0
2026-04-30T20:15:00+02:00,2026-04-30T20:20:00+02:00,0,0,0,0,0,0,0,0,0,0,0,0,2,0,0,0,0,0,0,0,0,0,0
2026-04-30T20:20:00+02:00,2026-04-30T20:25:00+02:00,0,1,0,0,0,0,0,0,0,0,0,0,1,0,0,0,0,0,0,0,0,0,0
2026-04-30T20:25:00+02:00,2026-04-30T20:30:00+02:00,0,0,0,0,0,0,0,0,0,0,0,0,3,0,0,0,0,0,0,0,0,0,0
2026-04-30T20:30:00+02:00,2026-04-30T20:35:00+02:00,0,1,0,0,0,0,0,0,0,0,0,0,1,0,0,0,0,0,0,0,0,0,0
2026-04-30T20:35:00+02:00,2026-04-30T20:40:00+02:00,0,0,0,0,0,0,0,0,0,0,0,0,0,0,0,0,0,0,0,0,0,0,0
2026-04-30T20:40:00+02:00,2026-04-30T20:45:00+02:00,0,0,0,0,0,0,0,0,0,0,0,0,1,0,0,0,0,0,0,0,0,0,0
2026-04-30T20:45:00+02:00,2026-04-30T20:50:00+02:00,0,0,0,0,0,0,0,0,0,0,0,0,0,0,0,0,0,0,0,0,0,0,0
2026-04-30T20:50:00+02:00,2026-04-30T20:55:00+02:00,0,4,0,0,0,0,0,0,0,0,0,0,6,0,0,0,0,0,0,0,0,0,0
2026-04-30T20:55:00+02:00,2026-04-30T21:00:00+02:00,0,0,0,0,0,0,0,0,0,0,0,0,3,0,0,0,0,0,0,0,0,0,0
2026-04-30T21:00:00+02:00,2026-04-30T21:05:00+02:00,0,2,0,0,0,0,0,0,0,0,0,0,1,0,0,0,0,0,0,0,0,0,0
2026-04-30T21:05:00+02:00,2026-04-30T21:10:00+02:00,0,0,0,0,0,0,0,0,0,0,0,0,3,0,0,0,0,0,0,0,0,0,0
2026-04-30T21:10:00+02:00,2026-04-30T21:15:00+02:00,0,1,0,0,0,0,0,0,0,0,0,0,2,0,0,0,0,0,0,0,0,0,0
2026-04-30T21:15:00+02:00,2026-04-30T21:20:00+02:00,0,0,0,0,0,0,0,0,0,0,0,0,0,0,0,0,0,0,0,0,0,0,0
2026-04-30T21:20:00+02:00,2026-04-30T21:25:00+02:00,0,0,0,0,0,0,0,0,0,0,0,0,3,0,0,0,0,0,0,0,0,0,0
2026-04-30T21:25:00+02:00,2026-04-30T21:30:00+02:00,0,0,0,0,0,0,0,0,0,0,0,0,1,0,0,0,0,0,0,0,0,0,0
2026-04-30T21:30:00+02:00,2026-04-30T21:35:00+02:00,0,0,0,0,0,0,0,0,0,0,0,0,1,0,0,0,0,0,0,0,0,0,0
2026-04-30T21:35:00+02:00,2026-04-30T21:40:00+02:00,0,0,0,0,0,0,0,0,0,0,0,0,0,0,0,0,0,0,0,0,0,0,0
2026-04-30T21:40:00+02:00,2026-04-30T21:45:00+02:00,0,0,0,0,0,0,0,0,0,0,0,0,0,0,0,0,0,0,0,0,0,0,0
2026-04-30T21:45:00+02:00,2026-04-30T21:50:00+02:00,0,0,0,0,0,0,0,0,0,0,0,0,2,0,0,0,0,0,0,0,0,0,0
2026-04-30T21:50:00+02:00,2026-04-30T21:55:00+02:00,0,0,0,0,0,0,0,0,0,0,0,0,1,0,0,0,0,0,0,0,0,0,0
2026-04-30T21:55:00+02:00,2026-04-30T22:00:00+02:00,0,0,0,0,0,0,0,0,0,0,0,0,1,0,0,0,0,0,0,0,0,0,0
2026-04-30T22:00:00+02:00,2026-04-30T22:05:00+02:00,0,0,0,0,0,0,0,0,0,0,0,0,2,0,0,0,0,0,0,0,0,0,0
2026-04-30T22:05:00+02:00,2026-04-30T22:10:00+02:00,0,1,0,0,0,0,0,0,0,0,0,0,6,0,0,0,0,0,0,0,0,0,0
2026-04-30T22:10:00+02:00,2026-04-30T22:15:00+02:00,0,0,0,0,0,0,0,0,0,0,0,0,0,0,0,0,0,0,0,0,0,0,0
2026-04-30T22:15:00+02:00,2026-04-30T22:20:00+02:00,0,0,0,0,0,0,0,0,0,0,0,0,0,0,0,0,0,0,0,0,0,0,0
2026-04-30T22:20:00+02:00,2026-04-30T22:25:00+02:00,0,1,0,0,0,0,0,0,0,0,0,0,0,0,0,0,0,0,0,0,0,0,0
2026-04-30T22:25:00+02:00,2026-04-30T22:30:00+02:00,0,1,0,0,0,0,0,0,0,0,0,0,0,0,0,0,0,0,0,0,0,0,0
2026-04-30T22:30:00+02:00,2026-04-30T22:35:00+02:00,0,0,0,0,0,0,0,0,0,0,0,0,0,0,0,0,0,0,0,0,0,0,0
2026-04-30T22:35:00+02:00,2026-04-30T22:40:00+02:00,0,0,0,0,0,0,0,0,0,0,0,0,0,0,0,0,0,0,0,0,0,0,0
2026-04-30T22:40:00+02:00,2026-04-30T22:45:00+02:00,0,0,0,0,0,0,0,0,0,0,0,0,0,0,0,0,0,0,0,0,0,0,0
2026-04-30T22:45:00+02:00,2026-04-30T22:50:00+02:00,0,0,0,0,0,0,0,0,0,0,0,0,0,0,0,0,0,0,0,0,0,0,0
2026-04-30T22:50:00+02:00,2026-04-30T22:55:00+02:00,0,0,0,0,0,0,0,0,0,0,0,0,0,0,0,0,0,0,0,0,0,0,0
2026-04-30T22:55:00+02:00,2026-04-30T23:00:00+02:00,0,0,0,0,0,0,0,0,0,0,0,0,0,0,0,0,0,0,0,0,0,0,0
2026-04-30T23:00:00+02:00,2026-04-30T23:05:00+02:00,0,0,0,0,0,0,0,0,0,0,0,0,2,0,0,0,0,0,0,0,0,0,0
2026-04-30T23:05:00+02:00,2026-04-30T23:10:00+02:00,0,0,0,0,0,0,0,0,0,0,0,0,0,0,0,0,0,0,0,0,0,0,0
2026-04-30T23:10:00+02:00,2026-04-30T23:15:00+02:00,0,0,0,0,0,0,0,0,0,0,0,0,0,0,0,0,0,0,0,0,0,0,0
2026-04-30T23:15:00+02:00,2026-04-30T23:20:00+02:00,0,0,0,0,0,0,0,0,0,0,0,0,0,0,0,0,0,0,0,0,0,0,0
2026-04-30T23:20:00+02:00,2026-04-30T23:25:00+02:00,0,1,0,0,0,0,0,0,0,0,0,0,0,0,0,0,0,0,0,0,0,0,0
2026-04-30T23:25:00+02:00,2026-04-30T23:30:00+02:00,0,0,0,0,0,0,0,0,0,0,0,0,0,0,0,0,0,0,0,0,0,0,0
2026-04-30T23:30:00+02:00,2026-04-30T23:35:00+02:00,0,0,0,0,0,0,0,0,0,0,0,0,1,0,0,0,0,0,0,0,0,0,0
2026-04-30T23:35:00+02:00,2026-04-30T23:40:00+02:00,0,0,0,0,0,0,0,0,0,0,0,0,0,0,0,0,0,0,0,0,0,0,0
2026-04-30T23:40:00+02:00,2026-04-30T23:45:00+02:00,0,0,0,0,0,0,0,0,0,0,0,0,0,0,0,0,0,0,0,0,0,0,0
2026-04-30T23:45:00+02:00,2026-04-30T23:50:00+02:00,0,0,0,0,0,0,0,0,0,0,0,0,3,0,0,0,0,0,0,0,0,0,0
2026-04-30T23:50:00+02:00,2026-04-30T23:55:00+02:00,0,0,0,0,0,0,0,0,0,0,0,0,1,0,0,0,0,0,0,0,0,0,0
2026-04-30T23:55:00+02:00,2026-05-01T00:00:00+02:00,0,0,0,0,0,0,0,0,0,0,0,0,0,0,0,0,0,0,0,0,0,0,0
2026-05-01T00:00:00+02:00,2026-05-01T00:05:00+02:00,0,0,0,0,0,0,0,0,0,0,0,0,1,0,0,0,0,0,0,0,0,0,0
2026-05-01T00:05:00+02:00,2026-05-01T00:10:00+02:00,0,0,0,0,0,0,0,0,0,0,0,0,0,0,0,0,0,0,0,0,0,0,0
2026-05-01T00:10:00+02:00,2026-05-01T00:15:00+02:00,0,0,0,0,0,0,0,0,0,0,0,0,1,0,0,0,0,0,0,0,0,0,0
2026-05-01T00:15:00+02:00,2026-05-01T00:20:00+02:00,0,0,0,0,0,0,0,0,0,0,0,0,0,0,0,0,0,0,0,0,0,0,0
2026-05-01T00:20:00+02:00,2026-05-01T00:25:00+02:00,0,0,0,0,0,0,0,0,0,0,0,0,0,0,0,0,0,0,0,0,0,0,0
2026-05-01T00:25:00+02:00,2026-05-01T00:30:00+02:00,0,0,0,0,0,0,0,0,0,0,0,0,0,0,0,0,0,0,0,0,0,0,0
2026-05-01T00:30:00+02:00,2026-05-01T00:35:00+02:00,0,0,0,0,0,0,0,0,0,0,0,0,2,0,1,0,0,0,0,0,0,0,0
2026-05-01T00:35:00+02:00,2026-05-01T00:40:00+02:00,0,0,0,0,0,0,0,0,0,0,0,0,1,0,0,0,0,0,0,0,0,0,0
2026-05-01T00:40:00+02:00,2026-05-01T00:45:00+02:00,0,0,0,0,0,0,0,0,0,0,0,0,0,0,0,0,0,0,0,0,0,0,0
2026-05-01T00:45:00+02:00,2026-05-01T00:50:00+02:00,0,0,0,0,0,0,0,0,0,0,0,0,0,0,0,0,0,0,0,0,0,0,0
2026-05-01T00:50:00+02:00,2026-05-01T00:55:00+02:00,0,0,0,0,0,0,0,0,0,0,0,0,0,0,0,0,0,0,0,0,0,0,0
2026-05-01T00:55:00+02:00,2026-05-01T01:00:00+02:00,0,0,0,0,0,0,0,0,0,0,0,0,0,0,0,0,0,0,0,0,0,0,0
